# Blender 4.5.2 LTS
# www.blender.org
mtllib Female_T-Shirt_merged.mtl
o Female_T-Shirt
v 0.015928 0.957602 -0.080879
v 0.114490 0.967535 -0.050096
v 0.150629 0.972027 -0.030198
v 0.188765 1.364630 -0.067486
v -0.084823 0.960662 -0.061669
v -0.158250 1.254530 0.021169
v -0.163634 1.394610 -0.094924
v -0.183377 1.362340 -0.066087
v 0.153147 1.218640 -0.015511
v 0.176410 1.333290 -0.040329
v 0.188628 1.352960 -0.027791
v 0.180202 1.339230 -0.025124
v 0.183399 1.347930 -0.042865
v 0.017866 1.489050 -0.101422
v 0.101833 1.505600 -0.062614
v -0.161171 1.256240 -0.013308
v -0.049819 1.491700 -0.084162
v -0.088259 1.503470 -0.061311
v -0.175191 1.337060 -0.045827
v -0.174229 1.334710 -0.021891
v -0.179994 1.347300 -0.038277
v -0.178432 1.349710 -0.056419
v -0.164689 1.351810 -0.079428
v -0.168140 1.336030 -0.065958
v -0.175674 1.353180 -0.070772
v 0.163325 1.276170 -0.028404
v 0.162641 1.239960 -0.010017
v 0.172742 1.316990 -0.024165
v 0.186418 1.356350 -0.054895
v 0.177340 1.344960 -0.056901
v 0.169679 1.328480 -0.056664
v 0.177031 1.354880 -0.069831
v 0.165355 1.351840 -0.078961
v 0.147368 1.330510 -0.083683
v 0.168711 1.366770 -0.084873
v 0.154526 1.343150 -0.084054
v 0.132824 1.344950 -0.098880
v 0.144849 1.347510 -0.092220
v 0.139824 1.369200 -0.101647
v 0.016120 1.506290 -0.096287
v -0.010025 1.484310 -0.084231
v -0.159689 1.261360 0.004196
v -0.151286 1.217880 -0.005543
v -0.065748 1.506370 -0.073837
v -0.043781 1.505110 -0.074505
v -0.073944 1.506460 -0.051101
v 0.166410 1.255230 -0.006647
v 0.157259 1.252370 -0.028084
v 0.160203 1.250170 -0.016523
v 0.162312 1.264320 -0.020186
v 0.166439 1.200860 -0.003447
v 0.166924 1.297800 -0.036955
v 0.159821 1.325210 -0.071888
v 0.165540 1.381700 -0.092634
v 0.179508 1.367460 -0.077199
v 0.009558 1.499030 -0.079677
v -0.008747 1.500350 -0.076916
v 0.080991 1.498020 -0.077160
v -0.157051 1.241640 0.006379
v -0.154378 1.222720 0.011515
v -0.028405 1.496940 -0.086700
v -0.074812 1.502420 -0.064204
v -0.078245 1.498010 -0.079090
v -0.085717 1.486560 -0.085603
v -0.079893 1.466480 -0.104393
v -0.098573 1.491250 -0.072026
v -0.085844 1.474470 -0.093607
v -0.104532 1.458610 -0.101384
v -0.096600 1.466270 -0.093288
v -0.118682 1.479190 -0.092234
v -0.091729 1.509420 -0.041205
v -0.172098 1.323910 -0.040571
v -0.162935 1.304410 -0.055798
v -0.169520 1.311490 -0.045738
v -0.168232 1.323280 -0.056474
v -0.164991 1.288790 -0.035261
v -0.149272 1.318130 -0.077551
v -0.160965 1.323870 -0.070094
v -0.158116 1.337160 -0.078893
v -0.140666 1.352770 -0.096887
v -0.152087 1.348340 -0.087686
v -0.157745 1.366960 -0.090506
v -0.137173 1.331640 -0.090820
v 0.140087 1.207770 -0.044005
v 0.160535 1.210600 -0.009289
v 0.148157 1.190110 -0.014225
v 0.148907 1.204550 -0.015704
v 0.142662 1.213570 -0.028101
v 0.170883 1.315310 -0.043226
v 0.160190 1.336250 -0.076313
v 0.138491 1.298690 -0.077155
v 0.145175 1.398680 -0.104897
v 0.024025 1.500250 -0.104160
v 0.013457 1.494820 -0.090973
v 0.008357 1.472820 -0.088948
v 0.058662 1.495470 -0.075797
v 0.086732 1.497080 -0.063535
v 0.098830 1.494050 -0.077272
v -0.162125 1.267860 -0.006539
v -0.164998 1.280100 -0.019294
v -0.164780 1.299090 -0.006891
v -0.159132 1.249720 -0.002862
v -0.148327 1.197150 0.008054
v -0.033680 1.509370 -0.080564
v -0.037648 1.485650 -0.091399
v -0.055442 1.471420 -0.093049
v -0.020187 1.504580 -0.076764
v -0.010853 1.464660 -0.094918
v -0.032304 1.465560 -0.099541
v -0.080331 1.514590 -0.032636
v -0.085515 1.508840 -0.051029
v -0.097154 1.499820 -0.050778
v 0.147702 1.236570 -0.053982
v 0.162595 1.310340 -0.060254
v 0.146731 1.314390 -0.077715
v 0.158545 1.393630 -0.099021
v 0.151204 1.380100 -0.098677
v 0.157158 1.369720 -0.092534
v 0.136675 1.384580 -0.104956
v 0.136776 1.422520 -0.113507
v 0.153436 1.422870 -0.110621
v 0.144526 1.411760 -0.109405
v 0.048987 1.490650 -0.083183
v 0.069379 1.479880 -0.088997
v 0.062222 1.468930 -0.093369
v -0.156379 1.261230 -0.039172
v -0.155299 1.208510 0.014897
v -0.148832 1.209610 0.003844
v -0.147235 1.195240 -0.016247
v -0.115938 1.502650 -0.064235
v -0.109746 1.516980 -0.035868
v -0.115990 1.494920 -0.049213
v -0.110821 1.502070 -0.035851
v -0.111547 1.488150 -0.065458
v 0.151668 1.240310 -0.038626
v 0.165739 1.303520 -0.049046
v 0.158831 1.278880 -0.052780
v 0.156970 1.293750 -0.060647
v 0.120593 1.315590 -0.095084
v 0.110904 1.368230 -0.111894
v 0.132463 1.396520 -0.108113
v 0.119440 1.384330 -0.110398
v 0.111092 1.490640 -0.064986
v -0.162429 1.273980 -0.033052
v -0.154705 1.278410 -0.055267
v -0.162557 1.261110 -0.026427
v -0.159233 1.243570 -0.034429
v -0.122456 1.463260 -0.087508
v -0.126468 1.486910 -0.066815
v 0.146997 1.225760 -0.035864
v 0.155175 1.259130 -0.046798
v 0.142185 1.275900 -0.070266
v 0.146992 1.289300 -0.069610
v 0.134957 1.319480 -0.087433
v 0.153053 1.435410 -0.109261
v 0.152787 1.447070 -0.102769
v 0.142840 1.467380 -0.107670
v 0.125898 1.371160 -0.108047
v 0.120818 1.345950 -0.106654
v 0.122765 1.331220 -0.099938
v 0.110854 1.354160 -0.111221
v 0.097405 1.360100 -0.115073
v 0.097256 1.347020 -0.113357
v 0.082414 1.326540 -0.109009
v 0.094745 1.333860 -0.110077
v 0.106565 1.323970 -0.103554
v 0.095011 1.380580 -0.115400
v 0.083440 1.364530 -0.116615
v 0.057517 1.353740 -0.114997
v 0.069111 1.362530 -0.116019
v 0.048329 1.377140 -0.117349
v 0.060972 1.372810 -0.116384
v 0.063896 1.395260 -0.124512
v 0.106810 1.465100 -0.101269
v 0.124258 1.507230 -0.046400
v -0.143808 1.212950 -0.043887
v -0.160534 1.245950 -0.021919
v -0.118070 1.465900 -0.101527
v -0.114250 1.438180 -0.106324
v -0.123074 1.449440 -0.097379
v 0.127603 1.304950 -0.086340
v 0.119575 1.280470 -0.081112
v 0.104822 1.295890 -0.091554
v 0.103320 1.309870 -0.097490
v 0.092036 1.317050 -0.103485
v 0.091626 1.299720 -0.095686
v 0.075140 1.311250 -0.103610
v 0.087594 1.273860 -0.087500
v 0.085701 1.286980 -0.091805
v 0.061838 1.274740 -0.089774
v 0.072330 1.283750 -0.092319
v 0.052011 1.295120 -0.097750
v 0.135928 1.332960 -0.092142
v 0.107495 1.380080 -0.112904
v 0.102550 1.398730 -0.115503
v 0.113736 1.501460 -0.054967
v 0.106304 1.513620 -0.050754
v 0.127820 1.498430 -0.058051
v 0.109990 1.519070 -0.036417
v 0.142412 1.511580 -0.052665
v 0.141247 1.502860 -0.069725
v -0.155072 1.225830 -0.036376
v -0.134053 1.241290 -0.056812
v -0.106306 1.443980 -0.115805
v -0.095922 1.451840 -0.110682
v -0.107512 1.419190 -0.121545
v -0.077472 1.450320 -0.114309
v 0.065035 1.301260 -0.099773
v 0.052657 1.310640 -0.104162
v 0.113228 1.394220 -0.112670
v 0.105866 1.467810 -0.087448
v 0.122946 1.477930 -0.086431
v -0.154212 1.208030 -0.028550
v -0.138862 1.230600 -0.042940
v -0.146528 1.247630 -0.045721
v -0.061913 1.458870 -0.106401
v -0.067256 1.417520 -0.118684
v 0.067649 1.322210 -0.108137
v 0.067635 1.339520 -0.113203
v 0.137410 1.492060 -0.087152
v -0.112237 1.210450 -0.052892
v -0.148783 1.261990 -0.054238
v -0.076691 1.432970 -0.119710
v 0.072230 1.351030 -0.115082
v 0.080201 1.338170 -0.112479
v 0.038334 1.302010 -0.100917
v -0.126701 1.217350 -0.044644
v -0.129271 1.274810 -0.074437
v -0.060249 1.441940 -0.115411
v -0.087618 1.415380 -0.119787
v 0.029473 1.274990 -0.090561
v 0.030841 1.321130 -0.108840
v -0.119983 1.227220 -0.059392
v -0.125394 1.184600 -0.044640
v -0.142007 1.272210 -0.064469
v -0.035064 1.402200 -0.111193
v -0.018374 1.420380 -0.104979
v -0.057315 1.397030 -0.115230
v 0.001873 1.280960 -0.092501
v 0.014799 1.288650 -0.095636
v -0.005110 1.304630 -0.102436
v 0.007555 1.299320 -0.100192
v 0.010391 1.317790 -0.107745
v 0.043258 1.318120 -0.107358
v 0.041262 1.330590 -0.111511
v 0.019632 1.342100 -0.113011
v 0.052905 1.340030 -0.113347
v 0.037093 1.346920 -0.113853
v -0.129049 1.228320 -0.050574
v -0.130692 1.201050 -0.043703
v -0.145993 1.295020 -0.070528
v -0.128710 1.256730 -0.067029
v 0.022487 1.368220 -0.116575
v -0.114291 1.196550 -0.044026
v -0.145876 1.187420 -0.038291
v -0.147794 1.283690 -0.064873
v -0.157506 1.291760 -0.058321
v -0.137269 1.285380 -0.072891
v -0.128801 1.304230 -0.085279
v -0.123549 1.288240 -0.082993
v 0.025815 1.355090 -0.113765
v 0.003853 1.356080 -0.114101
v 0.037726 1.365600 -0.115241
v -0.086657 1.192690 -0.057584
v -0.143949 1.199510 -0.043162
v -0.098664 1.303990 -0.095694
v 0.045461 1.356450 -0.114761
v -0.100740 1.198770 -0.052156
v -0.098894 1.268650 -0.082093
v -0.113860 1.299340 -0.090487
v -0.089746 1.220100 -0.068477
v -0.099213 1.170830 -0.044282
v -0.113984 1.275330 -0.080821
v -0.117865 1.320270 -0.098540
v -0.092511 1.206200 -0.062605
v -0.064780 1.205550 -0.069430
v -0.078556 1.201730 -0.065720
v -0.062708 1.179710 -0.061111
v -0.073548 1.188990 -0.061755
v -0.079388 1.172050 -0.050979
v -0.110431 1.181620 -0.043113
v -0.119069 1.173030 -0.047945
v -0.138310 1.169070 -0.044594
v -0.095866 1.184670 -0.048901
v -0.100029 1.286550 -0.088299
v -0.111885 1.258240 -0.074518
v -0.109794 1.310600 -0.095827
v -0.095782 1.326990 -0.107147
v -0.098617 1.315580 -0.101455
v -0.074316 1.316170 -0.105831
v -0.086120 1.309130 -0.101016
v -0.065886 1.294410 -0.095932
v -0.085353 1.293960 -0.094048
v -0.073687 1.303870 -0.100685
v -0.049653 1.311880 -0.105014
v -0.122611 1.264440 -0.073567
v -0.088163 1.245230 -0.075570
v -0.116286 1.242760 -0.067228
v -0.084625 1.277710 -0.087843
v -0.098091 1.255430 -0.077504
v -0.082863 1.261680 -0.082446
v -0.102089 1.242900 -0.071422
v -0.092031 1.233340 -0.070806
v -0.107532 1.230320 -0.066542
v -0.067118 1.230960 -0.074109
v -0.059567 1.271480 -0.087966
v -0.070387 1.248170 -0.079646
v -0.073308 1.270220 -0.087059
v -0.072205 1.282810 -0.091936
v -0.036357 1.243920 -0.080574
v -0.053882 1.241450 -0.078762
v -0.056985 1.256510 -0.083152
v -0.040962 1.217790 -0.074466
v -0.034794 1.267670 -0.087209
v -0.052627 1.227140 -0.075014
v -0.039666 1.231110 -0.077161
v -0.054071 1.213650 -0.072439
v -0.014395 1.231670 -0.079078
v -0.039432 1.192780 -0.069590
v -0.026788 1.223030 -0.076611
v -0.051678 1.199970 -0.069967
v -0.026656 1.235640 -0.079085
v -0.017551 1.254950 -0.084137
v -0.004870 1.205860 -0.074513
v -0.028093 1.205760 -0.073375
v -0.051534 1.186380 -0.066370
v -0.013373 1.217420 -0.076489
v -0.032820 1.168610 -0.062872
v 0.011905 1.226540 -0.079344
v -0.039696 1.179810 -0.065975
v 0.000543 1.218450 -0.077368
v -0.017021 1.185440 -0.069291
v -0.050104 1.167310 -0.059111
v 0.020639 1.203250 -0.073777
v -0.047950 1.265640 -0.086184
v -0.044096 1.284240 -0.093081
v -0.040634 1.205460 -0.072231
v -0.026775 1.193420 -0.070786
v -0.016452 1.200620 -0.072989
v -0.005594 1.192620 -0.071457
v 0.007163 1.198740 -0.072963
v 0.001896 1.169630 -0.065088
v 0.006784 1.183800 -0.069011
v -0.005502 1.179740 -0.068074
v -0.015346 1.165680 -0.063471
v 0.030256 1.169240 -0.062906
v 0.016293 1.173200 -0.065344
v 0.022670 1.187770 -0.069199
v 0.014960 1.146900 -0.058629
v 0.011819 1.160180 -0.061905
v -0.004866 1.149400 -0.058612
v -0.064939 1.165970 -0.053660
v -0.052203 1.139800 -0.050290
v -0.055014 1.154420 -0.052961
v -0.039518 1.155720 -0.056385
v -0.076079 1.157450 -0.048480
v -0.066318 1.145580 -0.048629
v -0.091998 1.156000 -0.046082
v -0.069152 1.119480 -0.057168
v -0.095556 1.124230 -0.059224
v -0.101835 1.142240 -0.054810
v -0.022843 1.175060 -0.066097
v 0.050178 1.200420 -0.069647
v 0.038392 1.223280 -0.078117
v 0.041123 1.210070 -0.074097
v 0.064173 1.222990 -0.074634
v 0.054513 1.213070 -0.073067
v 0.074990 1.201230 -0.065697
v 0.203828 0.987478 0.015047
v 0.191171 0.999319 -0.002352
v 0.199708 1.000830 0.009811
v 0.193276 1.020070 0.002916
v -0.135618 1.006910 -0.016853
v -0.192198 1.008770 0.013053
v -0.202579 0.991719 0.029830
v -0.199291 1.004740 0.024877
v -0.195712 1.019040 0.023253
v -0.196672 0.995192 0.014413
v -0.178564 1.031370 0.006246
v -0.183279 0.997240 0.003069
v -0.192180 1.034860 0.021343
v -0.175079 1.013780 0.000955
v -0.178611 0.986210 -0.001539
v -0.168379 0.999226 -0.004549
v -0.151304 1.030250 -0.005823
v -0.165563 1.027120 -0.001047
v -0.162585 1.055250 0.002714
v -0.160326 1.040920 -0.000645
v -0.173102 1.045270 0.005886
v -0.137070 1.053220 -0.006244
v -0.180304 1.066770 0.014584
v -0.147192 1.043730 -0.004705
v -0.127366 1.030730 -0.014349
v -0.144895 1.017330 -0.010783
v -0.139251 0.988058 -0.020202
v 0.168196 1.180660 -0.002496
v -0.088361 1.497860 -0.072269
v -0.168492 1.363780 -0.083132
v -0.162252 1.380470 -0.092134
v -0.140478 1.388080 -0.104119
v -0.148551 1.376850 -0.097828
v -0.129557 1.369170 -0.105933
v -0.147864 1.329960 -0.083146
v -0.144786 1.158550 0.007253
v -0.156850 1.182820 0.015526
v -0.141790 1.178010 0.003060
v -0.159931 1.164590 0.016017
v -0.150220 1.171690 0.010699
v -0.155227 1.152300 0.012091
v -0.142578 1.140240 0.006036
v -0.165984 1.149520 0.019450
v -0.150045 1.107580 0.005554
v -0.133695 1.150680 -0.003253
v -0.150364 1.125000 0.007804
v -0.137312 1.166820 -0.011579
v -0.125008 1.121520 -0.011574
v -0.167541 1.115390 0.015041
v -0.138313 1.166000 0.000410
v -0.144175 1.193380 -0.003900
v -0.135470 1.116680 0.001581
v -0.131041 1.134540 -0.003533
v -0.161884 1.126840 0.013346
v -0.172888 1.126630 0.021725
v -0.134633 1.149320 -0.042403
v -0.121290 1.088230 -0.010455
v -0.128735 1.134860 -0.018662
v -0.121700 1.128730 -0.051437
v -0.129597 1.136900 -0.044002
v -0.123659 1.146900 -0.050668
v -0.125128 1.119760 -0.033295
v -0.134790 1.097490 -0.000354
v -0.112038 1.149520 -0.053745
v -0.113247 1.137030 -0.055442
v -0.100181 1.098540 -0.062735
v -0.118519 1.110920 -0.048257
v -0.101626 1.112260 -0.061561
v -0.083644 1.110950 -0.063093
v -0.116608 1.098490 -0.029363
v -0.120413 1.108180 -0.036208
v -0.114514 1.095760 -0.044935
v -0.120805 1.110880 -0.021604
v -0.110443 1.102610 -0.055183
v -0.106406 1.088850 -0.054685
v -0.124916 1.106370 -0.007714
v -0.087714 1.075830 -0.068310
v -0.107754 1.072630 -0.034969
v -0.096757 1.085280 -0.063810
v -0.112398 1.086060 -0.035116
v -0.084778 1.095350 -0.066713
v -0.100055 1.067320 -0.053817
v -0.112335 1.079130 -0.020782
v -0.067924 1.103610 -0.063760
v -0.118955 1.099000 -0.016801
v -0.111815 1.051640 -0.020289
v -0.124124 1.068090 -0.009261
v -0.108731 1.065230 -0.023085
v -0.099913 1.052710 -0.038384
v -0.053024 1.118690 -0.055672
v -0.028051 1.085470 -0.068090
v -0.039542 1.128410 -0.052816
v -0.042515 1.091460 -0.065986
v -0.010802 1.120430 -0.057829
v -0.023350 1.112530 -0.058847
v -0.067673 1.069130 -0.074347
v -0.024229 1.127190 -0.054460
v -0.003616 1.096410 -0.066986
v -0.030931 1.142030 -0.053978
v -0.011203 1.135630 -0.055280
v -0.017437 1.094280 -0.065601
v -0.010874 1.107180 -0.062068
v 0.006839 1.129070 -0.058592
v -0.008199 1.074500 -0.074175
v -0.024626 1.154890 -0.058452
v 0.022002 1.121650 -0.063856
v 0.027715 1.087830 -0.077782
v 0.019505 1.134310 -0.059900
v 0.037063 1.148500 -0.061080
v 0.030844 1.106300 -0.071850
v 0.010734 1.078120 -0.076949
v 0.018814 1.107790 -0.067901
v -0.046983 1.458810 -0.100131
v -0.031732 1.445880 -0.107556
v 0.144010 1.221430 -0.050614
v 0.137529 1.209430 -0.058382
v 0.129736 1.182870 -0.053692
v 0.131417 1.228770 -0.069543
v 0.131823 1.195780 -0.059585
v 0.140832 1.227400 -0.061016
v 0.111623 1.183090 -0.071794
v 0.122397 1.192060 -0.069238
v 0.101657 1.205720 -0.069520
v 0.113407 1.251080 -0.072379
v 0.149837 1.250520 -0.057864
v 0.140924 1.259180 -0.068319
v 0.125591 1.242700 -0.069774
v 0.108988 1.227090 -0.068726
v 0.128783 1.255190 -0.070671
v 0.159864 1.271920 -0.041269
v 0.130073 1.477310 -0.101936
v 0.118170 1.472430 -0.098388
v 0.126929 1.438530 -0.118717
v 0.081469 1.393220 -0.117975
v 0.070300 1.387240 -0.117860
v 0.042458 1.394700 -0.133278
v 0.046220 1.387530 -0.123802
v 0.009484 1.384280 -0.135039
v 0.019194 1.379200 -0.125444
v 0.007352 1.370060 -0.119938
v -0.021338 1.365430 -0.122611
v -0.006946 1.364750 -0.118573
v -0.020356 1.341440 -0.110963
v -0.009093 1.377100 -0.133253
v -0.043745 1.351940 -0.115312
v -0.030543 1.356590 -0.116791
v -0.044175 1.371550 -0.130771
v 0.082238 1.423780 -0.134012
v 0.092924 1.391940 -0.115870
v 0.090132 1.406160 -0.122479
v 0.109315 1.420700 -0.122224
v 0.102044 1.410350 -0.120465
v 0.093850 1.418530 -0.128513
v 0.097955 1.443920 -0.125865
v 0.106590 1.433390 -0.127332
v 0.113261 1.447980 -0.123216
v 0.102034 1.456300 -0.114912
v -0.005077 1.395130 -0.134648
v 0.032712 1.418710 -0.139649
v 0.086946 1.450400 -0.116072
v 0.095169 1.455750 -0.102061
v -0.026489 1.389490 -0.127290
v 0.033215 1.403960 -0.139474
v 0.052562 1.412600 -0.138737
v 0.019743 1.412620 -0.138189
v 0.017855 1.434830 -0.128833
v 0.073991 1.448370 -0.106538
v -0.015615 1.387870 -0.133533
v -0.024173 1.375210 -0.133197
v 0.056827 1.441930 -0.113562
v 0.074373 1.457790 -0.098071
v -0.039347 1.387820 -0.117536
v -0.022561 1.408060 -0.109647
v -0.006594 1.412750 -0.114634
v -0.036628 1.381700 -0.127932
v 0.004502 1.436280 -0.104956
v -0.004654 1.424930 -0.106961
v 0.008433 1.425800 -0.117637
v 0.118217 1.482300 -0.075680
v -0.111987 1.427250 -0.112765
v -0.102581 1.431420 -0.120733
v -0.139949 1.419460 -0.111012
v -0.127270 1.402880 -0.114165
v -0.143130 1.403710 -0.106692
v -0.151263 1.394490 -0.100315
v -0.076436 1.400000 -0.118321
v 0.021330 1.312480 -0.105696
v 0.019674 1.328460 -0.110989
v 0.000466 1.333880 -0.111986
v 0.030309 1.336020 -0.112475
v -0.138693 1.253900 -0.059094
v -0.150863 1.195140 -0.028403
v -0.136143 1.317390 -0.085806
v -0.141257 1.306330 -0.078068
v -0.121861 1.341600 -0.104687
v -0.137263 1.181420 -0.045789
v -0.103576 1.216410 -0.062872
v -0.030896 1.255590 -0.083879
v -0.016130 1.273300 -0.089449
v -0.062503 1.193240 -0.066542
v -0.057994 1.284110 -0.092745
v -0.050600 1.296680 -0.097698
v -0.027697 1.299440 -0.099786
v -0.039802 1.304250 -0.101482
v -0.030536 1.322300 -0.109215
v 0.032409 1.181040 -0.065944
v 0.062039 1.188130 -0.064202
v 0.085480 1.177390 -0.068982
v 0.059962 1.161830 -0.064352
v 0.076085 1.187100 -0.065472
v 0.089327 1.195750 -0.067393
v 0.071293 1.172420 -0.065515
v 0.087417 1.211300 -0.066918
v 0.082014 1.148390 -0.074477
v 0.074190 1.214780 -0.069588
v 0.098805 1.218340 -0.067935
v 0.085613 1.227100 -0.071002
v 0.073122 1.158540 -0.069392
v 0.059871 1.137480 -0.070921
v 0.099448 1.173070 -0.073218
v 0.063089 1.149890 -0.068135
v 0.117384 1.159800 -0.061808
v 0.102384 1.149460 -0.072139
v 0.112272 1.169370 -0.069974
v 0.122066 1.178220 -0.064501
v 0.124234 1.169780 -0.054172
v 0.128470 1.175860 -0.034452
v 0.118764 1.150880 -0.038579
v 0.056348 1.175170 -0.063046
v 0.044901 1.164280 -0.061484
v 0.181019 0.991249 -0.011893
v 0.167135 1.000040 -0.020109
v 0.170319 0.987286 -0.018722
v 0.158794 0.982668 -0.025525
v 0.140291 0.992289 -0.036718
v 0.151114 1.027920 -0.030232
v 0.172834 1.046740 -0.014123
v 0.150811 0.990842 -0.030287
v 0.142319 1.004280 -0.035769
v 0.129360 1.000500 -0.042781
v 0.116929 1.027210 -0.042271
v 0.117350 1.001250 -0.048251
v 0.100764 1.014270 -0.048239
v 0.160538 1.040260 -0.023540
v 0.155493 1.054630 -0.026184
v 0.139482 1.077910 -0.027717
v 0.144725 1.064140 -0.029332
v 0.117713 1.061330 -0.032206
v 0.158214 1.076970 -0.022845
v 0.126001 1.078970 -0.027631
v 0.135315 1.102160 -0.022676
v 0.197880 1.026270 0.013582
v 0.185501 1.083280 0.003160
v 0.188783 1.069310 0.006004
v -0.100901 0.999785 -0.037290
v -0.159585 0.987244 -0.010833
v -0.186898 1.068450 0.026115
v -0.181503 1.081710 0.019687
v -0.169834 1.095970 0.013342
v -0.183269 1.042970 0.012766
v -0.122908 0.983806 -0.029691
v 0.161090 1.189480 -0.009897
v 0.153228 1.168200 -0.013689
v 0.171099 1.160820 -0.001455
v -0.140883 1.365930 -0.099599
v -0.107117 1.077430 -0.047541
v -0.147402 1.069920 -0.000253
v -0.159067 1.067280 0.003138
v -0.123344 1.053300 -0.011309
v -0.102904 1.063900 -0.042438
v -0.097350 1.055540 -0.050284
v -0.089091 1.059520 -0.064370
v -0.089564 1.033890 -0.047479
v -0.079883 1.065540 -0.071369
v -0.067754 1.045150 -0.076387
v -0.079320 1.051470 -0.070978
v -0.079110 1.030950 -0.065742
v -0.088025 1.044160 -0.059599
v -0.073829 1.083720 -0.070396
v 0.003996 1.140980 -0.057334
v 0.033220 1.135060 -0.062762
v 0.025577 1.156200 -0.060175
v 0.000263 1.084650 -0.071957
v -0.028517 1.431350 -0.105307
v 0.134885 1.193330 -0.043561
v 0.137432 1.434490 -0.115198
v 0.002305 1.376080 -0.128895
v 0.122870 1.424220 -0.117733
v 0.055103 1.400500 -0.133132
v 0.069471 1.411020 -0.134985
v 0.075135 1.401500 -0.124808
v 0.044747 1.455200 -0.117633
v 0.051520 1.457270 -0.107106
v 0.027306 1.452820 -0.127737
v 0.031715 1.472920 -0.119574
v 0.042078 1.467010 -0.116377
v 0.027334 1.484730 -0.112820
v 0.018852 1.467940 -0.104936
v -0.002324 1.405560 -0.125781
v 0.001388 1.461600 -0.091048
v 0.018337 1.455550 -0.114795
v -0.075059 1.479180 -0.096336
v -0.119008 1.412590 -0.119159
v -0.102710 1.398370 -0.113477
v -0.122638 1.386050 -0.109631
v -0.115859 1.397290 -0.112441
v -0.109074 1.386060 -0.112462
v -0.116368 1.373520 -0.110695
v -0.089253 1.384520 -0.116107
v -0.118536 1.357200 -0.109328
v -0.077949 1.362350 -0.123783
v -0.087557 1.371560 -0.120298
v -0.073064 1.380210 -0.116368
v -0.097030 1.351000 -0.115292
v -0.129208 1.352340 -0.103370
v -0.110026 1.346440 -0.111065
v -0.110092 1.332090 -0.106729
v -0.099210 1.338830 -0.110998
v -0.076399 1.342880 -0.113218
v -0.077004 1.411330 -0.119212
v -0.065331 1.405460 -0.118297
v -0.005628 1.319310 -0.108098
v -0.018339 1.310650 -0.105040
v -0.013358 1.329940 -0.111084
v -0.030354 1.311280 -0.105086
v -0.006350 1.345870 -0.111605
v 0.007402 1.344670 -0.112234
v -0.125705 1.330970 -0.097921
v -0.028857 1.281210 -0.092257
v -0.012911 1.289590 -0.095910
v -0.048912 1.332150 -0.110007
v 0.073064 1.249170 -0.082169
v 0.063438 1.094010 -0.078760
v 0.137120 1.181170 -0.022114
v 0.131866 1.169710 -0.024604
v 0.124725 1.160250 -0.030994
v 0.144518 1.158040 -0.015785
v 0.124127 1.146500 -0.026216
v 0.160766 1.152550 -0.013448
v 0.110402 1.125090 -0.036444
v 0.125861 1.128720 -0.022780
v 0.145756 1.121720 -0.019768
v 0.137170 1.129880 -0.019069
v 0.150637 1.135490 -0.017358
v 0.117722 1.105540 -0.025641
v 0.096092 1.098600 -0.046715
v 0.093970 1.072520 -0.037793
v 0.103423 1.111420 -0.040772
v 0.097272 1.115910 -0.063994
v 0.105523 1.122680 -0.050598
v 0.087424 1.097400 -0.065284
v 0.097093 1.086780 -0.038672
v 0.085380 1.080370 -0.054261
v 0.141117 0.979119 -0.035823
v 0.114757 0.982344 -0.050028
v 0.100613 0.980183 -0.056418
v 0.084953 0.977658 -0.062368
v 0.090080 0.993650 -0.057133
v 0.097702 1.002760 -0.052572
v 0.075945 0.989796 -0.061712
v 0.044488 0.986430 -0.070700
v 0.181611 1.046870 -0.006342
v 0.165079 1.085690 -0.017378
v 0.161190 1.110340 -0.017265
v 0.171622 1.110410 -0.008946
v 0.176276 1.123850 -0.001076
v 0.140694 1.090660 -0.024961
v -0.105569 0.980804 -0.040316
v -0.159072 1.092580 0.007070
v -0.117300 1.014090 -0.023085
v -0.113944 0.996251 -0.030102
v 0.172155 1.171600 0.003353
v -0.135707 1.066070 -0.004376
v -0.102142 1.033000 -0.029241
v -0.059152 1.057120 -0.077545
v -0.038934 1.038740 -0.082366
v -0.054508 1.037390 -0.080623
v -0.044135 1.010380 -0.083884
v -0.045597 1.025370 -0.083275
v -0.018464 1.020390 -0.086508
v -0.064847 1.015970 -0.075629
v -0.032763 1.019010 -0.085421
v -0.066557 1.030520 -0.076112
v -0.024324 1.005560 -0.087038
v -0.006678 1.007350 -0.087168
v -0.039206 0.986645 -0.084220
v -0.028563 0.993463 -0.086193
v -0.023905 0.974867 -0.084198
v -0.001799 1.023590 -0.087009
v -0.000767 0.993659 -0.082444
v 0.015237 1.010030 -0.080507
v -0.002505 0.974865 -0.080710
v 0.010120 0.998692 -0.078546
v -0.013410 1.040480 -0.083916
v 0.004333 1.012980 -0.085616
v 0.013568 1.022280 -0.084658
v 0.034269 1.034090 -0.079874
v 0.027650 1.019670 -0.077642
v 0.044747 1.023410 -0.062171
v 0.037200 1.025180 -0.071731
v 0.049145 1.039090 -0.070267
v 0.035845 1.011850 -0.065569
v -0.000134 1.056770 -0.081900
v 0.039334 1.062330 -0.082241
v 0.065470 1.034220 -0.051324
v 0.041561 1.047570 -0.080027
v 0.023691 1.048150 -0.084025
v 0.061005 1.059860 -0.072705
v 0.054029 1.033210 -0.058956
v 0.061180 1.047190 -0.062814
v 0.061032 1.018090 -0.055677
v 0.010093 1.048380 -0.084379
v 0.014277 1.063660 -0.082461
v 0.074903 1.062220 -0.057145
v 0.023750 1.074340 -0.081227
v 0.044817 1.095620 -0.078937
v 0.069337 1.077090 -0.073311
v 0.071486 1.048350 -0.051586
v 0.086090 1.035390 -0.042634
v 0.056212 1.114040 -0.076734
v 0.053006 1.084540 -0.080492
v 0.076411 1.090360 -0.072762
v 0.076171 1.110240 -0.077029
v 0.069982 1.066490 -0.067341
v 0.077907 1.076190 -0.063870
v 0.083388 1.068470 -0.049370
v 0.100414 1.055990 -0.034743
v 0.080316 1.045950 -0.043586
v 0.092193 1.046380 -0.038584
v 0.054946 1.102280 -0.078742
v 0.126228 1.042120 -0.037278
v 0.137808 1.038320 -0.035661
v -0.081107 1.009040 -0.051499
v 0.075023 1.433960 -0.131325
v 0.054316 1.434650 -0.125329
v 0.029977 1.440490 -0.132777
v 0.034863 1.430590 -0.137515
v 0.015265 1.477330 -0.097984
v -0.088938 1.403010 -0.115472
v -0.060558 1.364550 -0.127763
v -0.048478 1.361000 -0.123319
v -0.061006 1.351070 -0.116077
v -0.052595 1.343210 -0.112814
v -0.072627 1.352740 -0.119299
v -0.084874 1.349830 -0.117956
v -0.068200 1.391420 -0.116123
v -0.035713 1.340480 -0.111070
v -0.043025 1.321880 -0.108845
v 0.074131 1.234890 -0.076738
v 0.091210 1.245450 -0.076370
v 0.111630 1.147490 -0.062829
v 0.163608 1.138770 -0.012720
v 0.117369 1.118920 -0.027222
v 0.092361 1.131980 -0.073835
v 0.066276 0.969058 -0.070286
v 0.055000 0.973910 -0.071962
v 0.040990 0.973253 -0.075220
v 0.010914 0.970667 -0.078752
v 0.181556 1.123190 0.009776
v 0.181975 1.111410 0.005251
v -0.089264 0.979199 -0.052913
v -0.128441 1.017800 -0.017064
v -0.103014 1.045980 -0.028092
v -0.095966 1.040190 -0.037843
v -0.113928 1.028800 -0.021076
v -0.055810 0.975659 -0.076689
v -0.015846 0.964296 -0.082758
v -0.036642 0.966942 -0.082428
v -0.012912 0.980388 -0.084362
v -0.027775 1.045450 -0.081695
v 0.042193 0.999489 -0.065825
v -0.012384 1.052980 -0.081366
v 0.002246 1.068720 -0.078325
v 0.088782 1.010780 -0.050582
v 0.052201 1.126030 -0.071919
v 0.066746 1.125260 -0.076281
v 0.073012 1.137660 -0.075123
v 0.080815 1.123780 -0.076735
v 0.087343 1.109500 -0.070195
v -0.082571 1.023070 -0.054225
v -0.074801 1.017100 -0.065034
v -0.073123 1.004800 -0.061096
v -0.079856 0.991557 -0.055781
v -0.072735 0.975237 -0.063840
v -0.091792 0.992859 -0.047074
v -0.060424 1.320070 -0.107737
v 0.051652 1.226470 -0.077869
v 0.057165 1.257040 -0.085791
v 0.030820 1.248840 -0.084052
v 0.045129 1.268630 -0.088368
v 0.045277 1.248320 -0.084046
v 0.037128 1.236770 -0.081645
v 0.025757 1.228550 -0.079855
v 0.027055 1.215250 -0.076670
v 0.017142 1.241030 -0.082253
v 0.000743 1.238340 -0.081156
v 0.014929 1.260650 -0.086242
v 0.043064 1.282770 -0.093169
v 0.032541 1.262290 -0.086846
v -0.010937 1.244040 -0.081836
v -0.001179 1.256990 -0.085043
v 0.004793 1.268730 -0.088495
v 0.086223 1.258730 -0.082748
v 0.072369 1.264260 -0.086503
v 0.104314 1.267250 -0.080992
v 0.097751 1.234600 -0.071097
v 0.103257 1.137070 -0.067337
v 0.103269 1.126490 -0.061646
v 0.026079 0.985148 -0.072803
v -0.092037 0.967795 -0.054883
v -0.044774 0.975972 -0.081915
v -0.051395 0.986693 -0.080755
v -0.045576 0.997715 -0.083410
v -0.059399 0.999065 -0.077411
v -0.064422 0.982357 -0.070287
v -0.090894 1.005660 -0.043584
v 0.016096 1.276310 -0.091000
v 0.114977 1.263430 -0.075637
v 0.101476 1.254610 -0.076809
v -0.004362 1.473320 -0.087974
v -0.155073 1.306900 -0.068911
v -0.074408 1.217880 -0.070742
v -0.079682 1.229590 -0.071973
v -0.105787 1.360720 -0.113746
v -0.080649 1.328790 -0.109991
v 0.107866 1.073220 -0.030600
v -0.031760 1.070790 -0.073526
v -0.020504 1.076220 -0.072116
v 0.057189 0.962022 -0.075091
v 0.185968 0.976308 -0.009137
v 0.190037 1.075170 0.019414
v 0.184124 1.114070 0.017254
v 0.040845 1.517990 -0.087146
v -0.168826 1.312630 -0.031133
v -0.182755 1.352230 -0.024002
v 0.165625 1.221150 -0.002909
v 0.169147 1.341150 -0.069323
v 0.155276 1.356590 -0.088268
v 0.042601 1.484580 -0.093007
v 0.089601 1.501410 -0.050042
v -0.167860 1.317690 -0.012579
v 0.167274 1.279750 -0.011062
v 0.167245 1.241600 0.001684
v 0.150957 1.234840 -0.023788
v 0.160159 1.227880 -0.010978
v 0.172289 1.319620 -0.011814
v 0.169866 1.305430 -0.014959
v 0.034326 1.507530 -0.101504
v 0.040158 1.500330 -0.084209
v 0.095687 1.516250 -0.040839
v -0.161676 1.280290 -0.001504
v -0.059398 1.514360 -0.064566
v -0.055096 1.498540 -0.073952
v -0.071128 1.487870 -0.088909
v -0.096082 1.475800 -0.083197
v -0.170591 1.323350 -0.025133
v 0.166942 1.268030 -0.005779
v 0.135836 1.195540 -0.028844
v 0.168191 1.292900 -0.010699
v 0.167532 1.295490 -0.023804
v 0.038038 1.492400 -0.106673
v 0.007016 1.485390 -0.082626
v 0.075230 1.506000 -0.064966
v -0.157979 1.233170 -0.020149
v -0.155328 1.235720 -0.006648
v -0.040126 1.499010 -0.084151
v -0.017787 1.493350 -0.081475
v -0.022828 1.483670 -0.091333
v -0.108073 1.502700 -0.036597
v 0.156699 1.406900 -0.104666
v 0.121431 1.402970 -0.111403
v 0.054747 1.503650 -0.068539
v 0.055202 1.479350 -0.088510
v 0.061766 1.456790 -0.099547
v 0.085534 1.462230 -0.093537
v 0.045440 1.468100 -0.104525
v 0.127680 1.489430 -0.070335
v -0.167026 1.306630 -0.018492
v -0.166681 1.300010 -0.029797
v -0.098647 1.503340 -0.027907
v -0.113109 1.509400 -0.049704
v -0.111134 1.495450 -0.052365
v -0.119676 1.492060 -0.078714
v 0.144245 1.443850 -0.111774
v 0.086589 1.483930 -0.086316
v -0.110612 1.479220 -0.078250
v -0.119007 1.477200 -0.075689
v 0.150840 1.302960 -0.069912
v 0.129269 1.357900 -0.103601
v 0.107552 1.340210 -0.110091
v 0.084561 1.350210 -0.114552
v 0.074355 1.375760 -0.115975
v 0.080070 1.473710 -0.091649
v 0.092359 1.471860 -0.086688
v -0.108475 1.470750 -0.094931
v 0.127028 1.292280 -0.081578
v 0.115591 1.303880 -0.091280
v 0.076964 1.296170 -0.096349
v 0.106495 1.477750 -0.077046
v -0.114801 1.452420 -0.108309
v -0.093134 1.440180 -0.118216
v -0.130519 1.442190 -0.111825
v 0.053896 1.326540 -0.109517
v 0.123862 1.517490 -0.036779
v 0.149671 1.505670 -0.060243
v -0.085699 1.457130 -0.108757
v -0.124010 1.424090 -0.115863
v 0.021921 1.301260 -0.100325
v -0.156087 1.220910 -0.025284
v -0.064490 1.429910 -0.117019
v -0.042082 1.427620 -0.110150
v -0.053868 1.420510 -0.114057
v -0.042461 1.413780 -0.109709
v -0.089023 1.428220 -0.120680
v 0.029772 1.289590 -0.095448
v -0.120851 1.160140 -0.050804
v -0.081300 1.143400 -0.047985
v -0.071707 1.132520 -0.051066
v -0.085172 1.131760 -0.054348
v -0.106311 1.158940 -0.048659
v 0.034773 1.197760 -0.070574
v 0.044617 1.182450 -0.064314
v 0.172949 1.079840 -0.010471
v 0.149137 1.511630 -0.034419
v 0.137189 1.515620 -0.040424
v -0.187247 1.022050 0.012343
v -0.158534 1.013990 -0.005599
v -0.149585 1.002330 -0.011582
v -0.156758 1.195790 0.017335
v -0.158960 1.139490 0.013304
v -0.133268 1.150050 -0.019991
v -0.141167 1.182050 -0.011228
v -0.145911 1.182560 -0.024857
v -0.139795 1.163720 -0.028431
v -0.131245 1.140700 -0.031430
v -0.109728 1.123120 -0.057797
v -0.058109 1.089720 -0.067192
v -0.038178 1.112090 -0.057484
v -0.051626 1.103530 -0.061299
v -0.029976 1.099700 -0.062193
v -0.046378 1.064260 -0.075225
v -0.048512 1.078390 -0.070354
v 0.007372 1.111140 -0.063391
v 0.039358 1.123700 -0.067737
v 0.013933 1.096140 -0.070290
v -0.042307 1.473420 -0.094820
v -0.021599 1.471800 -0.096384
v -0.165855 1.292970 -0.018190
v 0.126771 1.205390 -0.068217
v 0.140334 1.242420 -0.066144
v 0.151651 1.266050 -0.059163
v 0.126906 1.267580 -0.072885
v 0.146974 1.465040 -0.095389
v 0.146627 1.480270 -0.097649
v 0.148441 1.487180 -0.086551
v 0.149602 1.498110 -0.078221
v 0.122459 1.459900 -0.116231
v 0.130840 1.467560 -0.110159
v 0.136565 1.455330 -0.113612
v 0.041029 1.438170 -0.124621
v 0.057683 1.385760 -0.118724
v 0.033164 1.379330 -0.120290
v 0.025509 1.391630 -0.135654
v -0.017103 1.354930 -0.114481
v 0.009673 1.412200 -0.127780
v 0.012334 1.400180 -0.138341
v 0.093191 1.431850 -0.130845
v 0.073586 1.443070 -0.122250
v -0.014563 1.399450 -0.122504
v -0.025536 1.396700 -0.116969
v -0.015511 1.438760 -0.099299
v -0.125967 1.462030 -0.102115
v -0.150300 1.208750 -0.015972
v -0.067380 1.470150 -0.099774
v 0.101986 1.192090 -0.070203
v 0.087568 1.162830 -0.072794
v 0.050248 1.145050 -0.064271
v 0.192524 0.985868 -0.002206
v 0.176395 1.014360 -0.012580
v 0.181917 1.003590 -0.009579
v 0.162085 1.016750 -0.022496
v 0.152224 1.003230 -0.028960
v 0.135693 1.013840 -0.038557
v 0.170780 1.029900 -0.015872
v 0.146746 1.015990 -0.032584
v 0.139485 1.026010 -0.035600
v 0.141917 1.049630 -0.032075
v 0.127687 0.984563 -0.043071
v 0.121901 1.013240 -0.044237
v 0.106600 0.994215 -0.052152
v 0.184562 1.035800 -0.003819
v 0.149649 1.040380 -0.029593
v 0.130853 1.066580 -0.030141
v 0.115256 1.086990 -0.026668
v 0.193219 1.039040 0.007650
v 0.185101 1.056410 -0.000193
v 0.198670 1.012990 0.011318
v 0.178233 1.101580 -0.001777
v 0.179696 1.068660 -0.005027
v 0.167547 1.064420 -0.016335
v 0.177848 1.089380 -0.004121
v 0.163065 1.097700 -0.017157
v 0.184568 1.095260 0.006358
v -0.187494 1.052150 0.020179
v -0.161425 1.079240 0.006606
v -0.172439 1.076510 0.012159
v -0.178881 1.054630 0.011839
v 0.169253 1.191360 0.002556
v -0.177039 1.106340 0.022076
v -0.133370 1.080690 -0.002361
v -0.147738 1.087860 0.003041
v -0.059175 1.129280 -0.051429
v -0.015888 0.992217 -0.086150
v -0.045724 1.442110 -0.111450
v -0.021015 1.454930 -0.101031
v 0.120364 1.218280 -0.069482
v 0.063136 1.430160 -0.134639
v 0.081212 1.411630 -0.129623
v 0.040537 1.479630 -0.111113
v -0.056327 1.378560 -0.118226
v -0.001853 1.449200 -0.094776
v 0.011598 1.454980 -0.100240
v -0.100851 1.373280 -0.115226
v 0.132261 1.157810 -0.020765
v 0.141294 1.170940 -0.016328
v 0.122015 1.162820 -0.043404
v 0.137782 1.142000 -0.017486
v 0.115413 1.138130 -0.033746
v 0.109343 1.136630 -0.055619
v 0.172925 1.139410 -0.002256
v 0.132368 1.116120 -0.020559
v 0.165896 1.121600 -0.012888
v 0.105260 1.097870 -0.033346
v 0.098514 1.109920 -0.052656
v 0.064611 0.980667 -0.067205
v 0.076604 1.011300 -0.051683
v 0.055240 1.002860 -0.061756
v 0.063717 0.993350 -0.063866
v 0.183754 1.022790 -0.005629
v 0.192013 1.051550 0.008919
v 0.176554 1.057510 -0.009309
v 0.153271 1.089600 -0.022424
v 0.150310 1.104590 -0.021048
v -0.161410 1.104940 0.010397
v -0.127618 0.996065 -0.022906
v 0.164675 1.169330 -0.008159
v -0.149813 1.056630 -0.001138
v -0.046400 1.050610 -0.079260
v -0.023956 1.057400 -0.078059
v 0.010848 1.034940 -0.085362
v 0.011214 0.986624 -0.074959
v 0.028040 0.999279 -0.067636
v -0.001675 1.036060 -0.085058
v 0.026615 1.060570 -0.082805
v 0.039027 1.077880 -0.081104
v 0.052210 1.070690 -0.078879
v 0.083937 1.057720 -0.042091
v 0.108279 1.041230 -0.037813
v 0.043852 1.108140 -0.074468
v 0.102115 1.028160 -0.042478
v 0.128586 1.030110 -0.039212
v 0.117003 1.049440 -0.035011
v 0.127874 1.054960 -0.033233
v 0.046606 1.428160 -0.136978
v -0.099391 1.409990 -0.118136
v -0.065107 1.332790 -0.110024
v 0.055606 1.239240 -0.080756
v 0.174848 1.150340 0.003718
v 0.089234 1.092080 -0.054588
v 0.025069 0.970601 -0.076830
v -0.093169 1.017550 -0.037781
v -0.118498 1.040850 -0.015629
v -0.025711 1.032690 -0.083711
v 0.076151 1.025350 -0.047240
v 0.089646 1.022160 -0.045604
v -0.068003 0.993795 -0.066197
v -0.104547 1.012490 -0.030224
v -0.056726 0.963597 -0.076650
v 0.101663 1.281340 -0.086444
v -0.059264 1.482280 -0.085843
v 0.069704 1.492100 -0.082659
v 0.013595 1.441150 -0.115846
v -0.005115 0.955870 -0.081386
v 0.036838 0.960040 -0.079979
v 0.076784 0.963412 -0.067497
v 0.095832 0.965255 -0.059075
v 0.132676 0.969808 -0.040323
v 0.168470 0.973943 -0.019850
v 0.199889 0.978056 0.005848
v 0.153168 1.434540 -0.097002
v 0.150095 1.494040 -0.060904
v 0.156100 1.501390 -0.042066
v 0.138415 1.507150 -0.025037
v 0.072127 1.508450 -0.050236
v 0.024902 1.521620 -0.092912
v 0.000977 1.513520 -0.070408
v -0.131994 1.474900 -0.096124
v -0.141951 1.432990 -0.099553
v -0.174675 1.374880 -0.085490
v -0.164043 1.195360 0.028089
v -0.202167 0.982703 0.019327
v -0.188855 0.980383 0.003648
v -0.171343 0.976914 -0.006769
v -0.153649 0.973352 -0.016866
v -0.136103 0.969930 -0.027277
v -0.118861 0.966517 -0.038254
v -0.101833 0.963308 -0.049723
v -0.067292 0.958103 -0.072866
v -0.047283 0.956281 -0.079943
v -0.026271 0.955941 -0.082450
v -0.077058 1.503520 -0.013940
v -0.107589 1.510360 0.002951
v 0.137973 1.501010 0.000091
v -0.093279 1.512930 -0.017207
v 0.134837 1.494080 0.015807
v 0.121578 1.476560 0.023757
v -0.074484 1.449560 0.069667
v -0.089487 1.451050 0.059027
v 0.124372 1.466680 0.050126
v -0.038559 1.413610 0.094099
v -0.109996 1.472260 0.045363
v -0.134791 1.461640 0.035895
v -0.123703 1.408090 0.074951
v -0.148008 1.425090 0.054207
v -0.056538 1.394660 0.103999
v -0.134835 1.410800 0.067756
v -0.113122 1.391420 0.090621
v -0.144684 1.391380 0.071719
v -0.161000 1.397200 0.056626
v -0.196249 0.991633 0.048801
v -0.168982 0.995887 0.069105
v -0.145910 0.996642 0.083609
v -0.171709 1.026240 0.064999
v -0.184286 1.055540 0.047385
v -0.143054 1.108960 0.078783
v -0.166800 1.085930 0.060921
v -0.155157 1.102490 0.068609
v -0.120013 1.082880 0.103171
v -0.105687 1.081800 0.117859
v -0.148138 1.133020 0.072051
v -0.136071 1.167750 0.082553
v -0.163124 1.162460 0.050116
v -0.152213 1.189490 0.059138
v -0.081735 1.087200 0.136461
v -0.094697 1.088810 0.127183
v -0.136257 1.181970 0.081333
v -0.120356 1.060190 0.103273
v -0.090165 1.071260 0.131567
v -0.116624 1.233660 0.103800
v -0.084297 1.026360 0.137615
v -0.125919 1.221480 0.092325
v -0.120349 0.998851 0.105489
v -0.133981 1.004430 0.092402
v -0.073285 0.981767 0.146399
v -0.035787 1.027990 0.155135
v -0.183801 1.357310 -0.000924
v -0.174176 1.347540 0.009498
v -0.166320 1.333710 0.017059
v -0.165915 1.360730 0.047047
v -0.170567 1.356230 0.033611
v -0.175699 1.368680 0.036288
v -0.152254 1.348790 0.068859
v -0.159143 1.316870 0.025322
v -0.148036 1.335380 0.074010
v -0.134813 1.289960 0.080051
v -0.141026 1.300780 0.072793
v -0.141429 1.330390 0.088528
v -0.148191 1.295080 0.050024
v -0.140797 1.259360 0.067181
v -0.129695 1.267220 0.086840
v 0.168259 1.344080 0.031354
v 0.179347 1.354460 0.015022
v 0.166124 1.367160 0.050512
v 0.147628 1.347120 0.075884
v 0.163621 1.345260 0.044226
v 0.154568 1.346840 0.063518
v 0.144112 1.312480 0.075966
v 0.144938 1.292150 0.062568
v 0.149160 1.278900 0.050598
v 0.137104 1.281770 0.077070
v 0.160481 1.293180 0.022702
v 0.130580 1.301680 0.098995
v 0.153785 1.281490 0.039739
v 0.130560 1.273090 0.086010
v 0.074333 1.301930 0.138012
v 0.114099 1.227160 0.106685
v 0.039246 1.345470 0.127616
v 0.076686 1.273770 0.131508
v 0.083658 1.251630 0.129446
v 0.094419 1.280170 0.124311
v -0.026678 1.332070 0.132694
v -0.020105 1.406190 0.099042
v -0.039667 1.310600 0.137844
v -0.171650 1.146710 0.037680
v -0.116496 1.128410 0.105956
v -0.112887 1.142560 0.109247
v -0.106696 1.131590 0.115476
v -0.092106 1.138040 0.127138
v -0.135947 1.154540 0.083611
v -0.153117 1.246730 0.040198
v -0.159385 1.225490 0.032553
v -0.105462 1.110630 0.117214
v -0.120549 1.246270 0.098672
v -0.104049 1.250970 0.118128
v -0.115278 1.267970 0.105307
v -0.082944 1.230350 0.129440
v -0.086689 1.216290 0.127623
v -0.068105 1.254120 0.136789
v -0.093531 1.255660 0.124093
v -0.069072 1.277780 0.134710
v -0.095694 1.291870 0.127402
v -0.073012 1.291610 0.135127
v -0.086580 1.303040 0.134375
v -0.053809 1.248070 0.138937
v -0.107437 1.344880 0.118949
v -0.070951 1.333020 0.130694
v -0.117779 1.314670 0.119109
v -0.007400 1.245350 0.141535
v -0.128899 1.311910 0.106676
v -0.032389 1.285180 0.139579
v -0.042985 1.276250 0.138969
v -0.060198 1.291490 0.137850
v -0.013988 1.130230 0.150541
v -0.059941 1.176380 0.141233
v -0.038145 1.156620 0.147780
v -0.061452 1.094820 0.145376
v -0.044636 1.097710 0.149800
v 0.044959 1.075690 0.145972
v -0.023947 1.089270 0.152386
v 0.082262 1.109320 0.128919
v 0.088633 1.089850 0.124854
v 0.040858 1.032280 0.147547
v 0.075083 1.037660 0.133097
v 0.062955 1.153870 0.138674
v 0.099931 1.182850 0.117128
v 0.076872 1.049650 0.132228
v 0.110764 1.020350 0.104505
v 0.081193 1.223500 0.129376
v 0.107125 1.101120 0.109651
v 0.118615 1.089110 0.096723
v 0.087366 1.011550 0.124838
v 0.103384 0.986407 0.111120
v 0.119377 1.218130 0.100541
v 0.102356 1.203310 0.115857
v 0.057806 1.007180 0.141503
v 0.092975 1.022960 0.120896
v 0.121666 1.201290 0.096169
v 0.132061 1.183660 0.080270
v 0.125463 1.171830 0.089955
v -0.135031 1.251420 0.077875
v -0.145108 1.268640 0.058591
v -0.152721 1.262450 0.036301
v -0.098867 1.192910 0.120160
v -0.152130 1.291520 0.037642
v 0.117472 1.278000 0.104955
v 0.104268 1.291030 0.123100
v -0.082632 1.368400 0.115461
v -0.106323 1.383320 0.098983
v 0.017812 1.191530 0.147266
v 0.114517 1.157420 0.103109
v 0.049598 0.980543 0.144752
v 0.096259 1.082740 0.119175
v 0.065670 1.251910 0.136939
v 0.051513 1.282480 0.138148
v -0.124954 1.282910 0.095135
v -0.130754 1.293490 0.091367
v 0.063068 1.487540 0.033400
v 0.156829 1.506660 -0.021510
v 0.153370 1.506300 -0.001216
v 0.183120 1.348290 -0.011708
v 0.169540 1.212550 0.012518
v 0.171923 1.192640 0.013566
v 0.174737 1.172800 0.014384
v 0.127333 0.968005 0.088114
v 0.080096 0.964991 0.128429
v 0.062095 0.964595 0.138618
v 0.023186 0.964984 0.152500
v -0.134116 1.491660 -0.013943
v -0.170680 1.156170 0.030168
v -0.156009 0.975434 0.078304
v -0.126370 1.501230 -0.020632
v -0.118024 1.499500 0.002193
v -0.115295 1.510810 -0.010883
v -0.094834 1.511250 -0.005653
v -0.083493 1.502730 -0.000455
v -0.098670 1.504790 0.021063
v -0.093301 1.509090 0.008419
v -0.081377 1.505630 0.019371
v 0.091919 1.513420 -0.014527
v 0.098918 1.493700 -0.003384
v 0.105063 1.504140 -0.014232
v 0.145402 1.507110 -0.012913
v 0.126886 1.498290 -0.011612
v -0.084249 1.481670 0.035012
v 0.113261 1.494120 -0.007331
v 0.111967 1.479900 0.015748
v 0.125093 1.492710 0.002350
v 0.108627 1.486880 0.004023
v 0.090383 1.485880 0.013825
v -0.088706 1.496870 0.030771
v 0.124790 1.484820 0.013511
v 0.126329 1.470250 0.034057
v 0.132425 1.482930 0.026698
v 0.102743 1.473050 0.037946
v 0.138363 1.479480 0.042652
v 0.140964 1.493260 0.027201
v -0.113455 1.484470 0.036777
v -0.074382 1.493960 0.036029
v -0.066769 1.477850 0.040640
v 0.126741 1.453540 0.059763
v -0.099126 1.485730 0.031849
v -0.109775 1.496470 0.027642
v -0.100075 1.460690 0.046703
v -0.111318 1.502460 0.014554
v -0.115705 1.480740 0.016354
v -0.095432 1.472620 0.038870
v -0.079457 1.463280 0.048623
v -0.054419 1.481090 0.045351
v -0.062455 1.467480 0.055635
v -0.052955 1.478130 0.059304
v -0.049825 1.455510 0.072211
v -0.055627 1.467110 0.067516
v -0.037049 1.467480 0.064527
v -0.062996 1.456370 0.071191
v -0.059501 1.434370 0.080955
v 0.139965 1.462980 0.051094
v -0.078033 1.472750 0.040850
v -0.071993 1.458050 0.059016
v -0.041448 1.478440 0.062633
v -0.018734 1.441670 0.077420
v -0.025839 1.473280 0.059989
v -0.022510 1.457000 0.067916
v -0.014522 1.467130 0.062852
v -0.003087 1.452210 0.069183
v 0.141454 1.444330 0.053722
v 0.150635 1.460500 0.047811
v -0.121347 1.436760 0.059627
v -0.036116 1.454910 0.070188
v -0.043045 1.440770 0.078094
v 0.113909 1.462640 0.039346
v 0.090945 1.455250 0.053963
v 0.099831 1.459540 0.042878
v 0.079463 1.471140 0.038868
v 0.108751 1.449050 0.056213
v 0.152785 1.439540 0.049161
v 0.140374 1.421310 0.058804
v 0.151541 1.426520 0.051687
v 0.154828 1.407930 0.058003
v -0.106949 1.447060 0.056468
v -0.094592 1.422930 0.076975
v -0.030955 1.444990 0.075925
v -0.030553 1.428570 0.085343
v 0.127154 1.434670 0.061822
v -0.125803 1.462070 0.045667
v -0.087776 1.437580 0.069923
v -0.105413 1.432830 0.066648
v 0.138437 1.433090 0.056825
v 0.117640 1.444300 0.066182
v 0.092563 1.437260 0.072851
v 0.103930 1.443970 0.068297
v 0.109680 1.422500 0.071507
v -0.113424 1.458710 0.051484
v -0.124988 1.449660 0.053391
v -0.137294 1.450970 0.043578
v -0.137084 1.437880 0.053500
v -0.125001 1.473790 0.033973
v -0.076859 1.427700 0.080358
v 0.125223 1.419320 0.066520
v -0.070744 1.438660 0.075840
v -0.080250 1.399360 0.097410
v -0.061919 1.415310 0.091576
v -0.111019 1.418580 0.073418
v -0.132097 1.421620 0.062393
v 0.114241 1.396970 0.085886
v 0.137067 1.404740 0.069851
v -0.083609 1.413320 0.087356
v -0.066014 1.424940 0.085596
v -0.050569 1.424370 0.086963
v -0.119927 1.425340 0.065545
v 0.116259 1.409760 0.076690
v 0.087823 1.410160 0.087893
v 0.102766 1.406420 0.084854
v 0.091154 1.386850 0.102035
v 0.100638 1.394870 0.093259
v 0.115466 1.374110 0.099525
v 0.111347 1.385890 0.094361
v 0.133856 1.383690 0.082483
v -0.100417 1.408840 0.084127
v -0.072953 1.408790 0.093492
v -0.144891 1.404490 0.065238
v -0.133565 1.397850 0.076113
v -0.148984 1.379180 0.070899
v -0.129670 1.375800 0.089868
v -0.179094 1.009290 0.060834
v -0.184588 0.994693 0.058921
v -0.190909 1.006630 0.050906
v -0.185737 1.024300 0.052427
v -0.163618 0.984500 0.072727
v -0.157054 0.996080 0.075750
v -0.151290 1.020480 0.077640
v -0.162641 1.010730 0.071264
v -0.191231 1.030350 0.043520
v -0.179501 1.045600 0.054851
v -0.178910 1.033400 0.057639
v -0.167484 1.042230 0.065603
v -0.159526 1.031310 0.071713
v -0.139336 1.043910 0.085035
v -0.153205 1.047660 0.074581
v -0.147884 1.034160 0.079265
v -0.130700 1.020850 0.093697
v -0.137466 1.030640 0.087215
v -0.121204 1.042450 0.102125
v -0.140158 1.076590 0.082662
v -0.167216 1.072540 0.062025
v -0.143302 1.059940 0.080926
v -0.170729 1.057110 0.061213
v -0.158348 1.061890 0.069755
v -0.180047 1.068050 0.049432
v -0.153745 1.078930 0.071518
v -0.129085 1.057750 0.093637
v -0.175010 1.088640 0.050683
v -0.174472 1.077320 0.054107
v -0.165416 1.110410 0.057434
v -0.144889 1.092090 0.077562
v -0.122817 1.096760 0.099160
v -0.133919 1.098780 0.087518
v -0.152987 1.122590 0.067645
v -0.164065 1.098290 0.060763
v -0.172387 1.101340 0.051410
v -0.173497 1.115180 0.045995
v -0.164560 1.128610 0.054768
v -0.157202 1.090240 0.067551
v -0.129678 1.084060 0.092183
v -0.125484 1.126420 0.095583
v -0.149556 1.156300 0.067244
v -0.172600 1.129200 0.043092
v -0.166108 1.148070 0.048273
v -0.131386 1.070740 0.090981
v -0.114199 1.070580 0.108748
v -0.132277 1.114230 0.088656
v -0.139213 1.132780 0.080497
v -0.154525 1.139730 0.063965
v -0.103859 1.098480 0.118301
v -0.113417 1.093810 0.109144
v -0.113225 1.115220 0.108934
v -0.143978 1.121990 0.076264
v -0.142785 1.146340 0.075782
v -0.128183 1.147850 0.091919
v -0.157823 1.151230 0.058140
v -0.157344 1.175440 0.054184
v -0.163885 1.173800 0.042330
v -0.159670 1.191430 0.045473
v -0.095851 1.054060 0.127067
v -0.159842 1.205450 0.038864
v -0.154264 1.226100 0.043812
v -0.147253 1.208240 0.061939
v -0.154390 1.202910 0.051291
v -0.146240 1.174970 0.068933
v -0.163817 1.185630 0.035667
v -0.103435 1.066000 0.119612
v -0.152716 1.167020 0.061937
v -0.133491 1.195900 0.083026
v -0.112138 1.053740 0.111343
v -0.142601 1.190100 0.071570
v -0.119474 1.176780 0.100710
v -0.126805 1.186180 0.091939
v -0.111690 1.201880 0.108367
v -0.123393 1.203100 0.095424
v -0.117922 1.190880 0.101912
v -0.100740 1.180330 0.118408
v -0.108592 1.189000 0.111529
v -0.092238 1.203260 0.123789
v -0.104351 1.027220 0.119975
v -0.085014 1.116300 0.132262
v -0.133845 1.222770 0.080348
v -0.111123 1.038660 0.112743
v -0.119049 1.025890 0.104891
v -0.100948 1.041100 0.122796
v -0.088858 1.041060 0.133192
v -0.092859 1.104080 0.127325
v -0.099850 1.120780 0.121266
v -0.116970 1.216840 0.102669
v -0.130924 1.209770 0.085395
v -0.139191 1.211020 0.073631
v -0.128365 1.242900 0.087540
v -0.143651 1.227580 0.064030
v -0.094448 1.029330 0.129045
v -0.097222 1.004400 0.127554
v -0.091596 1.016180 0.131879
v -0.078029 0.997670 0.142450
v -0.080071 1.012320 0.140429
v -0.055346 1.009810 0.151805
v -0.066579 1.025610 0.146847
v -0.068422 1.007250 0.146829
v -0.061747 0.987970 0.150919
v -0.081786 1.056770 0.137385
v -0.103438 1.217410 0.116431
v -0.122650 1.012430 0.101841
v -0.110001 1.010640 0.114801
v -0.074740 1.039480 0.142031
v -0.140816 1.014900 0.085555
v -0.135037 0.988686 0.091805
v -0.107745 0.992150 0.117780
v -0.101597 1.015290 0.122963
v -0.047109 1.049150 0.151473
v -0.117041 0.984600 0.108754
v -0.095750 0.986910 0.129585
v -0.060080 1.040240 0.148427
v -0.103818 0.981335 0.122147
v -0.084767 0.980727 0.138724
v -0.088926 0.997048 0.134883
v -0.050068 1.026460 0.152286
v -0.063509 1.060550 0.146155
v -0.023747 1.008580 0.156431
v -0.039525 1.013800 0.155100
v -0.043503 0.994228 0.155787
v -0.023494 1.035960 0.155125
v -0.035881 1.041690 0.153947
v -0.028249 1.065810 0.153286
v -0.024015 1.051180 0.154330
v -0.036047 1.055550 0.152996
v -0.047329 1.072440 0.150096
v 0.003126 1.044370 0.153519
v -0.006418 1.064190 0.153354
v -0.011375 1.043950 0.154476
v -0.005652 1.022040 0.155396
v -0.168272 1.346220 0.025906
v -0.177483 1.358620 0.018308
v -0.156711 1.337390 0.051816
v -0.162580 1.349140 0.045444
v -0.167953 1.378910 0.051675
v -0.159835 1.331320 0.035749
v -0.146015 1.306330 0.059574
v -0.152448 1.321620 0.051357
v -0.152085 1.308780 0.041730
v -0.143307 1.322130 0.080540
v -0.155514 1.300600 0.027383
v -0.149666 1.326990 0.064761
v -0.144501 1.313920 0.070569
v -0.134992 1.333540 0.099710
v -0.142849 1.343280 0.084579
v -0.144589 1.281650 0.058320
v -0.135511 1.304870 0.092143
v -0.137567 1.317210 0.094988
v -0.118424 1.303770 0.114453
v -0.130819 1.354600 0.097003
v -0.145948 1.361200 0.076866
v -0.143021 1.293400 0.062623
v -0.139891 1.282820 0.070638
v -0.151567 1.278420 0.037755
v -0.156394 1.370210 0.063978
v -0.139241 1.352700 0.087438
v -0.137050 1.364790 0.086186
v -0.155560 1.286480 0.025413
v 0.117546 1.004050 0.096131
v 0.163080 1.009190 0.056385
v 0.200173 0.988045 0.034081
v 0.192051 1.006910 0.039573
v 0.188773 0.991824 0.045184
v 0.178098 1.004650 0.049319
v 0.180438 1.032310 0.043667
v 0.167236 0.990078 0.056631
v 0.173075 1.019650 0.049834
v 0.185228 1.018980 0.042615
v 0.156450 1.042570 0.056468
v 0.191831 1.029700 0.034286
v 0.158814 1.025680 0.056832
v 0.189450 1.045930 0.033040
v 0.194335 1.017600 0.033832
v 0.167896 1.035530 0.050555
v 0.176296 1.049180 0.043726
v 0.134736 1.031160 0.076101
v 0.184078 1.064130 0.034860
v 0.144581 1.012770 0.068235
v 0.146388 1.032650 0.064745
v 0.158058 1.076050 0.052232
v 0.153934 1.015450 0.061072
v 0.152548 0.999952 0.063706
v 0.134213 0.992662 0.079471
v 0.141934 1.000210 0.071714
v 0.130121 1.012610 0.082083
v 0.144934 0.984780 0.071078
v 0.137896 1.060720 0.071426
v 0.170335 1.065590 0.045537
v 0.155947 0.986851 0.063423
v 0.139098 1.045150 0.070655
v 0.120955 1.050550 0.092301
v 0.129441 1.043850 0.081986
v 0.119022 1.028060 0.094439
v 0.177148 1.086140 0.037106
v 0.157340 1.059300 0.054270
v 0.146915 1.054030 0.062576
v 0.147766 1.068930 0.060610
v 0.143145 1.096020 0.063949
v 0.148005 1.083270 0.059436
v 0.160924 1.098740 0.047633
v 0.134478 1.080750 0.074708
v 0.177333 1.073740 0.039121
v 0.184145 1.078650 0.029787
v 0.168046 1.080850 0.045030
v 0.165254 1.049910 0.050341
v 0.188497 1.357800 -0.005077
v -0.123538 1.489500 -0.005240
v -0.122785 1.501260 -0.008929
v 0.086659 1.498150 -0.003482
v 0.117165 1.504100 -0.016217
v 0.079548 1.490910 0.012637
v 0.083930 1.488770 0.024965
v 0.097867 1.482200 0.026724
v 0.087690 1.481020 0.035333
v -0.125294 1.488310 0.014498
v -0.117747 1.485870 0.005109
v 0.012760 1.462490 0.063473
v 0.058701 1.458100 0.068130
v 0.064228 1.474680 0.042366
v 0.057101 1.472390 0.057972
v 0.072364 1.461610 0.053992
v 0.039483 1.462920 0.063014
v 0.166305 1.396480 0.052341
v 0.150187 1.389500 0.067482
v 0.170603 1.382470 0.047999
v 0.158183 1.376540 0.062199
v 0.176511 1.372720 0.037385
v 0.169489 1.357150 0.038745
v 0.179769 1.364380 0.024931
v 0.156533 1.338140 0.055664
v 0.154602 1.360560 0.064590
v 0.161560 1.354450 0.051765
v 0.159273 1.327480 0.041237
v 0.143387 1.368670 0.078283
v 0.147937 1.330220 0.073168
v 0.151185 1.319880 0.058959
v 0.131763 1.328040 0.105943
v 0.154204 1.293390 0.038692
v 0.140462 1.333630 0.089269
v 0.135516 1.298190 0.085296
v 0.153950 1.309980 0.044934
v 0.135512 1.351730 0.092402
v 0.161843 1.310060 0.021697
v 0.134499 1.339590 0.098514
v 0.116438 1.350640 0.110143
v 0.123912 1.339150 0.109397
v 0.100724 1.333140 0.125158
v 0.116478 1.323750 0.119129
v 0.137877 1.314810 0.094438
v 0.149999 1.297710 0.050685
v 0.147209 1.306200 0.061217
v 0.141252 1.299900 0.072692
v 0.157345 1.305260 0.033553
v 0.160421 1.318790 0.031509
v 0.168152 1.328200 0.013587
v 0.165033 1.331850 0.027815
v 0.171999 1.341600 0.016438
v 0.178791 1.347550 0.003160
v 0.090627 1.300670 0.132060
v 0.124886 1.309900 0.109783
v 0.156532 1.273750 0.031425
v 0.164060 1.301450 0.011602
v 0.100752 1.315760 0.127914
v 0.111881 1.284960 0.113298
v 0.124832 1.281330 0.095073
v 0.120290 1.296350 0.108654
v 0.110912 1.303920 0.120869
v 0.151765 1.268400 0.042964
v 0.158305 1.250910 0.029949
v 0.141886 1.258610 0.063917
v 0.067138 1.323880 0.133277
v 0.131754 1.286730 0.086405
v 0.137242 1.267440 0.074360
v 0.117383 1.257780 0.102018
v 0.143166 1.272730 0.062289
v 0.130919 1.242230 0.083099
v 0.135765 1.253440 0.075725
v 0.127332 1.256730 0.089165
v 0.142594 1.232730 0.062037
v 0.140390 1.245320 0.066232
v 0.149774 1.246030 0.047982
v 0.083226 1.315540 0.133368
v 0.121591 1.243010 0.096599
v 0.082614 1.331490 0.128686
v 0.058238 1.294860 0.137642
v 0.125189 1.213510 0.090927
v 0.086507 1.359210 0.118512
v 0.101850 1.237610 0.118812
v 0.125929 1.229220 0.090476
v 0.134848 1.220550 0.075384
v 0.089730 1.344800 0.123498
v 0.104932 1.345840 0.119265
v 0.058569 1.349810 0.125706
v 0.103636 1.360920 0.112610
v 0.073702 1.343580 0.126537
v 0.059753 1.310360 0.137852
v 0.035033 1.329140 0.132817
v 0.050556 1.322790 0.134732
v 0.056783 1.335800 0.130384
v 0.030900 1.303420 0.138257
v 0.046303 1.303200 0.138430
v 0.037407 1.315830 0.136787
v 0.037367 1.280640 0.138952
v 0.009356 1.320250 0.135613
v 0.022848 1.314540 0.136839
v 0.006014 1.297220 0.138565
v 0.111811 1.244510 0.108822
v 0.101531 1.263360 0.118946
v 0.104015 1.250570 0.117537
v 0.113295 1.336100 0.118495
v 0.091421 1.372690 0.110513
v 0.036482 1.375180 0.114158
v 0.011320 1.343150 0.127842
v 0.079250 1.288970 0.132184
v 0.043229 1.360530 0.121358
v 0.064109 1.374170 0.114634
v 0.026206 1.339750 0.129128
v 0.022574 1.356700 0.122732
v 0.016186 1.331100 0.132327
v -0.003796 1.333670 0.131514
v 0.050514 1.370310 0.116605
v 0.063049 1.361900 0.120917
v 0.049723 1.386050 0.108563
v 0.078097 1.369680 0.115099
v 0.079886 1.380870 0.108225
v 0.071622 1.399330 0.099267
v -0.014411 1.367990 0.117776
v -0.017668 1.313000 0.136925
v 0.017447 1.400930 0.101173
v -0.008917 1.350950 0.124831
v -0.006182 1.320940 0.135277
v -0.003654 1.307790 0.137406
v -0.018035 1.287910 0.138956
v 0.031142 1.389880 0.106647
v 0.005898 1.356270 0.122768
v 0.011680 1.375130 0.114198
v 0.045262 1.408480 0.096130
v 0.023518 1.380840 0.111256
v 0.008283 1.389150 0.106947
v 0.032648 1.402170 0.100206
v 0.020968 1.423310 0.088698
v 0.023127 1.411610 0.095292
v 0.035352 1.418580 0.090859
v -0.003347 1.415310 0.093216
v 0.060614 1.427260 0.084909
v 0.036909 1.441640 0.078331
v 0.049740 1.419720 0.089613
v 0.032160 1.430260 0.084317
v 0.061005 1.409990 0.094609
v 0.046854 1.432020 0.082786
v 0.014600 1.442690 0.077882
v 0.059207 1.442350 0.075992
v -0.006097 1.380690 0.111382
v 0.000362 1.402030 0.100880
v 0.075286 1.434240 0.077206
v 0.047224 1.449630 0.071758
v -0.032732 1.384460 0.109591
v 0.075790 1.420780 0.085315
v 0.090617 1.422750 0.078601
v 0.079993 1.448950 0.067358
v -0.019993 1.378670 0.112460
v -0.016840 1.392100 0.105447
v -0.035193 1.368420 0.117491
v 0.092578 1.448450 0.064848
v 0.067960 1.449920 0.071015
v -0.024079 1.357750 0.122023
v -0.051641 1.348680 0.125660
v -0.022570 1.344380 0.127349
v -0.039818 1.356520 0.122511
v -0.037518 1.341960 0.128277
v -0.064180 1.371070 0.116377
v -0.055989 1.326080 0.133372
v -0.054385 1.361060 0.120624
v -0.079599 1.352730 0.122802
v -0.041888 1.330240 0.132740
v -0.049241 1.378860 0.112627
v 0.160616 1.417590 0.050715
v -0.149032 1.441220 0.047248
v -0.126541 1.475460 0.020827
v -0.051387 1.406230 0.097133
v -0.040053 1.396640 0.103004
v -0.156184 1.412780 0.054896
v -0.146266 0.983087 0.083800
v -0.129905 1.045110 0.093372
v -0.127429 1.032940 0.096269
v -0.181381 1.088400 0.040491
v -0.122739 1.111190 0.098950
v -0.130884 1.135840 0.089334
v -0.122470 1.138530 0.098554
v -0.115431 1.156880 0.105710
v -0.097351 1.156400 0.121887
v -0.127508 1.162010 0.092175
v -0.122871 1.071540 0.099624
v -0.123826 1.233460 0.093915
v -0.111740 1.245060 0.108912
v -0.106318 1.232150 0.114670
v -0.094898 1.227350 0.122076
v -0.091800 1.242690 0.124377
v -0.068844 1.197380 0.136001
v -0.079987 1.204090 0.130567
v -0.087787 1.266780 0.126709
v -0.078483 1.244680 0.131272
v -0.085539 1.185900 0.128453
v -0.065648 1.218900 0.136800
v -0.103148 1.269730 0.118040
v -0.079430 1.257510 0.131208
v -0.063364 1.236610 0.137036
v -0.113393 1.285570 0.111737
v -0.071868 1.228980 0.133979
v -0.033811 1.222430 0.143112
v -0.094771 1.278840 0.123413
v -0.082495 1.283430 0.129630
v -0.069406 1.304360 0.139009
v -0.047167 1.287870 0.138265
v -0.038892 1.251220 0.139533
v -0.050514 1.225340 0.140472
v -0.083428 1.326010 0.130194
v -0.104920 1.308570 0.126402
v -0.043398 1.237680 0.140528
v -0.051016 1.267770 0.137853
v -0.024788 1.238500 0.141435
v -0.051396 1.205160 0.142359
v -0.080419 1.313610 0.134415
v -0.065929 1.316780 0.135499
v -0.096289 1.318850 0.129007
v -0.054033 1.305980 0.138122
v -0.118355 1.326980 0.117911
v -0.098481 1.332660 0.125676
v -0.085400 1.340150 0.125618
v -0.058417 1.338480 0.129464
v -0.000348 1.213800 0.144535
v -0.016072 1.262300 0.139749
v -0.129568 1.323000 0.110185
v -0.015972 1.222780 0.143379
v -0.025175 1.252230 0.140153
v -0.033148 1.268440 0.139220
v -0.125854 1.299180 0.103220
v -0.023931 1.194260 0.146612
v -0.001545 1.230010 0.142681
v 0.012604 1.265430 0.139651
v -0.021455 1.274990 0.139287
v -0.003206 1.274460 0.139357
v -0.029005 1.298970 0.138033
v -0.054988 1.279450 0.137344
v -0.014613 1.206990 0.145268
v -0.029528 1.208150 0.145482
v 0.004884 1.185000 0.146921
v -0.039204 1.196270 0.145961
v -0.001741 1.198710 0.145955
v -0.054637 1.186880 0.141937
v -0.010631 1.186030 0.146917
v 0.025920 1.203560 0.146693
v -0.034656 1.169610 0.147192
v 0.011395 1.205010 0.145801
v -0.023764 1.179470 0.147284
v 0.020390 1.225170 0.143336
v -0.011742 1.154990 0.148683
v -0.003815 1.170200 0.147801
v -0.021180 1.165550 0.148081
v -0.034934 1.143530 0.148313
v -0.024968 1.152580 0.148442
v -0.001099 1.258890 0.139993
v 0.012821 1.243930 0.141060
v 0.011695 1.281750 0.139175
v -0.070315 1.178840 0.136308
v -0.041696 1.182100 0.145777
v -0.054642 1.166020 0.143076
v 0.008374 1.222390 0.143601
v 0.026719 1.162040 0.147440
v 0.024198 1.274140 0.139486
v 0.030117 1.254590 0.139595
v 0.024885 1.288620 0.138781
v -0.083864 1.166920 0.130207
v -0.067818 1.164990 0.138197
v -0.060045 1.140460 0.142713
v -0.060722 1.153990 0.141696
v -0.077792 1.148840 0.134380
v -0.048274 1.148080 0.145684
v -0.046513 1.131140 0.147109
v 0.012598 1.170440 0.147614
v -0.064560 1.117900 0.142345
v -0.030416 1.127370 0.149490
v 0.004665 1.156010 0.148508
v 0.029430 1.182870 0.146827
v -0.058082 1.128290 0.144053
v -0.073064 1.131450 0.137690
v -0.049118 1.114660 0.147437
v -0.017148 1.099480 0.151582
v -0.002608 1.141600 0.149376
v -0.019877 1.115300 0.150696
v 0.011932 1.115530 0.150148
v 0.021364 1.138350 0.148626
v -0.058787 1.107100 0.145068
v -0.074398 1.104270 0.138512
v -0.034548 1.113010 0.149922
v 0.001022 1.126530 0.150074
v -0.003912 1.110630 0.151000
v 0.013649 1.128210 0.149543
v 0.035080 1.118630 0.147735
v 0.009935 1.144230 0.148955
v -0.084049 1.098810 0.133696
v -0.051411 1.085640 0.148324
v -0.066644 1.077880 0.143771
v -0.034918 1.083860 0.151560
v -0.030962 1.099600 0.150984
v 0.004702 1.086820 0.151786
v -0.078536 1.073950 0.138299
v 0.007659 1.101340 0.150987
v -0.004416 1.096310 0.151732
v -0.014929 1.080880 0.152697
v 0.031637 1.088600 0.148497
v 0.024292 1.103910 0.149413
v -0.002881 1.076520 0.152616
v 0.017068 1.063920 0.151406
v 0.009993 1.074880 0.151865
v 0.024179 1.076390 0.150158
v 0.042180 1.057200 0.146371
v 0.030625 1.064200 0.149119
v 0.024395 1.043640 0.150700
v -0.017036 1.069290 0.153331
v 0.017969 1.091330 0.150500
v 0.040908 1.102660 0.146477
v 0.073667 1.061320 0.133649
v 0.064470 1.121070 0.137819
v 0.057698 1.064090 0.141055
v 0.050336 1.115450 0.143299
v 0.061501 1.031370 0.139584
v 0.069680 1.091280 0.135756
v 0.048463 1.143760 0.143635
v 0.063814 1.048280 0.138491
v 0.062034 1.105160 0.139024
v 0.059234 1.080050 0.140233
v 0.044974 1.129310 0.144854
v 0.035349 1.139610 0.146872
v 0.038332 1.153680 0.146132
v 0.059828 1.167230 0.139351
v 0.041370 1.170600 0.145417
v 0.051030 1.157250 0.142576
v 0.071718 1.145380 0.134098
v 0.049294 1.042060 0.144110
v 0.088441 1.035150 0.124012
v 0.072645 1.076450 0.134280
v 0.095263 1.070910 0.119089
v 0.083587 1.069810 0.127508
v 0.086508 1.052570 0.125479
v 0.048787 1.090070 0.144170
v 0.054971 1.196750 0.141046
v 0.037111 1.045160 0.147891
v 0.033524 1.021210 0.149151
v 0.050678 1.017020 0.143779
v 0.071488 1.111480 0.134470
v 0.079217 1.126700 0.130155
v 0.104781 1.046970 0.110255
v 0.044498 1.185890 0.144613
v 0.058154 1.182130 0.139930
v 0.040979 1.200790 0.145810
v 0.082369 1.177660 0.127727
v 0.054281 1.224890 0.139261
v 0.035809 1.217230 0.143738
v 0.069889 1.176050 0.134463
v 0.050869 1.210770 0.141608
v 0.072555 1.160820 0.133441
v 0.074115 1.196690 0.132066
v 0.060499 1.140900 0.139193
v 0.095263 1.151100 0.119462
v 0.067671 1.213510 0.134905
v 0.082981 1.152170 0.127511
v 0.088526 1.137820 0.124328
v 0.090010 1.165110 0.123112
v 0.093393 1.120840 0.120921
v 0.111681 1.169510 0.105648
v 0.103611 1.135010 0.112631
v 0.101779 1.163340 0.114549
v 0.106969 1.149720 0.109729
v 0.122577 1.134520 0.091925
v 0.113837 1.138740 0.102861
v 0.113161 1.111670 0.102900
v 0.122086 1.155830 0.093120
v 0.116007 1.125140 0.100035
v 0.128889 1.111290 0.082500
v 0.123847 1.121290 0.089885
v 0.136636 1.132250 0.071772
v 0.036411 0.992540 0.148719
v 0.078306 1.003760 0.130212
v 0.095097 1.045180 0.118861
v 0.101667 1.029100 0.112903
v 0.098935 1.058030 0.115954
v 0.111936 1.062950 0.103299
v 0.035687 1.236250 0.140905
v 0.069261 1.132540 0.135377
v 0.064592 1.202100 0.136590
v 0.090714 1.214630 0.123452
v 0.072274 1.234110 0.132917
v 0.095140 1.104280 0.119641
v 0.039628 1.007360 0.147583
v 0.016807 1.005000 0.153155
v 0.058506 0.994865 0.140707
v 0.079765 1.021150 0.129660
v 0.110915 1.035490 0.103853
v 0.096747 1.006930 0.116880
v 0.112962 1.050670 0.101755
v 0.123927 1.070380 0.088685
v 0.079465 1.209190 0.129375
v 0.089633 1.195910 0.123463
v 0.092576 1.228310 0.123191
v 0.103380 1.219840 0.115653
v 0.113904 1.208250 0.105079
v 0.104055 1.087720 0.111806
v 0.103107 1.114070 0.112817
v 0.066037 1.015310 0.137273
v 0.088485 0.997946 0.123065
v 0.076912 0.984205 0.130793
v 0.123227 1.188110 0.092592
v 0.067715 1.001820 0.136281
v 0.111013 1.191360 0.107070
v 0.131457 1.199510 0.080618
v 0.136834 1.171190 0.071797
v 0.144642 1.192620 0.059546
v 0.137407 1.192050 0.070999
v 0.140597 1.207880 0.065727
v 0.118085 1.177940 0.098448
v 0.155903 1.213060 0.039790
v 0.148852 1.206160 0.052241
v 0.159843 1.185260 0.037467
v 0.148877 1.222440 0.051127
v 0.155804 1.198600 0.041858
v 0.164539 1.197970 0.027555
v 0.156545 1.232180 0.036175
v 0.142683 1.219940 0.062008
v -0.149877 1.219530 0.054874
v -0.136606 1.237680 0.074606
v -0.143798 1.244190 0.060695
v -0.147230 1.258310 0.051232
v -0.148549 1.233950 0.053191
v -0.155806 1.265280 0.024977
v -0.102622 1.204700 0.116695
v -0.071741 1.051660 0.142849
v -0.006914 0.989305 0.156909
v -0.054723 0.997695 0.152781
v -0.049385 0.979965 0.155414
v -0.034047 0.981890 0.157729
v -0.029334 0.995409 0.157208
v -0.051571 1.060700 0.149651
v -0.019811 1.022230 0.155816
v -0.177387 1.382450 0.040779
v -0.159340 1.384140 0.060293
v -0.163605 1.322580 0.012856
v -0.157784 1.359930 0.059608
v 0.118588 0.984229 0.095447
v 0.133993 0.978481 0.081057
v 0.136836 1.019360 0.074691
v 0.126381 1.000680 0.086722
v 0.121610 1.015570 0.091542
v 0.178096 1.103900 0.031373
v 0.174396 1.123270 0.031361
v 0.171248 1.097220 0.040083
v 0.168738 1.112020 0.039623
v 0.156294 1.134900 0.048429
v 0.164519 1.125600 0.041384
v 0.169629 1.143770 0.032004
v 0.151833 1.115730 0.053998
v -0.000860 1.464870 0.060841
v 0.083010 1.462390 0.047367
v 0.045079 1.471340 0.055954
v 0.031884 1.473630 0.062272
v 0.026231 1.461790 0.070135
v 0.016196 1.454000 0.072162
v 0.027719 1.450200 0.075482
v 0.147148 1.400180 0.065616
v 0.138667 1.393720 0.074777
v 0.126913 1.398680 0.078878
v 0.143624 1.380350 0.075387
v 0.130465 1.368540 0.091835
v 0.120693 1.362260 0.102178
v 0.143392 1.356440 0.080846
v 0.163217 1.283630 0.013145
v 0.166414 1.316220 0.010067
v 0.173626 1.336320 0.004294
v 0.161888 1.263840 0.019462
v 0.163939 1.243170 0.019343
v 0.153147 1.255960 0.040438
v 0.147660 1.259250 0.051978
v 0.135987 1.233950 0.073756
v 0.088335 1.265950 0.126142
v 0.103841 1.275760 0.117676
v 0.111279 1.267730 0.109425
v 0.121644 1.269060 0.097311
v 0.074698 1.355060 0.122919
v 0.086381 1.398780 0.095923
v 0.065480 1.388270 0.106641
v 0.055662 1.398610 0.101242
v 0.000626 1.367860 0.117874
v 0.024781 1.368470 0.117561
v -0.012681 1.428000 0.085767
v -0.022169 1.418320 0.091509
v 0.004633 1.428030 0.085871
v 0.101128 1.416680 0.078693
v -0.031089 1.320120 0.135275
v -0.032491 1.404660 0.098826
v -0.109728 1.170350 0.110786
v -0.101366 1.143690 0.118916
v -0.091000 1.125900 0.127788
v -0.156703 1.245410 0.028832
v -0.108162 1.294230 0.120139
v -0.063586 1.265930 0.136640
v -0.062531 1.207280 0.138345
v -0.122219 1.342350 0.109315
v -0.116585 1.357040 0.107256
v -0.098191 1.360320 0.115114
v -0.125359 1.364710 0.097713
v -0.110056 1.372970 0.103118
v -0.095378 1.348920 0.120559
v -0.076802 1.383710 0.107232
v -0.062440 1.384170 0.109081
v -0.095171 1.388370 0.099554
v -0.093757 1.399730 0.092587
v -0.118903 1.381190 0.093915
v -0.095657 1.374960 0.108220
v -0.128836 1.387780 0.085064
v -0.003898 1.287950 0.139048
v 0.018035 1.254650 0.140024
v -0.091435 1.175410 0.125067
v -0.087110 1.154920 0.128779
v 0.005311 1.057640 0.152863
v 0.013345 1.027280 0.153010
v 0.079509 1.096960 0.130184
v 0.056420 1.129610 0.141003
v 0.133003 1.096790 0.076526
v 0.124804 1.098720 0.088072
v 0.126392 1.084790 0.085651
v 0.130447 1.146070 0.080964
v 0.142532 1.151750 0.063680
v 0.137094 1.144210 0.071243
v 0.144911 1.137520 0.060787
v 0.135403 1.157620 0.073807
v 0.143425 1.123300 0.062818
v 0.135612 1.118610 0.073064
v 0.142013 1.109720 0.064773
v 0.128752 1.161250 0.083870
v 0.033389 0.976910 0.149742
v 0.020141 0.987837 0.152872
v 0.063730 0.980375 0.138134
v 0.006948 0.994141 0.155141
v 0.002059 1.008730 0.155173
v 0.004091 0.980031 0.156095
v -0.008603 0.975993 0.157637
v -0.020106 0.984265 0.157819
v 0.016041 0.975635 0.154007
v 0.025270 1.243160 0.140760
v 0.042727 1.226650 0.141286
v 0.050484 1.239700 0.138761
v 0.107464 1.006090 0.106750
v 0.128810 1.058300 0.082398
v 0.084299 1.238060 0.127789
v 0.105622 1.073750 0.109958
v 0.107789 1.124400 0.108742
v 0.115933 1.075560 0.098855
v 0.088184 0.977028 0.122732
v 0.104189 0.973732 0.109425
v 0.168052 1.182300 0.024689
v 0.163742 1.164150 0.035599
v 0.163303 1.213230 0.026425
v 0.150770 1.233820 0.046863
v 0.175401 1.134500 0.026728
v 0.151121 1.102570 0.055589
v -0.000766 1.440280 0.078400
v 0.013668 1.039110 0.152579
v 0.015088 1.050920 0.152056
v 0.001836 1.031950 0.154211
v 0.021498 1.017130 0.152015
v 0.025369 1.030890 0.150883
v 0.121037 1.109500 0.093374
v -0.010767 1.002950 0.156631
v 0.111438 0.993581 0.102606
v 0.093675 0.987449 0.118825
v 0.170906 1.156520 0.026596
v 0.150073 1.170960 0.052879
v 0.159521 1.150140 0.043113
v 0.150784 1.147690 0.053473
v 0.156140 1.162230 0.045747
v 0.163201 1.227680 0.023992
v 0.062394 1.240110 0.136508
v 0.074966 1.260750 0.133072
v 0.058651 1.269400 0.137071
v 0.050042 1.255710 0.138099
v 0.044431 1.268570 0.138360
v 0.143272 1.164830 0.062325
v 0.143245 1.178700 0.062047
v 0.065224 1.282790 0.134991
v 0.040496 1.247660 0.139319
v 0.032778 1.266060 0.139208
v -0.112576 1.402670 0.082969
v -0.137045 1.269830 0.075083
v -0.121726 1.260070 0.096262
v 0.151619 1.184990 0.049390
v 0.020995 1.478860 0.056773
v 0.071153 1.492990 0.019442
v 0.077256 1.499340 0.004958
v 0.081124 1.509310 -0.008281
v 0.082378 1.515730 -0.023998
v 0.101584 1.517030 -0.023655
v 0.120283 1.513110 -0.023992
v 0.157085 1.451030 0.046019
v 0.172530 1.413150 0.045681
v 0.174640 1.330510 -0.006642
v 0.169184 1.311630 -0.001940
v 0.166806 1.292130 0.002072
v 0.166625 1.272430 0.005591
v 0.166970 1.252570 0.008756
v 0.168150 1.232460 0.010847
v 0.178054 1.153170 0.015081
v 0.181268 1.133620 0.016029
v 0.187144 1.094600 0.018099
v 0.193357 1.055810 0.020374
v 0.196500 1.036460 0.021499
v 0.199354 1.017090 0.022643
v 0.203180 0.997896 0.023762
v 0.206670 0.978590 0.024979
v 0.195715 0.977042 0.042491
v 0.178362 0.974178 0.053345
v 0.160158 0.971461 0.062947
v 0.143174 0.969397 0.074736
v 0.112091 0.966569 0.102132
v 0.096407 0.965591 0.115673
v 0.043012 0.964599 0.146603
v 0.002942 0.965666 0.156702
v -0.017638 0.965960 0.158752
v -0.038316 0.966568 0.158275
v -0.058425 0.967435 0.153562
v -0.076948 0.968362 0.144450
v -0.093914 0.969602 0.132655
v -0.108575 0.970550 0.118038
v -0.123423 0.971842 0.103638
v -0.139094 0.973268 0.090130
v -0.173617 0.977655 0.067552
v -0.190757 0.980339 0.056271
v -0.203143 0.982318 0.039741
v -0.199782 1.001680 0.038757
v -0.196550 1.020990 0.037700
v -0.192905 1.040230 0.036529
v -0.189043 1.059460 0.035413
v -0.185470 1.078760 0.034409
v -0.182553 1.098170 0.033282
v -0.178620 1.117450 0.032085
v -0.174879 1.136830 0.031172
v -0.167110 1.175660 0.028983
v -0.161090 1.215130 0.026349
v -0.159250 1.234840 0.024119
v -0.158027 1.274110 0.017032
v -0.160212 1.293450 0.012438
v -0.163503 1.312300 0.006409
v -0.169444 1.330390 -0.000224
v -0.177990 1.347350 -0.007440
v -0.191191 1.361060 -0.015651
v -0.189385 1.367230 0.008770
v -0.178852 1.396450 0.042625
v -0.170378 1.415830 0.045825
v -0.160807 1.434520 0.044355
v -0.144290 1.471000 0.032419
v -0.134749 1.485860 0.021477
v -0.130143 1.495870 -0.033286
v -0.120051 1.511540 -0.028141
v -0.101837 1.515760 -0.024887
v -0.087346 1.503140 -0.021919
v -0.062296 1.497380 0.025343
v -0.030295 1.484190 0.057829
v -0.290032 1.393900 -0.085414
v -0.284243 1.380290 -0.071674
v -0.277689 1.373400 -0.053775
v -0.256812 1.371390 -0.050119
v -0.201128 1.363010 -0.032119
v -0.198626 1.365990 -0.005407
v -0.241554 1.369310 -0.050402
v -0.220665 1.366710 -0.042948
v -0.251416 1.379110 -0.074972
v -0.250303 1.373780 -0.061897
v -0.265726 1.375510 -0.062405
v -0.225415 1.373630 -0.067712
v -0.236384 1.372110 -0.061266
v -0.203882 1.366260 -0.055602
v -0.245159 1.365810 0.002166
v -0.226336 1.367730 -0.031306
v -0.198171 1.362660 -0.044314
v -0.192398 1.362320 -0.056683
v -0.198257 1.373900 -0.078013
v -0.251436 1.367210 -0.009470
v -0.237257 1.383150 0.016167
v -0.250419 1.392200 0.017815
v -0.263498 1.402940 0.019875
v -0.259356 1.414320 0.022635
v -0.277916 1.432950 0.012821
v -0.212973 1.445190 0.020977
v -0.268421 1.445190 -0.077266
v -0.267895 1.372290 -0.046559
v -0.195764 1.374480 0.017838
v -0.269495 1.389440 -0.082471
v -0.217954 1.368120 -0.056102
v -0.185429 1.371250 -0.077716
v -0.188466 1.390350 -0.088399
v -0.210342 1.372670 -0.069089
v -0.222118 1.391680 -0.087374
v -0.210640 1.382050 -0.082186
v -0.223962 1.380240 -0.079635
v -0.205274 1.398260 -0.090621
v -0.237284 1.378200 -0.076138
v -0.248015 1.398900 -0.089659
v -0.184369 1.425450 -0.092350
v -0.226788 1.425890 -0.088728
v -0.190962 1.408470 -0.092483
v -0.219786 1.409110 -0.091204
v -0.173330 1.410010 -0.094201
v -0.233492 1.402730 -0.091122
v -0.176118 1.395960 -0.091095
v -0.165329 1.429970 -0.095967
v -0.194900 1.420410 -0.091754
v -0.203135 1.410980 -0.091435
v -0.194857 1.435960 -0.090237
v -0.215423 1.447270 -0.079614
v -0.177500 1.444720 -0.089609
v -0.207345 1.438680 -0.086317
v -0.194681 1.455990 -0.076875
v -0.261513 1.386550 0.014903
v -0.285825 1.442010 0.006524
v -0.267935 1.461770 -0.025486
v -0.187906 1.413330 0.038095
v -0.176743 1.443720 0.032671
v -0.288443 1.454180 -0.062669
v -0.276001 1.437430 -0.083023
v -0.260307 1.432940 -0.085399
v -0.287966 1.432140 -0.085552
v -0.278991 1.449730 -0.070807
v -0.265947 1.453900 -0.065022
v -0.241918 1.462610 -0.055117
v -0.245941 1.447920 -0.074001
v -0.255372 1.458980 -0.056455
v -0.253621 1.465910 -0.036738
v -0.227398 1.465170 -0.055916
v -0.233787 1.470800 -0.036192
v -0.212798 1.461650 -0.066225
v -0.192320 1.471750 -0.056824
v -0.200089 1.463870 -0.066785
v -0.167241 1.480220 -0.057082
v -0.154643 1.456960 -0.084954
v -0.178419 1.472500 -0.059429
v -0.158548 1.443970 -0.093174
v -0.177376 1.479160 -0.047413
v -0.145278 1.449400 -0.092082
v -0.160097 1.491060 -0.036434
v -0.138959 1.465160 -0.083843
v -0.212700 1.385970 0.021930
v -0.264495 1.380130 -0.074343
v -0.280837 1.387660 -0.080336
v -0.278346 1.397590 -0.088037
v -0.263653 1.401030 -0.089637
v -0.275379 1.411610 -0.091289
v -0.255473 1.410990 -0.092065
v -0.255503 1.389870 -0.083467
v -0.153428 1.427470 -0.098934
v -0.189423 1.446560 -0.084880
v -0.256151 1.462520 -0.005299
v -0.239144 1.465110 -0.008691
v -0.285913 1.460860 -0.040322
v -0.295836 1.459540 -0.024105
v -0.199168 1.462980 0.013150
v -0.209114 1.474550 -0.009165
v -0.222544 1.472960 -0.039287
v -0.202437 1.475020 -0.048288
v -0.147858 1.495650 0.009924
v -0.265681 1.462780 -0.038096
v -0.243826 1.467270 -0.043323
v -0.280854 1.458630 -0.052286
v -0.293702 1.458710 -0.051292
v -0.135078 1.498590 -0.072909
v -0.140047 1.504570 -0.055944
v -0.149841 1.473670 -0.072136
v -0.135483 1.511620 -0.044495
v -0.146878 1.490680 -0.029396
v -0.156538 1.466180 -0.077870
v -0.159837 1.475130 -0.065668
v -0.141517 1.480950 -0.070668
v -0.127877 1.507180 -0.056666
v -0.148559 1.489860 -0.017977
v -0.236178 1.389850 -0.084754
v -0.235660 1.416320 -0.090924
v -0.282719 1.409980 0.017432
v -0.306328 1.460510 -0.034828
v -0.256150 1.371740 -0.029618
v -0.238687 1.369640 -0.035920
v -0.232999 1.372680 0.009514
v -0.209184 1.376750 0.013004
v -0.215113 1.371080 -0.003669
v -0.250548 1.370850 -0.039505
v -0.233571 1.371270 -0.006381
v -0.220357 1.373150 0.007451
v -0.226072 1.388480 0.020178
v -0.213768 1.365810 -0.030969
v -0.248997 1.378530 0.013191
v -0.247594 1.403640 0.024576
v -0.263096 1.426700 0.017134
v -0.237171 1.420730 0.020422
v -0.274071 1.420040 0.019011
v -0.260940 1.447170 0.003119
v -0.266457 1.438700 0.010691
v -0.249690 1.433230 0.015399
v -0.281004 1.448640 -0.001507
v -0.223653 1.440900 0.021516
v -0.233554 1.433170 0.017779
v -0.206417 1.415380 0.030304
v -0.240516 1.449700 0.006681
v -0.218176 1.427280 0.024284
v -0.194451 1.434930 0.031195
v -0.208747 1.433720 0.027307
v -0.208971 1.455220 0.016543
v -0.227651 1.454940 0.006808
v -0.205296 1.393270 0.029416
v -0.248579 1.421300 -0.089183
v -0.205397 1.425420 -0.089761
v -0.216071 1.420570 -0.089378
v -0.293354 1.450800 -0.005997
v -0.282751 1.458560 -0.018720
v -0.182159 1.425450 0.038088
v -0.198842 1.423070 0.032312
v -0.195483 1.401980 0.035483
v -0.192434 1.389580 0.032492
v -0.249141 1.443370 0.009702
v -0.158261 1.478100 0.005907
v -0.231104 1.450290 0.015234
v -0.277028 1.426250 -0.087861
v -0.286543 1.442710 -0.079030
v -0.267801 1.459170 -0.050904
v -0.256249 1.442450 -0.078346
v -0.242799 1.434740 -0.083532
v -0.231048 1.444530 -0.078024
v -0.234002 1.456210 -0.067079
v -0.214978 1.471310 -0.049089
v -0.222455 1.454610 -0.071512
v -0.206575 1.454850 -0.074933
v -0.185701 1.464850 -0.068889
v -0.180497 1.455370 -0.079293
v -0.166973 1.468100 -0.073349
v -0.167768 1.453140 -0.084676
v -0.183282 1.482350 -0.034817
v -0.220449 1.396760 0.027533
v -0.212998 1.406160 0.028968
v -0.228128 1.409080 0.024730
v -0.264259 1.421370 -0.089082
v -0.175659 1.433040 -0.092578
v -0.270522 1.454780 -0.008193
v -0.266559 1.463020 -0.013326
v -0.256685 1.462260 -0.018362
v -0.172713 1.432890 0.039358
v -0.163599 1.447570 0.036898
v -0.157146 1.465840 0.025464
v -0.171243 1.457700 0.025888
v -0.169244 1.470320 0.015187
v -0.189794 1.455620 0.022046
v -0.180855 1.481280 -0.007513
v -0.198549 1.446590 0.024125
v -0.171764 1.477120 0.002432
v -0.159360 1.486880 -0.014463
v -0.189548 1.470620 0.007990
v -0.212642 1.465020 0.002996
v -0.224635 1.469900 -0.011245
v -0.218157 1.475190 -0.026926
v -0.236014 1.469360 -0.021744
v -0.200230 1.479690 -0.025417
v -0.210610 1.475590 -0.037224
v -0.138675 1.487460 -0.060964
v -0.145312 1.503610 -0.037737
v -0.251798 1.452130 -0.000538
v -0.244732 1.460380 0.002427
v -0.279642 1.462890 -0.028825
v -0.153863 1.465940 0.036499
v -0.152597 1.477980 0.028050
v -0.172186 1.486100 -0.023929
v -0.181082 1.464740 0.017909
v -0.194917 1.477030 -0.005163
v -0.201830 1.470260 0.002276
v -0.247870 1.466770 -0.024650
v -0.186981 1.482220 -0.020328
v -0.195011 1.479020 -0.038045
v -0.137401 1.494320 0.013148
v -0.138650 1.502440 0.002587
v -0.146401 1.488300 0.021164
v -0.149891 1.497010 -0.009936
v -0.139947 1.484110 -0.082464
v -0.135734 1.508920 -0.029334
v -0.146837 1.503380 -0.023133
v -0.140086 1.506750 -0.011554
v -0.143585 1.489890 -0.045287
v -0.154117 1.487380 -0.058219
v -0.152152 1.484710 -0.004125
v -0.208798 1.365940 -0.018198
v -0.187520 1.357840 -0.040992
v -0.153397 1.414110 -0.101422
v -0.132399 1.452690 -0.096350
v -0.123492 1.490550 -0.083294
v -0.121245 1.500990 -0.065499
v -0.121684 1.509450 -0.046636
v -0.128442 1.495870 0.005298
v -0.152371 1.453980 0.041652
v -0.186500 1.377880 0.029934
v -0.226727 1.369570 -0.020120
v -0.244865 1.371250 -0.019364
v -0.262569 1.367900 -0.017328
v -0.260018 1.360800 0.000641
v -0.265976 1.374850 0.012453
v -0.273641 1.392710 0.014231
v -0.291425 1.427840 0.013328
v -0.298381 1.443820 0.002124
v -0.303309 1.456170 -0.014411
v -0.306179 1.456340 -0.054930
v -0.303968 1.447480 -0.073058
v -0.300190 1.431870 -0.085568
v -0.295764 1.412670 -0.090350
v -0.270375 1.370670 -0.035111
v 0.181086 1.378680 -0.084782
v 0.139087 1.491490 -0.078772
v 0.268783 1.368850 -0.020052
v 0.264217 1.360390 -0.002906
v 0.304592 1.396210 -0.085926
v 0.287633 1.373640 -0.055758
v 0.263353 1.371120 -0.032911
v 0.245997 1.370010 -0.039441
v 0.236343 1.370070 0.006044
v 0.203879 1.366360 -0.009300
v 0.258514 1.371240 -0.042705
v 0.250150 1.370410 -0.053379
v 0.228075 1.367600 -0.046647
v 0.260190 1.375710 -0.064277
v 0.234895 1.375520 -0.069989
v 0.245738 1.374140 -0.063899
v 0.238585 1.371140 -0.010229
v 0.224115 1.371710 0.003977
v 0.210996 1.368200 -0.058129
v 0.249815 1.366170 -0.001640
v 0.251200 1.371050 0.014963
v 0.198008 1.365120 -0.058328
v 0.206151 1.375830 -0.077802
v 0.256995 1.368070 -0.012855
v 0.249967 1.397760 0.023854
v 0.276910 1.373100 -0.048975
v 0.225970 1.370090 -0.058914
v 0.192360 1.373410 -0.078416
v 0.198295 1.391950 -0.088808
v 0.219058 1.374310 -0.070911
v 0.233787 1.393450 -0.087695
v 0.220478 1.383860 -0.082384
v 0.234419 1.382970 -0.080379
v 0.216823 1.399780 -0.090352
v 0.247996 1.381100 -0.077765
v 0.261581 1.401130 -0.089753
v 0.196753 1.426660 -0.091237
v 0.239937 1.426930 -0.088410
v 0.202698 1.409730 -0.091480
v 0.246793 1.404520 -0.091294
v 0.186173 1.398360 -0.090768
v 0.207195 1.421310 -0.090414
v 0.227323 1.447660 -0.077154
v 0.189758 1.444960 -0.086008
v 0.206277 1.456630 -0.074171
v 0.229110 1.421640 -0.089721
v 0.197916 1.398830 0.034829
v 0.195098 1.386700 0.031025
v 0.299216 1.445890 -0.075735
v 0.298420 1.455930 -0.057617
v 0.273867 1.435370 -0.084069
v 0.276455 1.454920 -0.061735
v 0.264747 1.458870 -0.053407
v 0.268636 1.445190 -0.077268
v 0.255790 1.436660 -0.083136
v 0.243135 1.445190 -0.076600
v 0.244667 1.456220 -0.064619
v 0.240938 1.469570 -0.032688
v 0.223419 1.461510 -0.063066
v 0.202309 1.471780 -0.053590
v 0.218116 1.455460 -0.072438
v 0.196635 1.465280 -0.065664
v 0.192303 1.456590 -0.076860
v 0.176100 1.478130 -0.051786
v 0.167358 1.459090 -0.083528
v 0.188772 1.473110 -0.055819
v 0.190485 1.481960 -0.030953
v 0.215370 1.382490 0.020591
v 0.231553 1.404380 0.029633
v 0.276413 1.382640 -0.075900
v 0.294388 1.389490 -0.081449
v 0.293012 1.400200 -0.088222
v 0.277962 1.403640 -0.089804
v 0.269933 1.412980 -0.091511
v 0.268579 1.392000 -0.084879
v 0.165019 1.429430 -0.096164
v 0.188215 1.434460 -0.091594
v 0.218172 1.474920 -0.033977
v 0.211362 1.474460 -0.044849
v 0.142045 1.483470 0.015539
v 0.251487 1.465950 -0.040005
v 0.147319 1.485850 -0.053950
v 0.146430 1.491390 0.022283
v 0.141395 1.495880 0.011035
v 0.143731 1.480060 0.027722
v 0.134974 1.490600 -0.062938
v 0.142385 1.476160 -0.071211
v 0.135636 1.495680 -0.045627
v 0.143596 1.502510 -0.035989
v 0.142806 1.503030 -0.020826
v 0.139459 1.498520 -0.003272
v 0.151185 1.490730 -0.038968
v 0.168256 1.467750 -0.075459
v 0.170320 1.475960 -0.062478
v 0.248371 1.392050 -0.085790
v 0.249366 1.417940 -0.090480
v 0.295714 1.419010 0.016572
v 0.313160 1.458820 -0.027322
v 0.265757 1.373020 -0.052872
v 0.207307 1.364770 -0.035694
v 0.212605 1.374830 0.010084
v 0.219946 1.371050 -0.007454
v 0.262664 1.382070 -0.076349
v 0.276333 1.377780 -0.064303
v 0.228693 1.382900 0.020835
v 0.220278 1.367160 -0.034868
v 0.233043 1.369150 -0.035118
v 0.204426 1.364720 -0.047230
v 0.239702 1.376940 0.016747
v 0.252743 1.385430 0.017960
v 0.265711 1.396110 0.018731
v 0.267200 1.420620 0.019904
v 0.262084 1.407810 0.021271
v 0.240906 1.415980 0.026057
v 0.277177 1.412580 0.018150
v 0.282814 1.425990 0.015199
v 0.266648 1.442340 0.008345
v 0.271472 1.432170 0.013403
v 0.253863 1.427030 0.018659
v 0.286972 1.443880 0.003710
v 0.226287 1.435030 0.020194
v 0.237172 1.426340 0.018612
v 0.208933 1.411430 0.030109
v 0.246038 1.443500 0.010721
v 0.221068 1.421910 0.023987
v 0.197476 1.431780 0.031254
v 0.211571 1.429770 0.026609
v 0.211833 1.452270 0.017222
v 0.215813 1.441660 0.021248
v 0.230929 1.451790 0.008657
v 0.280587 1.446690 -0.074100
v 0.198754 1.373530 0.014218
v 0.207907 1.389700 0.028688
v 0.283029 1.391850 -0.083442
v 0.232833 1.410300 -0.091456
v 0.184608 1.412110 -0.092364
v 0.262409 1.423270 -0.088640
v 0.218134 1.426020 -0.088207
v 0.177235 1.431600 -0.093487
v 0.215450 1.412070 -0.090837
v 0.207458 1.436100 -0.086809
v 0.219581 1.438640 -0.083040
v 0.263770 1.378990 0.016440
v 0.291238 1.434980 0.009681
v 0.273967 1.459640 -0.021733
v 0.299579 1.445780 -0.000249
v 0.289241 1.456020 -0.012328
v 0.190134 1.410820 0.037159
v 0.184780 1.422750 0.038179
v 0.179494 1.440330 0.033119
v 0.201456 1.419880 0.031724
v 0.254216 1.436780 0.013082
v 0.162484 1.478670 0.012585
v 0.233996 1.443810 0.014546
v 0.291398 1.429420 -0.086314
v 0.289344 1.440500 -0.080701
v 0.302153 1.435600 -0.083137
v 0.290327 1.451890 -0.066781
v 0.276445 1.459730 -0.047242
v 0.251140 1.461940 -0.052074
v 0.257566 1.448630 -0.071905
v 0.260508 1.464200 -0.033462
v 0.224049 1.470830 -0.045829
v 0.236893 1.464540 -0.052690
v 0.233682 1.454670 -0.068730
v 0.210666 1.463350 -0.063286
v 0.177583 1.467570 -0.068630
v 0.179596 1.453270 -0.080699
v 0.170715 1.445190 -0.089892
v 0.186528 1.479890 -0.043748
v 0.157318 1.450780 -0.090364
v 0.166000 1.486460 -0.030217
v 0.150320 1.463330 -0.080488
v 0.222978 1.392620 0.027055
v 0.215934 1.401790 0.031242
v 0.290273 1.414550 -0.090192
v 0.278488 1.424010 -0.088376
v 0.201468 1.446940 -0.081769
v 0.259872 1.453390 -0.004937
v 0.276459 1.450200 -0.002771
v 0.271498 1.456190 -0.010186
v 0.261985 1.459730 -0.015663
v 0.243603 1.461150 -0.006159
v 0.293344 1.460880 -0.034560
v 0.302604 1.457260 -0.017438
v 0.175073 1.429980 0.039650
v 0.166012 1.443790 0.037972
v 0.159409 1.461090 0.027236
v 0.174130 1.454270 0.027655
v 0.171955 1.466620 0.017534
v 0.192711 1.452310 0.022892
v 0.185061 1.479370 -0.003617
v 0.201603 1.443580 0.024781
v 0.175632 1.475970 0.007237
v 0.163813 1.484200 -0.008526
v 0.192895 1.467490 0.010031
v 0.202333 1.459860 0.014492
v 0.213272 1.471950 -0.006653
v 0.216251 1.462030 0.004485
v 0.229365 1.467480 -0.008275
v 0.224143 1.472950 -0.023757
v 0.241526 1.467000 -0.018475
v 0.205968 1.477500 -0.022156
v 0.230025 1.471240 -0.035894
v 0.272855 1.461450 -0.034336
v 0.138147 1.492010 -0.028467
v 0.257668 1.446480 0.004461
v 0.247931 1.451420 0.001796
v 0.286176 1.459390 -0.023462
v 0.289561 1.459390 -0.047233
v 0.302204 1.459320 -0.045144
v 0.152923 1.459050 0.037818
v 0.148903 1.468670 0.029943
v 0.177805 1.484380 -0.018952
v 0.184240 1.461630 0.020013
v 0.198931 1.474980 -0.002223
v 0.205395 1.467060 0.004004
v 0.253578 1.464240 -0.021529
v 0.192309 1.480060 -0.016708
v 0.202535 1.477960 -0.034551
v 0.145007 1.485720 -0.003221
v 0.160602 1.474780 -0.069765
v 0.139324 1.490710 -0.014740
v 0.152263 1.488630 -0.022908
v 0.162170 1.484120 -0.051821
v 0.150628 1.478940 -0.063469
v 0.155807 1.480920 0.001898
v 0.147129 1.497410 -0.049265
v 0.153340 1.487800 -0.011384
v 0.278301 1.371170 -0.037449
v 0.296541 1.381350 -0.073269
v 0.311089 1.416420 -0.089576
v 0.314791 1.436360 -0.082717
v 0.315145 1.451140 -0.067456
v 0.315183 1.458700 -0.048059
v 0.309764 1.450580 -0.007923
v 0.303960 1.436360 0.007125
v 0.285439 1.401690 0.017169
v 0.275963 1.384480 0.016480
v 0.267892 1.367130 0.014879
v 0.251211 1.371460 -0.023038
v 0.232913 1.370110 -0.024088
v 0.214758 1.366790 -0.022619
v 0.196717 1.361740 -0.019412
v 0.193299 1.366800 0.004577
v 0.188358 1.376610 0.026538
v 0.181271 1.394050 0.040764
v 0.162682 1.431370 0.045113
v 0.153927 1.470480 0.042137
v 0.150897 1.488620 0.033394
v 0.148855 1.502730 0.018682
v 0.137054 1.472370 -0.088500
v 0.143226 1.452720 -0.094615
v 0.164116 1.416670 -0.098823
v 0.172535 1.397620 -0.094111
v 0.192957 1.359620 -0.043595
v 0.006038 1.525770 -0.071234
v -0.050233 1.528170 -0.054054
v 0.039194 1.528220 -0.081613
v -0.013272 1.525430 -0.066150
v -0.058198 1.524140 -0.036068
v -0.055850 1.508110 0.020900
v -0.037365 1.498470 0.052958
v 0.020367 1.489560 0.052085
v 0.055124 1.497590 0.038140
v 0.071105 1.516770 -0.014335
v -0.013965 1.479790 0.057766
v 0.063519 1.519750 -0.051650
v 0.049419 1.522230 -0.065636
v 0.019837 1.530620 -0.084708
v -0.032892 1.528180 -0.064096
v -0.061517 1.519580 -0.016954
v -0.059086 1.513630 0.001954
v -0.051672 1.503990 0.040111
v -0.018729 1.493070 0.057346
v 0.000347 1.489100 0.052843
v 0.039648 1.494270 0.050185
v 0.060945 1.499000 0.019080
v 0.066997 1.504420 0.000774
v 0.069365 1.512840 -0.033888
v 0.080359 1.506990 -0.036059
v 0.052267 1.484640 0.046455
v 0.037710 1.482070 0.055212
v 0.003399 1.477620 0.056851
v -0.045397 1.488500 0.052196
v -0.054943 1.492390 0.039380
v -0.066275 1.502520 0.009900
v -0.068627 1.507310 -0.006042
v -0.069723 1.511920 -0.022116
v -0.066445 1.514960 -0.037708
v -0.058924 1.516920 -0.052214
v -0.045858 1.516990 -0.062368
v -0.032335 1.518710 -0.072425
v -0.015882 1.515060 -0.071641
v 0.010673 1.517540 -0.083777
v 0.047372 1.511600 -0.072499
v 0.059633 1.509340 -0.061241
vn 0.3747 0.6251 -0.6847
vn 0.2487 0.4068 -0.8790
vn 0.1779 0.8160 -0.5500
vn 0.9956 -0.0940 -0.0021
vn 0.9607 0.1748 -0.2156
vn 0.9376 0.1083 -0.3305
vn 0.8432 0.1173 -0.5247
vn 0.7403 0.0805 -0.6674
vn 0.5452 -0.3196 -0.7750
vn 0.5154 -0.3168 -0.7962
vn 0.5076 -0.2855 -0.8129
vn 0.9580 0.1480 -0.2457
vn 0.9852 0.1074 -0.1339
vn 0.9801 0.1593 -0.1184
vn 0.8954 0.1039 -0.4331
vn 0.8927 0.1387 -0.4288
vn 0.8199 -0.4726 -0.3231
vn 0.7476 -0.3857 -0.5407
vn 0.6744 -0.5058 -0.5380
vn 0.9790 -0.0171 -0.2033
vn 0.7849 -0.0943 -0.6125
vn 0.8679 -0.1252 -0.4808
vn 0.6163 -0.3229 -0.7183
vn 0.5644 -0.3233 -0.7596
vn 0.5978 -0.3737 -0.7092
vn 0.8877 -0.2811 -0.3647
vn 0.9409 -0.2974 -0.1619
vn 0.9325 -0.2849 -0.2219
vn 0.9164 0.3941 -0.0697
vn 0.9190 0.1303 -0.3721
vn 0.9057 0.1291 -0.4037
vn 0.9761 0.1111 -0.1869
vn 0.8748 0.1270 -0.4675
vn 0.9183 0.1242 0.3759
vn -0.5474 -0.2987 -0.7817
vn -0.4884 -0.2654 -0.8313
vn -0.4979 -0.2582 -0.8279
vn 0.0565 0.8122 -0.5806
vn 0.2861 0.6545 -0.6999
vn 0.7397 0.1053 -0.6646
vn 0.9160 0.1262 -0.3809
vn 0.9176 -0.3596 -0.1692
vn 0.8684 -0.3320 -0.3683
vn 0.6441 -0.0298 -0.7644
vn 0.6457 -0.1349 -0.7516
vn 0.6891 -0.1890 -0.6996
vn 0.8646 0.0372 -0.5011
vn 0.9567 0.1267 -0.2622
vn 0.9183 0.1074 -0.3810
vn -0.9682 -0.1958 0.1555
vn -0.9326 -0.3535 0.0726
vn -0.9688 -0.2375 0.0713
vn 0.1239 0.1926 -0.9734
vn 0.0642 0.2256 -0.9721
vn 0.0528 0.2090 -0.9765
vn 0.9951 -0.0941 0.0304
vn 0.9566 0.0344 0.2893
vn 0.9906 -0.1061 -0.0860
vn 0.9427 0.1114 0.3145
vn 0.9026 -0.3045 -0.3043
vn 0.8904 -0.2881 -0.3522
vn 0.9316 -0.3433 -0.1194
vn 0.9419 -0.2027 -0.2680
vn 0.9592 -0.2134 -0.1857
vn -0.9925 -0.1194 0.0259
vn -0.9451 -0.1815 -0.2716
vn -0.9803 -0.1139 -0.1615
vn -0.1410 0.1716 -0.9750
vn 0.0618 0.3195 -0.9456
vn 0.0232 0.3239 -0.9458
vn -0.2143 -0.3668 -0.9053
vn -0.1633 -0.3112 -0.9362
vn -0.1260 -0.3118 -0.9417
vn -0.3566 -0.3117 -0.8807
vn -0.0611 0.0313 -0.9976
vn -0.4430 -0.4063 -0.7992
vn 0.8162 -0.5535 -0.1656
vn 0.5140 -0.3129 -0.7987
vn -0.4093 -0.4167 -0.8117
vn -0.3130 -0.3942 -0.8641
vn -0.3037 -0.2868 -0.9086
vn -0.4201 -0.0366 -0.9068
vn -0.5458 -0.0449 -0.8367
vn -0.9622 -0.2304 -0.1454
vn 0.9078 -0.4194 0.0042
vn 0.7814 -0.6236 -0.0235
vn 0.8287 -0.5556 0.0675
vn 0.9326 0.2306 0.2777
vn 0.9834 0.0678 0.1685
vn 0.9068 0.0051 -0.4215
vn -0.2194 0.3261 -0.9195
vn -0.1867 0.3382 -0.9224
vn -0.2278 0.3373 -0.9134
vn -0.9905 -0.1327 -0.0350
vn -0.9792 -0.1416 -0.1455
vn -0.9506 0.1218 0.2854
vn 0.9247 0.0767 -0.3729
vn 0.7171 0.0830 -0.6920
vn 0.7987 0.0987 -0.5935
vn 0.6721 0.0705 -0.7371
vn -0.1186 0.7814 -0.6126
vn -0.0336 0.5860 -0.8096
vn 0.1049 0.5841 -0.8049
vn 0.7343 0.0953 -0.6720
vn 0.6207 0.0759 -0.7804
vn 0.5864 0.0305 -0.8094
vn 0.5043 -0.0917 -0.8586
vn 0.9293 0.1186 -0.3498
vn 0.7298 -0.6161 -0.2964
vn 0.9571 -0.0940 -0.2740
vn 0.8809 -0.2192 -0.4195
vn 0.9550 -0.2291 0.1882
vn -0.8464 -0.4792 -0.2321
vn -0.3758 -0.8935 -0.2459
vn -0.3482 -0.7398 -0.5757
vn -0.9307 -0.3362 -0.1444
vn -0.8681 -0.4929 -0.0594
vn 0.7090 -0.6551 0.2610
vn 0.9853 -0.1666 0.0373
vn 0.9659 -0.2577 -0.0264
vn 0.9656 -0.2380 0.1048
vn 0.2671 0.4551 -0.8495
vn 0.0589 0.4091 -0.9106
vn 0.3474 0.4656 -0.8139
vn 0.3581 -0.9043 -0.2322
vn 0.9847 -0.0991 0.1431
vn 0.9975 0.0120 -0.0699
vn -0.9821 -0.1830 0.0440
vn -0.9732 -0.2207 -0.0642
vn 0.4276 -0.1960 -0.8824
vn -0.7359 -0.4241 -0.5277
vn -0.8130 -0.3515 -0.4642
vn 0.4219 -0.2162 -0.8805
vn 0.5731 0.0242 -0.8191
vn 0.2363 0.2170 -0.9471
vn 0.9389 -0.3318 -0.0909
vn 0.2665 0.4320 -0.8616
vn 0.2068 0.4695 -0.8584
vn 0.9408 -0.2604 -0.2169
vn 0.9590 -0.2349 -0.1588
vn -0.9851 -0.1125 0.1300
vn -0.9876 -0.1293 0.0887
vn -0.9891 -0.0873 0.1188
vn 0.3704 0.8821 -0.2908
vn -0.3648 0.8550 -0.3686
vn -0.1903 0.8861 -0.4227
vn 0.4880 -0.3951 -0.7783
vn 0.8057 0.1376 -0.5762
vn 0.1928 0.4527 -0.8706
vn 0.9770 -0.1835 -0.1087
vn -0.4564 0.7509 -0.4774
vn -0.3071 0.7638 -0.5677
vn 0.1292 0.3876 -0.9127
vn 0.4442 -0.2014 -0.8730
vn 0.3548 -0.2834 -0.8909
vn 0.4325 0.4472 -0.7829
vn -0.7020 0.2607 -0.6628
vn -0.0568 0.5081 -0.8594
vn -0.3580 0.3921 -0.8474
vn -0.8089 0.0908 -0.5809
vn 0.3985 -0.2882 -0.8707
vn 0.8294 0.2430 -0.5031
vn 0.8349 0.2305 -0.4998
vn 0.8064 0.2415 -0.5399
vn 0.3298 0.8875 -0.3218
vn 0.7005 0.5308 -0.4770
vn 0.2036 -0.2644 -0.9427
vn 0.1891 -0.5931 -0.7826
vn 0.4218 0.5706 -0.7046
vn 0.0611 0.8093 -0.5842
vn 0.0889 0.9888 -0.1200
vn -0.0258 0.7461 -0.6653
vn -0.2746 0.8618 -0.4265
vn -0.2424 0.9163 -0.3188
vn -0.5552 0.6434 -0.5271
vn -0.2967 0.8366 -0.4605
vn 0.2544 -0.0703 -0.9646
vn 0.2562 -0.1835 -0.9490
vn 0.3294 -0.1335 -0.9347
vn 0.3177 -0.7418 -0.5906
vn 0.4226 0.9039 0.0668
vn 0.1392 0.9174 0.3727
vn 0.2758 0.9607 0.0322
vn 0.2641 0.9613 0.0786
vn -0.0096 0.9939 0.1098
vn -0.3274 0.8637 -0.3831
vn 0.1400 0.9537 -0.2661
vn -0.3154 0.8760 -0.3650
vn -0.1734 0.9057 -0.3869
vn -0.7342 -0.2935 -0.6122
vn -0.5433 -0.3190 -0.7766
vn -0.5616 -0.2985 -0.7717
vn 0.5449 -0.5014 -0.6720
vn -0.4317 0.5936 -0.6792
vn -0.3741 0.5283 -0.7622
vn -0.0778 0.0287 -0.9966
vn 0.0420 0.1663 -0.9852
vn -0.3430 0.9007 -0.2668
vn -0.9530 -0.1379 -0.2698
vn -0.8897 0.2661 -0.3710
vn -0.8217 0.1017 -0.5607
vn -0.9014 0.1057 -0.4198
vn -0.8494 -0.0375 -0.5265
vn -0.8448 0.1107 -0.5235
vn -0.9063 -0.1661 -0.3886
vn -0.9574 -0.2805 0.0691
vn -0.9496 -0.3062 0.0671
vn -0.8022 -0.2966 -0.5181
vn -0.9590 -0.2143 -0.1856
vn -0.8556 -0.2892 -0.4292
vn 0.9422 -0.2451 -0.2283
vn -0.3334 0.0204 -0.9426
vn -0.7006 -0.1467 -0.6983
vn -0.8755 -0.2058 -0.4372
vn 0.0821 0.2556 -0.9633
vn 0.1204 0.2897 -0.9495
vn 0.2394 0.5222 -0.8185
vn 0.7775 0.4356 -0.4536
vn 0.3827 0.5111 -0.7696
vn -0.4272 0.1833 -0.8854
vn -0.4556 0.1576 -0.8761
vn -0.4765 0.1389 -0.8681
vn -0.8094 0.1760 -0.5603
vn -0.9098 0.1635 -0.3815
vn -0.9827 0.1644 -0.0848
vn -0.9526 -0.0247 0.3031
vn -0.6110 0.1388 -0.7794
vn -0.5618 0.1653 -0.8106
vn -0.9866 -0.1603 0.0311
vn -0.9809 -0.1675 0.0992
vn -0.5509 0.0217 -0.8343
vn -0.9277 -0.2024 -0.3138
vn -0.7905 -0.0897 -0.6058
vn 0.8280 -0.2697 -0.4916
vn 0.6986 -0.3185 -0.6407
vn -0.3854 0.0865 -0.9187
vn -0.5087 0.0960 -0.8555
vn -0.5033 0.0922 -0.8592
vn -0.7499 0.1912 -0.6334
vn -0.9261 0.1994 -0.3202
vn -0.7091 0.1773 -0.6825
vn -0.3391 0.1753 -0.9243
vn -0.3204 0.1727 -0.9314
vn -0.3739 0.2024 -0.9051
vn 0.4459 -0.3306 -0.8318
vn 0.2543 -0.2657 -0.9299
vn 0.4240 -0.2046 -0.8822
vn -0.9992 0.0315 -0.0265
vn -0.9533 0.1903 -0.2346
vn -0.4260 0.1536 -0.8916
vn -0.9915 0.0160 0.1291
vn -0.9177 0.3534 0.1815
vn -0.8993 -0.2493 -0.3592
vn -0.9340 -0.2813 0.2204
vn -0.8127 -0.5551 0.1771
vn 0.0499 0.2590 -0.9646
vn 0.3990 0.6746 -0.6210
vn 0.9011 0.0689 0.4281
vn 0.6517 -0.3338 0.6811
vn -0.7297 0.0502 -0.6819
vn -0.8135 0.1930 -0.5486
vn -0.4545 0.4511 -0.7680
vn 0.1244 0.3589 -0.9250
vn -0.0677 0.6573 -0.7506
vn -0.9322 -0.2661 0.2452
vn -0.9436 -0.2596 0.2055
vn -0.9656 -0.2494 -0.0734
vn -0.7915 0.0342 -0.6102
vn -0.5929 -0.3651 -0.7178
vn -0.9808 -0.0760 0.1797
vn -0.9764 -0.0425 0.2119
vn 0.9914 -0.0510 -0.1209
vn -0.6600 0.2074 -0.7221
vn -0.7409 0.1465 -0.6554
vn -0.3173 0.2940 -0.9016
vn -0.5301 -0.3895 -0.7532
vn -0.2618 -0.4215 -0.8682
vn -0.4718 0.5534 -0.6864
vn -0.0814 0.6871 -0.7220
vn -0.2648 0.6620 -0.7011
vn -0.2307 0.5040 -0.8323
vn -0.3576 0.3105 -0.8808
vn -0.0719 0.2035 -0.9764
vn 0.6043 0.2231 -0.7649
vn 0.7930 0.5814 0.1821
vn -0.3279 0.4627 -0.8236
vn -0.1510 0.5621 -0.8132
vn -0.5240 0.6930 -0.4952
vn -0.9529 -0.2273 -0.2008
vn -0.2411 0.9645 0.1074
vn -0.3409 0.8155 0.4677
vn 0.3055 0.9145 -0.2653
vn -0.9869 -0.1612 0.0110
vn -0.9915 -0.1038 0.0780
vn -0.6545 0.7555 0.0286
vn -0.4337 0.5590 -0.7067
vn -0.4392 0.7198 -0.5375
vn -0.3579 0.8011 -0.4797
vn -0.7131 0.1893 -0.6750
vn 0.3037 0.3914 -0.8687
vn -0.9488 -0.1928 0.2502
vn -0.8163 -0.5775 0.0147
vn -0.2986 0.7709 -0.5626
vn -0.7261 -0.6441 0.2406
vn 0.1791 0.9075 -0.3801
vn 0.5145 0.7109 -0.4794
vn 0.5095 0.6582 -0.5542
vn -0.4270 0.8869 -0.1762
vn -0.4366 0.8144 -0.3823
vn 0.3889 -0.2193 -0.8948
vn 0.4493 -0.2952 -0.8432
vn -0.5697 0.8184 -0.0756
vn -0.2841 0.9060 -0.3136
vn -0.7059 0.6431 -0.2968
vn 0.5110 -0.2622 -0.8186
vn 0.4409 -0.1845 -0.8784
vn -0.6322 -0.3217 -0.7048
vn -0.9771 -0.0996 0.1881
vn -0.9658 -0.2578 -0.0279
vn -0.9498 -0.2313 -0.2107
vn 0.9369 -0.2315 -0.2618
vn 0.8751 -0.2280 -0.4269
vn 0.9120 -0.2443 -0.3295
vn 0.2755 -0.2684 -0.9231
vn 0.6421 0.4031 -0.6520
vn -0.4477 0.3174 -0.8359
vn 0.2366 0.4339 -0.8693
vn -0.9730 -0.2134 0.0873
vn -0.3433 0.5223 -0.7806
vn -0.1035 0.6074 -0.7876
vn 0.1138 0.5311 -0.8396
vn -0.1465 0.3857 -0.9109
vn 0.0471 0.9544 -0.2947
vn 0.3591 0.7842 -0.5060
vn -0.2074 0.6665 -0.7161
vn 0.3070 0.6546 -0.6909
vn 0.2622 0.5542 -0.7900
vn -0.1660 0.5810 -0.7968
vn -0.0431 0.5984 -0.8000
vn -0.1596 0.3820 -0.9103
vn 0.3108 0.7676 -0.5605
vn -0.3966 0.7285 -0.5586
vn 0.0194 0.7990 -0.6010
vn -0.0921 0.9588 -0.2686
vn -0.2031 0.5818 -0.7876
vn 0.0419 0.4450 -0.8946
vn -0.0262 0.3746 -0.9268
vn -0.1243 0.6197 -0.7749
vn 0.0733 0.6722 -0.7368
vn 0.5590 0.5923 -0.5803
vn -0.8012 -0.2919 -0.5224
vn -0.8533 -0.2017 -0.4809
vn -0.6261 -0.3013 -0.7192
vn -0.5860 -0.3164 -0.7460
vn 0.5452 -0.3002 -0.7827
vn -0.6698 -0.3115 -0.6741
vn -0.4327 -0.1664 -0.8861
vn -0.4746 -0.1626 -0.8650
vn -0.3983 -0.1989 -0.8954
vn 0.1004 0.5343 -0.8393
vn 0.2361 0.5414 -0.8069
vn -0.5135 -0.3119 -0.7994
vn -0.4011 -0.2390 -0.8843
vn -0.3204 -0.1573 -0.9341
vn 0.2057 0.2703 -0.9405
vn 0.3135 0.0076 -0.9496
vn 0.2479 0.0614 -0.9668
vn 0.0623 0.1566 -0.9857
vn -0.2690 -0.1806 -0.9461
vn 0.8512 0.0788 -0.5188
vn 0.8896 0.1444 -0.4334
vn 0.4784 0.0917 -0.8734
vn 0.9605 0.1798 -0.2124
vn 0.5175 -0.3350 -0.7874
vn 0.6404 -0.4100 -0.6494
vn 0.4833 -0.1231 -0.8668
vn 0.9021 -0.2557 -0.3475
vn -0.8629 -0.1575 -0.4801
vn 0.5157 -0.3177 -0.7957
vn 0.1128 0.7571 -0.6435
vn -0.0315 0.6429 -0.7653
vn 0.2119 -0.1997 -0.9567
vn 0.2452 -0.2148 -0.9454
vn -0.3479 0.3353 -0.8755
vn 0.1823 0.3822 -0.9059
vn -0.5136 0.2924 -0.8067
vn 0.3197 0.6221 -0.7147
vn 0.9536 0.2941 -0.0653
vn 0.2227 -0.3948 -0.8913
vn 0.2556 -0.3953 -0.8823
vn 0.3952 -0.3554 -0.8471
vn -0.4455 0.2895 -0.8472
vn -0.4687 0.3174 -0.8243
vn -0.4514 0.2759 -0.8486
vn -0.9802 -0.1799 0.0823
vn -0.9652 -0.2512 0.0728
vn -0.9835 -0.1800 0.0162
vn -0.7839 -0.0918 -0.6141
vn -0.6685 0.1012 -0.7368
vn 0.2112 0.3605 -0.9085
vn -0.0153 0.3663 -0.9304
vn 0.3696 0.3034 -0.8782
vn 0.0952 -0.3066 -0.9470
vn 0.1865 -0.5443 -0.8179
vn 0.2548 -0.6135 -0.7475
vn -0.3895 0.3350 -0.8580
vn -0.4873 0.2981 -0.8208
vn -0.0266 -0.0621 -0.9977
vn 0.0167 -0.1164 -0.9931
vn 0.0224 -0.0564 -0.9982
vn 0.5560 0.8210 0.1298
vn 0.5327 0.8192 -0.2125
vn -0.0993 0.9645 -0.2447
vn 0.7733 -0.2309 -0.5905
vn 0.6334 -0.2665 -0.7265
vn 0.4756 -0.3197 -0.8195
vn 0.3349 -0.0949 -0.9375
vn 0.7587 0.4300 -0.4894
vn 0.2063 0.4553 -0.8661
vn 0.5705 0.3786 -0.7288
vn 0.2945 -0.0362 -0.9550
vn 0.6411 0.4399 -0.6289
vn 0.6096 0.2848 -0.7398
vn 0.6724 0.3041 -0.6749
vn 0.0310 0.5564 -0.8303
vn 0.1569 0.3558 -0.9213
vn 0.3481 -0.3381 -0.8743
vn 0.3133 -0.0136 -0.9496
vn 0.3584 -0.3077 -0.8814
vn -0.0139 0.4172 -0.9087
vn 0.1520 -0.0169 -0.9882
vn 0.2387 -0.0311 -0.9706
vn 0.1666 -0.0643 -0.9839
vn 0.2861 0.5322 -0.7968
vn 0.1581 0.3570 -0.9206
vn 0.3388 -0.0016 -0.9408
vn 0.2136 -0.0945 -0.9724
vn -0.1930 0.4125 -0.8903
vn -0.1280 0.4107 -0.9027
vn -0.2549 0.7891 -0.5589
vn -0.5025 0.7803 -0.3723
vn 0.8261 0.3880 -0.4087
vn -0.4680 -0.3268 -0.8211
vn -0.5379 -0.2960 -0.7893
vn 0.3139 -0.3787 -0.8706
vn -0.9855 -0.1342 0.1036
vn -0.8416 -0.1041 -0.5300
vn -0.0216 0.0109 -0.9997
vn -0.3778 -0.2739 -0.8844
vn 0.5249 0.7121 -0.4662
vn 0.8105 -0.1529 -0.5655
vn 0.8545 -0.2028 -0.4783
vn 0.6216 -0.2144 -0.7534
vn 0.5424 -0.1816 -0.8203
vn 0.5106 -0.2604 -0.8195
vn 0.2860 -0.0936 -0.9536
vn 0.1305 -0.1778 -0.9754
vn 0.1999 -0.0436 -0.9788
vn 0.2891 -0.4622 -0.8383
vn 0.3024 -0.3952 -0.8674
vn 0.2300 -0.2525 -0.9399
vn -0.4681 0.8144 -0.3431
vn -0.3110 0.8542 -0.4167
vn -0.2308 0.7971 -0.5581
vn 0.1484 0.6183 -0.7718
vn -0.4318 0.8141 -0.3883
vn 0.0344 -0.0373 -0.9987
vn 0.0418 -0.3850 -0.9220
vn 0.0278 -0.3703 -0.9285
vn 0.0867 -0.3836 -0.9194
vn -0.7275 -0.3580 -0.5853
vn -0.6815 -0.3502 -0.6425
vn 0.9260 -0.2905 -0.2410
vn 0.5591 -0.1442 -0.8164
vn 0.1148 -0.3778 -0.9187
vn 0.1757 -0.3781 -0.9090
vn 0.1500 -0.3320 -0.9313
vn 0.4163 -0.2876 -0.8625
vn 0.4951 0.1961 -0.8464
vn 0.3891 0.2105 -0.8968
vn 0.1291 0.5567 -0.8206
vn 0.3206 0.4016 -0.8579
vn -0.2601 0.7260 -0.6366
vn 0.1219 -0.3245 -0.9380
vn 0.0437 -0.2450 -0.9685
vn 0.1613 -0.4111 -0.8972
vn -0.3083 0.1973 -0.9306
vn 0.0683 0.0480 -0.9965
vn -0.2450 0.0680 -0.9671
vn 0.0420 -0.1645 -0.9855
vn 0.0867 -0.3316 -0.9394
vn 0.0151 -0.2096 -0.9777
vn 0.0348 -0.3256 -0.9449
vn -0.2494 0.8731 -0.4190
vn -0.2779 0.7964 -0.5372
vn -0.0208 0.5194 -0.8543
vn 0.2330 -0.3572 -0.9045
vn 0.1697 -0.3998 -0.9008
vn 0.1323 -0.3057 -0.9429
vn 0.1742 -0.3161 -0.9326
vn -0.0126 -0.1352 -0.9907
vn -0.0513 -0.0815 -0.9954
vn -0.0130 -0.0912 -0.9958
vn 0.1857 -0.0725 -0.9799
vn -0.0267 -0.0906 -0.9955
vn -0.0291 -0.0964 -0.9949
vn 0.0252 -0.3480 -0.9371
vn 0.0260 -0.2958 -0.9549
vn -0.1955 0.4738 -0.8587
vn 0.2376 0.0759 -0.9684
vn -0.0735 0.3385 -0.9381
vn 0.2603 -0.5629 -0.7845
vn 0.1619 -0.4941 -0.8542
vn 0.0194 0.5430 -0.8395
vn 0.0170 0.6090 -0.7930
vn 0.1151 0.9768 -0.1806
vn -0.5042 -0.2222 -0.8345
vn 0.3213 -0.3241 -0.8898
vn 0.7643 -0.2468 -0.5958
vn 0.1693 -0.2794 -0.9451
vn 0.1519 -0.2438 -0.9579
vn -0.0205 -0.0571 -0.9982
vn 0.2731 -0.3473 -0.8971
vn 0.2293 -0.3303 -0.9156
vn -0.6053 -0.3638 -0.7080
vn -0.4582 -0.3539 -0.8153
vn 0.0313 -0.3702 -0.9284
vn 0.0786 -0.3328 -0.9397
vn -0.1755 -0.1276 -0.9762
vn 0.1691 -0.3032 -0.9378
vn 0.0968 -0.2733 -0.9571
vn 0.1454 -0.2964 -0.9439
vn 0.1062 -0.2897 -0.9512
vn 0.1078 -0.2886 -0.9514
vn 0.0326 -0.2905 -0.9563
vn -0.5153 -0.4680 -0.7180
vn -0.5208 -0.4254 -0.7401
vn 0.1803 -0.1734 -0.9682
vn -0.2554 0.7835 -0.5665
vn 0.0954 0.9245 -0.3690
vn -0.0256 0.8329 0.5528
vn 0.0776 0.9929 -0.0898
vn 0.6923 0.6536 -0.3060
vn 0.8000 0.2584 -0.5415
vn 0.6985 -0.7145 0.0402
vn 0.7983 -0.5940 -0.0996
vn 0.0073 -0.3657 -0.9307
vn 0.0107 -0.3889 -0.9212
vn 0.0191 -0.3772 -0.9260
vn 0.1065 0.1380 -0.9847
vn -0.5336 0.1042 -0.8393
vn -0.3675 0.3951 -0.8419
vn -0.4421 -0.1944 -0.8757
vn 0.3306 -0.0207 -0.9435
vn -0.2198 0.3152 -0.9232
vn 0.1357 0.0837 -0.9872
vn 0.0098 -0.3128 -0.9498
vn 0.7851 0.5814 -0.2132
vn -0.6201 -0.4946 -0.6090
vn -0.5983 -0.4079 -0.6897
vn 0.0779 0.5015 -0.8616
vn 0.1808 0.0046 -0.9835
vn 0.0039 -0.2331 -0.9724
vn 0.0113 -0.3458 -0.9382
vn 0.0391 -0.1864 -0.9817
vn -0.1092 -0.1628 -0.9806
vn -0.2832 0.0706 -0.9564
vn -0.0047 -0.1658 -0.9862
vn 0.0097 -0.2618 -0.9651
vn 0.0176 -0.3462 -0.9380
vn -0.2029 -0.3995 -0.8940
vn -0.2655 -0.4100 -0.8726
vn -0.2054 -0.4237 -0.8822
vn 0.9938 0.0842 0.0723
vn -0.0589 -0.3200 -0.9456
vn 0.0137 -0.2894 -0.9571
vn -0.0463 -0.2489 -0.9674
vn 0.0090 -0.3622 -0.9320
vn -0.1512 -0.3852 -0.9104
vn -0.1634 -0.3428 -0.9251
vn -0.1960 -0.3556 -0.9139
vn 0.0010 -0.3725 -0.9280
vn -0.0780 -0.2182 -0.9728
vn -0.0723 -0.1849 -0.9801
vn -0.0900 -0.1821 -0.9792
vn -0.3607 -0.3716 -0.8554
vn -0.2885 -0.3551 -0.8892
vn 0.0019 -0.3865 -0.9223
vn -0.0030 -0.3225 -0.9466
vn -0.0231 -0.0959 -0.9951
vn -0.2728 -0.3475 -0.8971
vn -0.5782 -0.3080 -0.7555
vn 0.2392 0.2552 -0.9368
vn 0.2599 0.2051 -0.9436
vn -0.0877 0.3478 -0.9334
vn -0.0918 0.3686 -0.9251
vn -0.6963 0.3674 -0.6166
vn -0.0018 -0.2318 -0.9728
vn 0.3211 0.0490 -0.9458
vn -0.0318 0.3338 -0.9421
vn 0.1732 0.7364 -0.6540
vn -0.2363 -0.1503 -0.9600
vn -0.1933 0.0008 -0.9811
vn -0.2992 -0.0283 -0.9538
vn -0.0056 -0.3219 -0.9468
vn -0.1093 -0.1869 -0.9763
vn -0.1212 -0.2261 -0.9665
vn -0.1533 -0.2300 -0.9610
vn -0.4666 -0.3116 -0.8278
vn -0.3918 -0.3248 -0.8608
vn 0.0053 -0.3147 -0.9492
vn -0.0098 -0.3514 -0.9362
vn -0.0115 -0.3805 -0.9247
vn 0.0698 -0.4493 -0.8906
vn 0.2207 -0.7220 -0.6558
vn 0.1348 -0.5612 -0.8166
vn -0.0022 -0.3834 -0.9236
vn -0.1654 -0.4060 -0.8988
vn -0.1496 -0.3744 -0.9151
vn -0.0063 -0.1663 -0.9861
vn -0.0067 -0.3065 -0.9519
vn -0.0281 -0.1233 -0.9920
vn -0.0169 -0.1180 -0.9929
vn 0.0937 -0.3927 -0.9149
vn 0.0080 -0.1969 -0.9804
vn -0.0366 -0.0777 -0.9963
vn -0.5138 -0.3175 -0.7970
vn -0.2951 -0.3310 -0.8963
vn -0.3675 -0.3233 -0.8720
vn 0.0480 -0.2853 -0.9572
vn 0.0987 -0.4727 -0.8757
vn -0.2456 0.1165 -0.9623
vn -0.3901 -0.4151 -0.8219
vn -0.3176 -0.2961 -0.9008
vn -0.9473 -0.3085 0.0863
vn -0.9554 -0.2633 0.1333
vn -0.5241 -0.3101 -0.7932
vn -0.3771 -0.4216 -0.8247
vn -0.0442 -0.0655 -0.9969
vn -0.2657 -0.3384 -0.9027
vn -0.0679 -0.2960 -0.9528
vn -0.0676 -0.2364 -0.9693
vn -0.3765 -0.3858 -0.8423
vn -0.0180 -0.3211 -0.9469
vn -0.2391 -0.3132 -0.9191
vn -0.1552 -0.2072 -0.9659
vn -0.1185 -0.2502 -0.9609
vn -0.2650 -0.3905 -0.8817
vn -0.2823 -0.3183 -0.9050
vn -0.2020 -0.3372 -0.9195
vn -0.4670 -0.2118 -0.8585
vn -0.4635 -0.1748 -0.8687
vn -0.3865 -0.1131 -0.9153
vn -0.2247 -0.2559 -0.9402
vn -0.0598 -0.2160 -0.9746
vn -0.0547 -0.2541 -0.9656
vn 0.0253 -0.2669 -0.9634
vn -0.1956 -0.3082 -0.9310
vn -0.1036 -0.2127 -0.9716
vn -0.1287 -0.3520 -0.9271
vn 0.2078 0.3009 -0.9307
vn -0.1060 -0.0023 -0.9944
vn -0.7901 0.1708 -0.5888
vn -0.1752 0.1423 -0.9742
vn -0.4531 0.0761 -0.8882
vn -0.7095 -0.0259 -0.7043
vn -0.4146 0.1043 -0.9040
vn -0.5930 -0.0140 -0.8051
vn -0.5889 -0.0088 -0.8082
vn -0.2164 -0.3440 -0.9137
vn -0.2875 -0.3454 -0.8933
vn -0.3680 -0.1083 -0.9235
vn -0.4307 0.6505 -0.6256
vn -0.3916 0.6343 -0.6666
vn 0.0749 -0.4977 -0.8641
vn -0.1733 -0.0409 -0.9840
vn 0.1103 -0.6536 -0.7487
vn -0.0244 -0.3084 -0.9509
vn -0.0170 -0.3620 -0.9320
vn -0.0535 -0.2962 -0.9536
vn -0.0710 -0.3532 -0.9329
vn -0.0783 -0.4308 -0.8990
vn -0.0237 -0.3904 -0.9203
vn -0.0472 -0.3855 -0.9215
vn -0.1828 -0.3270 -0.9272
vn -0.1584 -0.3332 -0.9295
vn -0.1086 -0.3191 -0.9415
vn -0.0852 -0.3325 -0.9392
vn -0.0332 -0.2826 -0.9587
vn 0.0743 -0.3998 -0.9136
vn -0.0023 -0.3670 -0.9302
vn -0.1562 -0.2394 -0.9583
vn -0.0997 -0.3368 -0.9363
vn -0.0248 -0.3340 -0.9422
vn -0.1983 -0.2584 -0.9455
vn -0.0780 -0.2810 -0.9565
vn -0.0263 -0.3074 -0.9512
vn -0.0257 -0.3595 -0.9328
vn -0.0450 -0.2987 -0.9533
vn -0.0278 -0.3434 -0.9388
vn -0.0142 -0.2454 -0.9693
vn -0.0037 -0.2374 -0.9714
vn -0.0235 -0.2132 -0.9767
vn -0.0541 -0.1882 -0.9806
vn -0.0270 -0.2046 -0.9785
vn -0.0298 -0.2524 -0.9672
vn -0.0438 -0.2151 -0.9756
vn -0.0323 -0.2612 -0.9647
vn -0.0910 -0.1957 -0.9764
vn 0.1586 -0.3047 -0.9391
vn -0.0945 -0.2421 -0.9656
vn -0.0103 -0.2730 -0.9620
vn -0.0574 -0.1921 -0.9797
vn -0.0720 -0.1955 -0.9780
vn -0.0111 -0.2014 -0.9795
vn -0.0205 -0.1978 -0.9800
vn -0.0173 -0.2073 -0.9781
vn -0.0405 -0.1973 -0.9795
vn 0.0353 -0.2668 -0.9631
vn 0.0696 -0.2729 -0.9595
vn -0.0440 -0.2147 -0.9757
vn -0.0430 -0.2557 -0.9658
vn -0.1381 0.1899 -0.9720
vn -0.4537 -0.0295 -0.8907
vn -0.5587 -0.1066 -0.8225
vn 0.0464 -0.2372 -0.9704
vn 0.1975 -0.3277 -0.9239
vn 0.0972 -0.2779 -0.9557
vn 0.1545 -0.3045 -0.9399
vn 0.0399 -0.2564 -0.9657
vn 0.0165 -0.2402 -0.9706
vn -0.0133 -0.2410 -0.9704
vn -0.1117 -0.0243 -0.9934
vn -0.1198 -0.3085 -0.9437
vn -0.2099 -0.2604 -0.9424
vn 0.1110 -0.2880 -0.9512
vn 0.0936 -0.2374 -0.9669
vn 0.0700 -0.2312 -0.9704
vn -0.0418 -0.3912 -0.9194
vn -0.0211 -0.3959 -0.9180
vn 0.0312 0.3460 -0.9377
vn 0.0665 0.3664 -0.9281
vn 0.0781 -0.2853 -0.9553
vn -0.1187 -0.0122 -0.9929
vn -0.1601 -0.3141 -0.9358
vn -0.1632 0.1801 -0.9700
vn -0.2319 0.2913 -0.9281
vn -0.1925 0.3066 -0.9322
vn -0.1935 0.3218 -0.9268
vn -0.0117 -0.1422 -0.9898
vn -0.2413 0.2419 -0.9398
vn -0.2861 0.3047 -0.9085
vn -0.0205 -0.1117 -0.9935
vn -0.0368 -0.0919 -0.9951
vn -0.1193 -0.0945 -0.9883
vn -0.0665 -0.0862 -0.9941
vn 0.0898 0.0439 -0.9950
vn 0.0827 -0.0691 -0.9942
vn -0.6371 0.2213 -0.7383
vn -0.7074 0.0482 -0.7052
vn -0.7517 -0.0184 -0.6592
vn -0.1061 0.3359 -0.9359
vn -0.0327 0.3500 -0.9362
vn -0.0314 0.3400 -0.9399
vn -0.7505 -0.2560 -0.6092
vn -0.4377 -0.0094 -0.8991
vn 0.0933 0.3393 -0.9360
vn -0.4217 0.2408 -0.8742
vn -0.1387 0.2450 -0.9595
vn -0.0848 0.3009 -0.9499
vn -0.0969 0.1509 -0.9838
vn 0.0206 0.2862 -0.9579
vn 0.1859 0.3785 -0.9068
vn 0.0869 0.3360 -0.9378
vn -0.4398 0.2352 -0.8668
vn -0.4165 0.2571 -0.8720
vn -0.3819 0.2273 -0.8958
vn 0.1277 0.3900 -0.9119
vn 0.0282 0.2784 -0.9601
vn -0.3829 0.2257 -0.8958
vn -0.3530 0.1954 -0.9150
vn -0.3621 0.1643 -0.9175
vn 0.0204 0.2744 -0.9614
vn -0.9382 -0.3331 -0.0935
vn -0.9522 -0.3047 0.0228
vn -0.8622 -0.2719 -0.4275
vn -0.0331 0.2221 -0.9745
vn 0.0373 -0.2501 -0.9675
vn 0.4640 -0.1365 -0.8752
vn 0.4391 -0.1350 -0.8882
vn 0.8331 -0.3093 -0.4586
vn 0.0064 -0.2196 -0.9756
vn 0.0186 -0.2219 -0.9749
vn 0.2613 -0.3264 -0.9084
vn 0.2040 -0.3214 -0.9247
vn 0.0282 -0.1485 -0.9885
vn -0.0821 0.1214 -0.9892
vn -0.2508 0.1722 -0.9526
vn -0.1824 0.0599 -0.9814
vn 0.1162 -0.2860 -0.9512
vn 0.2870 -0.2464 -0.9257
vn 0.4780 -0.1368 -0.8676
vn 0.0636 -0.2567 -0.9644
vn 0.1774 -0.3164 -0.9319
vn 0.1738 -0.2826 -0.9434
vn 0.8435 -0.2834 -0.4562
vn 0.0215 -0.1370 -0.9903
vn 0.5118 0.0320 -0.8585
vn 0.6154 0.0517 -0.7865
vn 0.5025 0.0177 -0.8644
vn 0.5821 0.0683 -0.8102
vn 0.5373 0.0292 -0.8429
vn 0.5200 -0.0089 -0.8541
vn 0.5360 -0.0054 -0.8442
vn 0.4225 0.0690 -0.9037
vn 0.5036 0.0229 -0.8636
vn 0.4991 -0.0021 -0.8666
vn 0.9082 -0.3205 -0.2691
vn 0.8557 -0.2628 -0.4458
vn 0.9136 -0.3658 -0.1775
vn -0.3738 0.1684 -0.9121
vn -0.4937 0.1534 -0.8560
vn -0.8715 -0.3150 -0.3759
vn -0.8077 -0.2775 -0.5202
vn -0.9018 -0.3379 -0.2695
vn -0.8515 0.1397 0.5054
vn -0.8969 0.1812 -0.4035
vn -0.8896 0.1340 0.4366
vn -0.9529 0.0757 0.2937
vn -0.9406 0.1836 -0.2856
vn -0.8754 0.1765 -0.4501
vn -0.5887 0.1578 -0.7928
vn -0.6801 0.1374 -0.7201
vn -0.5726 0.1645 -0.8032
vn -0.3922 0.1640 -0.9051
vn -0.3864 0.1963 -0.9012
vn -0.4024 0.1631 -0.9008
vn -0.4836 0.1714 -0.8583
vn -0.9411 0.1060 -0.3211
vn -0.8124 0.1721 -0.5572
vn -0.9637 0.0934 0.2501
vn -0.7389 0.1454 -0.6579
vn -0.8965 0.1513 -0.4165
vn -0.3105 0.1547 -0.9379
vn -0.6706 0.1714 -0.7218
vn -0.8162 0.1847 -0.5474
vn -0.9416 -0.3092 -0.1331
vn -0.8997 -0.3163 -0.3008
vn -0.9065 0.1493 0.3950
vn -0.3198 0.1760 -0.9310
vn -0.9139 -0.2084 -0.3483
vn -0.8820 -0.1603 -0.4431
vn -0.8591 -0.1940 -0.4737
vn -0.6795 0.0321 -0.7330
vn -0.7760 -0.0641 -0.6275
vn -0.4401 0.2193 -0.8708
vn 0.8474 0.2237 0.4815
vn 0.9847 -0.0321 0.1712
vn 0.4614 -0.0554 -0.8855
vn 0.2730 0.0355 -0.9614
vn 0.5881 -0.1010 -0.8025
vn -0.2682 -0.2380 -0.9335
vn -0.4955 -0.3122 -0.8105
vn -0.4626 -0.2717 -0.8439
vn -0.5284 0.0030 -0.8490
vn -0.4876 0.0699 -0.8703
vn -0.8728 -0.1479 -0.4652
vn -0.8574 -0.2436 -0.4533
vn -0.8797 -0.1670 -0.4453
vn -0.5241 0.1513 -0.8381
vn -0.3531 0.1194 -0.9279
vn -0.9503 -0.3110 0.0169
vn -0.8514 -0.1296 -0.5082
vn -0.9579 -0.2868 -0.0079
vn -0.5542 0.1230 -0.8233
vn -0.3822 0.1502 -0.9118
vn -0.2400 0.1111 -0.9644
vn -0.4939 0.0136 -0.8694
vn -0.3634 0.0343 -0.9310
vn -0.8433 -0.2432 -0.4793
vn -0.9329 -0.3485 -0.0910
vn -0.7000 -0.1738 -0.6927
vn -0.9482 -0.2968 -0.1135
vn -0.5581 0.0714 -0.8267
vn -0.2995 0.1495 -0.9423
vn -0.2757 0.0738 -0.9584
vn -0.6966 -0.1813 -0.6941
vn -0.3709 -0.0114 -0.9286
vn -0.5284 -0.1066 -0.8423
vn -0.7012 -0.1798 -0.6900
vn -0.9480 -0.3051 -0.0905
vn -0.0212 0.3311 -0.9434
vn 0.0408 0.3548 -0.9341
vn -0.5404 0.2425 -0.8057
vn -0.6193 0.1407 -0.7724
vn -0.5601 0.1693 -0.8109
vn -0.8305 -0.1300 -0.5416
vn -0.4892 0.1164 -0.8644
vn -0.9314 -0.3040 -0.2004
vn -0.0800 0.2221 -0.9717
vn -0.4077 0.1376 -0.9027
vn -0.3104 0.1235 -0.9426
vn -0.9028 -0.2875 -0.3200
vn -0.0856 0.1737 -0.9811
vn -0.6311 0.0336 -0.7750
vn -0.5210 0.2893 -0.8031
vn -0.5265 0.2667 -0.8073
vn -0.0196 0.3419 -0.9395
vn -0.0818 0.3480 -0.9339
vn -0.0705 0.3087 -0.9486
vn -0.1336 -0.1465 -0.9802
vn -0.1375 0.3123 -0.9400
vn -0.1420 0.3395 -0.9298
vn -0.8487 -0.2435 -0.4695
vn -0.7939 -0.2865 -0.5363
vn -0.7357 -0.2408 -0.6330
vn -0.0946 -0.0561 -0.9939
vn -0.0107 0.3047 -0.9524
vn -0.8284 -0.2217 -0.5145
vn -0.8597 -0.3174 -0.4003
vn -0.1671 0.3316 -0.9285
vn 0.6252 -0.4368 -0.6468
vn 0.3897 -0.2039 -0.8981
vn 0.5590 -0.3396 -0.7564
vn -0.1721 0.1593 -0.9721
vn -0.1697 0.0891 -0.9815
vn -0.2539 0.3196 -0.9129
vn 0.1806 -0.1362 -0.9741
vn 0.0975 -0.1136 -0.9887
vn -0.2309 0.1396 -0.9629
vn -0.3049 0.2108 -0.9288
vn -0.3088 0.2444 -0.9192
vn -0.2417 0.3271 -0.9136
vn -0.0527 0.1534 -0.9868
vn -0.1317 0.2162 -0.9674
vn -0.2499 0.2760 -0.9281
vn 0.1250 0.3093 -0.9427
vn 0.1140 0.2664 -0.9571
vn 0.2790 0.1644 -0.9461
vn -0.0803 -0.0427 -0.9959
vn -0.0693 -0.0511 -0.9963
vn -0.1946 0.2971 -0.9348
vn 0.2241 -0.0612 -0.9726
vn 0.1582 -0.0124 -0.9873
vn 0.1169 0.3533 -0.9282
vn 0.1240 0.3195 -0.9394
vn -0.0778 0.0032 -0.9970
vn 0.1205 -0.0889 -0.9887
vn 0.2996 0.2083 -0.9311
vn 0.3349 -0.0938 -0.9376
vn 0.9333 -0.3393 -0.1174
vn 0.2304 -0.3297 -0.9155
vn 0.8973 -0.3321 -0.2909
vn 0.8938 -0.3729 -0.2492
vn -0.0871 0.0555 -0.9947
vn 0.7261 -0.2465 -0.6419
vn 0.1240 -0.0760 -0.9894
vn 0.4736 -0.1560 -0.8668
vn 0.4082 -0.1268 -0.9041
vn -0.0024 0.0658 -0.9978
vn 0.2364 -0.0038 -0.9716
vn -0.0147 -0.1129 -0.9935
vn 0.0035 -0.0000 -1.0000
vn 0.0091 -0.0743 -0.9972
vn 0.2065 -0.1549 -0.9661
vn 0.2678 -0.3106 -0.9121
vn 0.1816 -0.2297 -0.9562
vn 0.3303 -0.2243 -0.9169
vn 0.2911 -0.5461 -0.7855
vn 0.2617 -0.5810 -0.7707
vn 0.0549 0.4147 -0.9083
vn -0.0352 0.4264 -0.9039
vn -0.6460 0.3230 -0.6917
vn 0.1545 -0.1186 -0.9809
vn 0.0771 -0.1904 -0.9787
vn 0.2283 -0.6701 -0.7063
vn 0.2542 -0.5354 -0.8055
vn 0.1719 -0.5950 -0.7851
vn -0.3115 0.3354 -0.8891
vn -0.4461 0.6325 -0.6332
vn -0.3617 0.2307 -0.9033
vn -0.0234 -0.2340 -0.9720
vn 0.0205 -0.2267 -0.9738
vn -0.0127 -0.2300 -0.9731
vn -0.0071 -0.1666 -0.9860
vn 0.0788 -0.5033 -0.8605
vn 0.0119 -0.2532 -0.9673
vn 0.0154 -0.3857 -0.9225
vn -0.3377 0.5513 -0.7629
vn -0.0898 -0.2679 -0.9593
vn -0.4503 0.5677 -0.6892
vn 0.0030 -0.1738 -0.9848
vn -0.1512 -0.3213 -0.9348
vn -0.1869 0.4334 -0.8816
vn -0.0491 0.2190 -0.9745
vn 0.0738 -0.0197 -0.9971
vn 0.0674 -0.4702 -0.8800
vn 0.1073 -0.6254 -0.7729
vn -0.3013 -0.2037 -0.9315
vn -0.3009 -0.0664 -0.9513
vn -0.2444 -0.1887 -0.9512
vn -0.2588 0.5747 -0.7764
vn -0.1356 0.8322 -0.5376
vn -0.1803 0.8155 -0.5499
vn 0.2601 -0.3168 -0.9122
vn 0.3385 -0.4624 -0.8195
vn 0.1697 0.1764 -0.9696
vn -0.7189 0.4052 -0.5648
vn -0.6099 0.4376 -0.6607
vn 0.2045 -0.0167 -0.9787
vn 0.0859 0.5477 -0.8323
vn 0.0183 0.4940 -0.8693
vn -0.2665 0.2879 -0.9198
vn -0.1088 0.1411 -0.9840
vn 0.1091 0.4979 -0.8604
vn -0.3780 0.4549 -0.8063
vn 0.7132 0.3811 -0.5883
vn -0.0176 0.8474 -0.5306
vn -0.4056 0.5816 -0.7051
vn 0.4077 0.5724 -0.7114
vn 0.1529 0.1991 -0.9680
vn -0.5439 0.4369 -0.7165
vn -0.8029 0.3501 -0.4824
vn -0.2220 -0.0705 -0.9725
vn -0.0628 -0.2596 -0.9637
vn -0.0332 -0.1499 -0.9881
vn -0.2814 0.0646 -0.9574
vn -0.0139 -0.2930 -0.9560
vn -0.0236 -0.2420 -0.9700
vn -0.0198 -0.3849 -0.9227
vn -0.0258 -0.4140 -0.9099
vn 0.0095 -0.1803 -0.9836
vn -0.1571 0.0412 -0.9867
vn -0.1360 0.1309 -0.9820
vn -0.0822 0.1207 -0.9893
vn -0.2311 0.1205 -0.9654
vn -0.2765 0.2175 -0.9361
vn 0.3801 -0.1571 -0.9115
vn 0.6860 -0.3137 -0.6565
vn 0.7957 -0.3421 -0.4998
vn -0.1352 0.1885 -0.9727
vn 0.8124 -0.3381 -0.4752
vn -0.3082 0.2768 -0.9102
vn -0.2903 0.2889 -0.9123
vn 0.8060 -0.3262 -0.4939
vn 0.8950 -0.3234 -0.3074
vn 0.8811 -0.3431 -0.3255
vn 0.4851 0.0739 -0.8714
vn 0.6274 0.0492 -0.7771
vn 0.5633 0.0405 -0.8252
vn 0.7359 -0.1975 -0.6477
vn 0.2966 0.0571 -0.9533
vn 0.5003 0.0433 -0.8648
vn 0.3163 0.1372 -0.9387
vn 0.4554 0.0653 -0.8879
vn 0.5042 0.0095 -0.8635
vn 0.5958 0.0614 -0.8008
vn 0.4997 -0.0234 -0.8659
vn 0.4991 -0.0095 -0.8665
vn 0.4657 -0.0102 -0.8849
vn 0.4373 0.0300 -0.8988
vn 0.5009 -0.0183 -0.8653
vn 0.4869 -0.0315 -0.8729
vn 0.5608 0.0181 -0.8277
vn 0.4062 0.0875 -0.9096
vn 0.6094 0.0398 -0.7919
vn 0.5609 0.0181 -0.8277
vn 0.2618 0.3064 -0.9152
vn 0.3206 0.1721 -0.9315
vn 0.2523 0.2567 -0.9330
vn 0.2504 0.1773 -0.9518
vn 0.4403 -0.0039 -0.8978
vn 0.4186 0.0202 -0.9079
vn 0.3262 0.1280 -0.9366
vn 0.1203 0.2492 -0.9609
vn 0.7003 -0.1625 -0.6951
vn 0.8361 -0.2559 -0.4853
vn 0.2527 0.1616 -0.9539
vn 0.4515 0.1063 -0.8859
vn 0.3613 0.0867 -0.9284
vn 0.2970 0.1531 -0.9425
vn 0.1789 0.3060 -0.9351
vn 0.2230 0.2789 -0.9341
vn 0.2531 0.2945 -0.9215
vn 0.1540 0.3117 -0.9376
vn 0.1744 0.2578 -0.9503
vn 0.7213 0.0791 -0.6881
vn 0.2914 0.1525 -0.9444
vn 0.6793 0.0865 -0.7287
vn 0.6178 0.0642 -0.7837
vn 0.0920 0.1545 -0.9837
vn 0.0845 0.1901 -0.9781
vn 0.0847 0.2424 -0.9665
vn 0.6758 -0.3249 -0.6616
vn 0.6046 -0.1780 -0.7764
vn 0.4918 -0.0363 -0.8700
vn 0.5361 0.0939 -0.8389
vn 0.5893 0.0760 -0.8043
vn 0.3082 0.1291 -0.9425
vn 0.0511 0.2391 -0.9697
vn 0.3053 0.0648 -0.9500
vn 0.8469 -0.3422 -0.4070
vn 0.8087 -0.3360 -0.4828
vn 0.7543 -0.3465 -0.5577
vn 0.4862 -0.0454 -0.8727
vn 0.3099 0.0721 -0.9480
vn 0.7536 -0.2179 -0.6201
vn 0.7211 0.0730 -0.6890
vn 0.8380 0.1286 -0.5303
vn 0.8962 0.1452 -0.4192
vn 0.7312 0.0822 -0.6772
vn 0.1505 0.1296 -0.9801
vn 0.2057 0.0857 -0.9748
vn 0.5646 0.1003 -0.8192
vn 0.7829 0.0734 -0.6179
vn 0.6829 0.0795 -0.7262
vn 0.2903 0.0222 -0.9567
vn 0.7771 0.1110 -0.6195
vn -0.5148 0.1564 -0.8429
vn -0.3962 0.1261 -0.9095
vn -0.4580 0.1583 -0.8747
vn -0.5512 0.1648 -0.8179
vn -0.4688 0.2691 -0.8413
vn 0.8335 0.0968 -0.5439
vn 0.6576 0.0775 -0.7494
vn 0.9352 0.1205 -0.3329
vn 0.8227 0.1256 -0.5544
vn -0.3373 0.1491 -0.9295
vn -0.5157 0.1407 -0.8451
vn -0.1557 0.1678 -0.9734
vn -0.5498 0.2041 -0.8099
vn -0.0664 0.2077 -0.9759
vn -0.2295 0.0519 -0.9719
vn -0.5867 -0.1173 -0.8013
vn -0.5080 -0.0894 -0.8567
vn -0.2196 0.0457 -0.9745
vn -0.4028 0.0053 -0.9153
vn -0.0755 0.1514 -0.9856
vn -0.0647 0.2191 -0.9736
vn -0.0725 0.1768 -0.9816
vn -0.1148 0.0744 -0.9906
vn -0.2618 0.0018 -0.9651
vn -0.7832 0.3667 -0.5021
vn -0.7961 0.2538 -0.5494
vn -0.1077 -0.1033 -0.9888
vn -0.2224 -0.0595 -0.9731
vn -0.0891 -0.1883 -0.9781
vn -0.1259 0.1115 -0.9858
vn -0.1808 0.1547 -0.9713
vn -0.1190 -0.3768 -0.9186
vn 0.0388 -0.5339 -0.8447
vn 0.0568 -0.2878 -0.9560
vn -0.1367 0.1540 -0.9786
vn 0.2331 -0.0290 -0.9720
vn 0.7043 -0.2055 -0.6795
vn 0.8380 -0.3169 -0.4442
vn 0.6534 -0.1536 -0.7412
vn 0.5399 0.0873 -0.8372
vn 0.4437 -0.0306 -0.8956
vn 0.1999 0.0829 -0.9763
vn 0.1767 0.0913 -0.9800
vn 0.5937 -0.1043 -0.7979
vn 0.8274 -0.2861 -0.4833
vn 0.8378 -0.2706 -0.4741
vn 0.8792 -0.3851 -0.2805
vn 0.9252 0.1848 -0.3314
vn 0.4380 0.1216 -0.8907
vn 0.2035 0.1447 -0.9683
vn 0.0724 0.2870 -0.9552
vn 0.0833 0.3149 -0.9454
vn 0.2710 0.1502 -0.9508
vn 0.8608 -0.3948 -0.3213
vn 0.7448 -0.3289 -0.5806
vn 0.5826 -0.2009 -0.7876
vn 0.5412 -0.2560 -0.8010
vn 0.2759 -0.0666 -0.9589
vn 0.6157 -0.1542 -0.7727
vn 0.2335 0.3386 -0.9115
vn 0.3946 0.1821 -0.9006
vn 0.3046 0.2191 -0.9269
vn 0.7401 -0.3658 -0.5643
vn 0.3914 0.0623 -0.9181
vn 0.3496 0.1552 -0.9239
vn 0.3049 0.2414 -0.9213
vn 0.2492 0.3044 -0.9194
vn 0.1386 0.3021 -0.9432
vn 0.2253 0.2908 -0.9299
vn 0.2439 0.3362 -0.9097
vn 0.6958 -0.3912 -0.6023
vn 0.7303 -0.4054 -0.5499
vn 0.2334 0.3386 -0.9115
vn 0.5433 -0.1934 -0.8170
vn 0.4383 -0.2493 -0.8636
vn 0.3264 0.0378 -0.9445
vn 0.3482 -0.1773 -0.9205
vn 0.0914 0.3027 -0.9487
vn 0.0803 0.2640 -0.9612
vn -0.5941 0.2297 -0.7709
vn -0.5726 0.2487 -0.7812
vn -0.0856 0.1516 -0.9847
vn -0.0605 0.1375 -0.9887
vn -0.1335 0.2466 -0.9599
vn -0.0312 0.1366 -0.9901
vn -0.1030 -0.0670 -0.9924
vn -0.2859 -0.0210 -0.9580
vn -0.4313 -0.0920 -0.8975
vn -0.2798 -0.0815 -0.9566
vn -0.5346 -0.0005 -0.8451
vn -0.1030 0.2626 -0.9594
vn -0.0565 0.0898 -0.9944
vn 0.0350 0.0365 -0.9987
vn -0.1805 -0.0809 -0.9802
vn -0.5228 0.3053 -0.7959
vn -0.4977 0.2768 -0.8220
vn -0.7615 -0.2443 -0.6004
vn 0.1085 0.0220 -0.9939
vn 0.2406 -0.0200 -0.9704
vn 0.1170 0.1664 -0.9791
vn -0.4211 0.0305 -0.9065
vn -0.2363 -0.0794 -0.9684
vn -0.4658 0.2240 -0.8560
vn 0.0497 0.0684 -0.9964
vn -0.1117 0.2220 -0.9686
vn 0.1827 -0.0453 -0.9821
vn 0.3443 0.0118 -0.9388
vn 0.2568 -0.1630 -0.9526
vn 0.1426 0.2901 -0.9463
vn 0.2745 -0.1494 -0.9499
vn 0.4063 -0.3091 -0.8599
vn 0.4405 -0.2716 -0.8557
vn 0.1360 0.0023 -0.9907
vn 0.5900 -0.3012 -0.7491
vn 0.6682 -0.4347 -0.6038
vn 0.0022 0.1007 -0.9949
vn 0.5367 -0.0942 -0.8385
vn -0.1112 0.2054 -0.9723
vn 0.3024 -0.1415 -0.9426
vn 0.5315 -0.2552 -0.8077
vn 0.7626 -0.3402 -0.5502
vn 0.2500 0.1453 -0.9573
vn -0.1513 0.2038 -0.9672
vn 0.0421 0.2696 -0.9621
vn 0.2426 0.2136 -0.9463
vn -0.7613 -0.0968 -0.6411
vn 0.0240 -0.2282 -0.9733
vn 0.0432 0.2048 -0.9779
vn -0.5827 -0.0727 -0.8094
vn -0.7236 0.0096 -0.6902
vn -0.6361 -0.0301 -0.7710
vn -0.5360 0.0054 0.8442
vn -0.5608 -0.0180 0.8277
vn -0.5036 -0.0229 0.8636
vn -0.9068 -0.0048 0.4216
vn -0.9789 0.0171 0.2034
vn -0.7849 0.0947 0.6123
vn -0.4225 -0.9039 -0.0670
vn -0.7851 -0.5815 0.2132
vn -0.3992 -0.9097 -0.1140
vn 0.9915 0.1038 -0.0780
vn 0.9869 0.1610 -0.0114
vn 0.9855 0.1343 -0.1035
vn -0.9770 0.1835 0.1088
vn -0.9951 0.0940 -0.0300
vn -0.9853 0.1667 -0.0372
vn -0.4329 -0.4469 0.7829
vn -0.8349 -0.2305 0.4997
vn -0.8240 -0.1762 0.5384
vn -0.7776 -0.4355 0.4535
vn -0.6422 -0.4038 0.6516
vn 0.9687 0.2377 -0.0712
vn 0.9821 0.1829 -0.0443
vn -0.5361 -0.0939 0.8389
vn -0.7395 -0.1055 0.6649
vn -0.7770 -0.1109 0.6197
vn -0.9906 0.1061 0.0863
vn -0.7134 -0.3811 0.5880
vn -0.7590 -0.4301 0.4888
vn 0.9682 0.1958 -0.1555
vn -0.5146 -0.7109 0.4793
vn 0.0921 -0.9589 0.2685
vn -0.5250 -0.7122 0.4661
vn -0.2403 -0.5223 0.8182
vn -0.1569 -0.3562 0.9212
vn -0.1287 -0.5569 0.8205
vn -0.3200 -0.4020 0.8579
vn -0.2483 -0.4066 0.8792
vn 0.2648 -0.6619 0.7012
vn -0.3108 -0.7677 0.5604
vn -0.3070 -0.6546 0.6908
vn -0.1495 -0.6186 0.7713
vn -0.6923 -0.6535 0.3061
vn -0.9361 0.2799 0.2130
vn -0.7999 -0.2584 0.5416
vn -0.1528 -0.1985 0.9681
vn 0.0878 -0.3487 0.9331
vn -0.2989 -0.2088 0.9312
vn -0.1859 -0.3780 0.9069
vn -0.0933 -0.3390 0.9362
vn -0.0821 -0.2557 0.9633
vn -0.3306 0.0209 0.9436
vn -0.3135 -0.0076 0.9496
vn -0.2371 -0.0764 0.9685
vn -0.6156 -0.0517 0.7864
vn -0.8432 -0.1170 0.5247
vn -0.7402 -0.0809 0.6675
vn -0.6093 -0.0398 0.7919
vn -0.6720 -0.0706 0.7372
vn -0.7169 -0.0828 0.6922
vn -0.0665 -0.3664 0.9281
vn 0.0314 -0.3400 0.9399
vn 0.0212 -0.3310 0.9434
vn -0.5958 -0.0615 0.8008
vn -0.0169 -0.6089 0.7931
vn -0.0196 -0.5427 0.8397
vn -0.3891 -0.2105 0.8968
vn -0.6206 -0.0759 0.7805
vn -0.4063 -0.0875 0.9095
vn -0.4226 -0.0689 0.9037
vn -0.2791 -0.1643 0.9461
vn -0.2503 -0.1773 0.9518
vn -0.6180 -0.0641 0.7836
vn -0.7309 -0.0820 0.6775
vn -0.6793 -0.0864 0.7288
vn -0.6829 -0.0795 0.7262
vn -0.9158 -0.1264 0.3812
vn -0.2034 -0.1446 0.9684
vn -0.3080 -0.1292 0.9426
vn -0.2440 -0.3361 0.9097
vn -0.2335 -0.3386 0.9115
vn -0.2535 -0.2941 0.9215
vn -0.7824 -0.0736 0.6185
vn 0.0105 -0.3048 0.9524
vn 0.0663 -0.2078 0.9759
vn 0.0705 -0.3087 0.9486
vn -0.1240 -0.3194 0.9395
vn -0.3049 -0.2188 0.9269
vn -0.1141 -0.5311 0.8396
vn 0.0334 -0.5859 0.8097
vn -0.1044 -0.5842 0.8049
vn -0.7875 0.1392 0.6003
vn -0.6648 0.0995 0.7403
vn -0.5937 0.7247 0.3496
vn -0.6623 0.6089 0.4366
vn -0.4198 0.7332 0.5350
vn -0.8217 0.1728 0.5431
vn -0.7555 0.1550 0.6366
vn -0.7321 0.1378 0.6671
vn -0.8198 0.1509 0.5524
vn -0.3444 0.5340 0.7722
vn -0.4259 0.7099 0.5609
vn -0.4076 0.5627 0.7192
vn -0.6598 0.1131 0.7429
vn -0.8062 0.1450 0.5737
vn 0.3325 0.7639 0.5531
vn 0.4530 0.8065 0.3798
vn 0.4459 0.8232 0.3514
vn -0.2686 0.6322 0.7268
vn -0.6393 0.6782 0.3625
vn 0.0057 0.7277 0.6858
vn -0.8843 0.1780 0.4316
vn -0.3238 0.9085 0.2641
vn -0.4533 0.8549 0.2524
vn -0.8281 0.3668 0.4240
vn 0.3969 0.9111 -0.1114
vn -0.6748 0.1233 0.7276
vn -0.6835 0.1127 0.7212
vn -0.7953 0.1355 0.5909
vn 0.2343 0.9629 0.1341
vn -0.1460 0.8546 0.4984
vn 0.1842 0.9731 0.1381
vn -0.3464 0.7342 0.5840
vn -0.2021 0.6646 0.7194
vn -0.4077 0.7981 0.4436
vn -0.5506 0.0373 0.8339
vn -0.4655 0.0417 0.8840
vn -0.5932 0.0321 0.8044
vn 0.1091 0.2557 0.9606
vn -0.1959 0.2466 0.9491
vn 0.1021 0.3401 0.9348
vn -0.6832 0.0217 0.7299
vn -0.6482 0.0296 0.7609
vn -0.5990 0.0363 0.7999
vn -0.2913 0.4396 0.8496
vn -0.5317 0.0682 0.8442
vn -0.5234 0.0764 0.8487
vn -0.5175 0.0816 0.8518
vn -0.7556 0.0809 0.6500
vn -0.7349 0.0559 0.6759
vn -0.7492 0.0384 0.6612
vn -0.7356 0.1547 0.6595
vn -0.9344 0.2050 0.2913
vn -0.8923 0.1651 0.4202
vn -0.8427 0.1515 0.5166
vn -0.7743 0.1019 0.6246
vn -0.8595 0.1522 0.4879
vn -0.2835 0.6494 0.7056
vn -0.2802 0.6617 0.6955
vn -0.4665 0.5472 0.6949
vn -0.8606 -0.4476 0.2427
vn -0.9140 -0.3231 0.2455
vn -0.7654 -0.5999 0.2330
vn -0.4207 0.8767 0.2333
vn -0.1752 0.9753 0.1342
vn -0.1659 0.8510 0.4983
vn -0.7915 -0.5224 0.3173
vn -0.2997 0.5203 0.7997
vn -0.3496 0.5056 0.7888
vn -0.3495 0.5123 0.7844
vn -0.8472 -0.3917 0.3591
vn -0.7650 -0.4077 0.4985
vn -0.5381 0.3889 0.7478
vn -0.6939 0.6658 0.2741
vn 0.1512 0.9478 0.2807
vn -0.3722 0.8378 0.3995
vn 0.2363 0.4303 0.8712
vn 0.7324 0.3249 0.5983
vn -0.7720 0.6267 0.1066
vn 0.2546 0.9652 0.0603
vn 0.1933 0.5927 0.7819
vn -0.4076 0.7982 0.4436
vn -0.2158 0.8376 0.5019
vn 0.0444 0.4314 0.9011
vn -0.1955 0.5308 0.8246
vn -0.0082 0.3558 0.9345
vn -0.4607 0.4467 0.7670
vn -0.6033 0.2853 0.7447
vn -0.4723 0.4261 0.7716
vn -0.6139 0.5587 0.5577
vn -0.5973 0.5871 0.5464
vn -0.3554 0.5553 0.7519
vn -0.5793 0.8043 0.1321
vn -0.0202 -0.8815 -0.4718
vn -0.3078 0.5019 0.8083
vn -0.1038 0.5644 0.8189
vn -0.1763 0.9700 0.1675
vn 0.5196 0.8293 0.2055
vn 0.3139 0.6519 0.6903
vn 0.4281 0.6790 0.5964
vn 0.2212 0.6078 0.7627
vn -0.7026 0.6848 0.1933
vn 0.2543 0.3759 0.8911
vn -0.6877 0.0508 0.7242
vn -0.6587 0.0549 0.7504
vn -0.7053 0.0283 0.7084
vn -0.6203 0.0325 0.7837
vn -0.6700 0.0239 0.7420
vn -0.6845 0.0180 0.7288
vn -0.2763 0.5233 0.8061
vn -0.3277 0.5340 0.7794
vn -0.5448 0.6585 0.5192
vn 0.0148 0.4960 0.8682
vn 0.6055 0.1142 0.7876
vn 0.6621 0.0821 0.7449
vn 0.6730 0.0552 0.7375
vn 0.5069 0.1200 0.8536
vn 0.4699 0.1121 0.8756
vn 0.4634 0.1153 0.8786
vn -0.0588 0.8282 0.5574
vn 0.1322 0.4275 0.8943
vn 0.7600 -0.3097 0.5714
vn 0.5330 -0.3272 0.7803
vn 0.7347 -0.1215 0.6675
vn -0.4403 0.7358 0.5145
vn 0.8676 -0.3962 -0.3004
vn 0.8226 0.1576 0.5464
vn 0.0526 0.8884 0.4561
vn 0.7113 0.1544 0.6857
vn -0.7654 0.0302 0.6428
vn -0.7918 0.0481 0.6089
vn -0.7792 0.0501 0.6248
vn -0.7080 0.6027 0.3681
vn 0.7356 -0.0076 0.6773
vn 0.7165 -0.0193 0.6973
vn 0.6381 -0.0138 0.7699
vn 0.8298 -0.0728 0.5533
vn 0.8770 -0.1057 0.4688
vn 0.8372 -0.2080 0.5057
vn -0.1273 0.5188 0.8454
vn 0.0484 0.5504 0.8335
vn 0.6827 0.1248 0.7199
vn 0.4451 0.2498 0.8599
vn 0.4160 0.1300 0.9000
vn 0.8217 -0.0891 0.5629
vn 0.9797 0.0953 -0.1761
vn -0.1574 0.6688 0.7266
vn 0.2512 0.7786 0.5750
vn 0.3959 0.6465 0.6521
vn 0.1396 0.7853 0.6032
vn -0.3900 0.6577 0.6444
vn -0.0044 0.5261 0.8504
vn 0.0603 0.5330 0.8440
vn 0.4025 -0.6881 0.6037
vn 0.7586 -0.6026 0.2476
vn 0.8521 -0.4537 0.2611
vn 0.8179 -0.4752 0.3244
vn 0.5008 0.7262 0.4710
vn -0.3694 0.4917 0.7886
vn -0.3299 0.5051 0.7975
vn -0.3290 0.4530 0.8286
vn -0.1463 0.5422 0.8274
vn 0.4738 0.2432 0.8464
vn 0.4295 0.1106 0.8963
vn -0.5013 0.3636 0.7852
vn -0.6245 0.1675 0.7629
vn -0.0192 0.4702 0.8824
vn 0.0041 0.4649 0.8853
vn 0.0007 0.4998 0.8662
vn 0.4903 0.6390 0.5927
vn 0.4105 0.6030 0.6840
vn 0.3691 0.4844 0.7932
vn -0.0305 0.4480 0.8935
vn -0.1094 0.4288 0.8968
vn -0.3118 0.5479 0.7763
vn -0.3593 0.4255 0.8306
vn -0.3039 0.3790 0.8741
vn -0.4186 0.3075 0.8545
vn -0.3584 0.4178 0.8349
vn -0.3929 0.3567 0.8476
vn -0.4029 0.4560 0.7935
vn -0.2814 0.5211 0.8058
vn -0.1779 0.4934 0.8514
vn -0.0696 0.4978 0.8645
vn -0.0538 0.4879 0.8712
vn -0.0415 0.4902 0.8706
vn -0.0539 0.4879 0.8713
vn -0.0357 0.4916 0.8701
vn -0.0161 0.5003 0.8657
vn -0.5216 0.1372 0.8421
vn -0.4791 0.2952 0.8266
vn -0.6798 0.0103 0.7333
vn -0.6124 0.0225 0.7902
vn -0.5879 0.0087 0.8089
vn 0.9425 -0.0474 0.3309
vn 0.9341 -0.0788 0.3481
vn 0.9274 -0.0220 0.3735
vn 0.8392 -0.3068 0.4491
vn 0.8890 -0.2476 0.3851
vn 0.8831 -0.3233 0.3400
vn 0.8575 -0.1870 0.4794
vn 0.4642 0.1937 0.8643
vn 0.6257 0.0895 0.7749
vn -0.2078 0.5035 0.8387
vn -0.7236 0.0408 0.6890
vn -0.7124 0.0632 0.6989
vn -0.7023 0.0488 0.7102
vn -0.7594 -0.0968 0.6434
vn -0.7411 -0.2106 0.6375
vn -0.4826 -0.8615 0.1581
vn -0.6973 0.1126 0.7079
vn -0.5838 0.2980 0.7553
vn -0.6899 0.1556 0.7070
vn -0.5500 -0.2469 0.7978
vn -0.9414 0.1414 0.3062
vn -0.5221 0.0823 0.8489
vn -0.5981 0.1058 0.7944
vn -0.6075 0.1115 0.7865
vn -0.6951 0.0401 0.7178
vn -0.6405 0.0538 0.7661
vn -0.6786 0.0523 0.7326
vn -0.5304 0.0626 0.8454
vn -0.5325 0.0844 0.8422
vn -0.5645 0.0766 0.8219
vn -0.6128 0.0745 0.7868
vn -0.5851 0.0821 0.8068
vn -0.5794 0.0588 0.8129
vn -0.5586 0.0518 0.8278
vn -0.6516 0.0483 0.7570
vn -0.7163 0.0165 0.6976
vn -0.5909 0.0917 0.8015
vn -0.5421 0.0631 0.8379
vn -0.7356 0.1546 0.6596
vn -0.6844 0.1115 0.7206
vn -0.6114 0.0480 0.7899
vn -0.6385 0.0269 0.7691
vn -0.6740 0.0212 0.7385
vn -0.6048 0.0326 0.7957
vn -0.8602 0.1503 0.4873
vn -0.7229 0.0133 0.6908
vn -0.7247 0.0141 0.6889
vn -0.7065 0.0214 0.7074
vn -0.7210 0.0183 0.6927
vn -0.7144 0.0221 0.6994
vn -0.7117 0.0191 0.7022
vn -0.6169 0.0757 0.7834
vn -0.6518 0.1048 0.7511
vn -0.7505 0.1349 0.6470
vn -0.6346 0.0851 0.7681
vn -0.6585 0.0830 0.7480
vn -0.8002 0.1395 0.5833
vn -0.6956 0.0847 0.7134
vn -0.7256 0.1268 0.6763
vn -0.7227 0.0286 0.6905
vn -0.7203 0.0174 0.6934
vn -0.7127 0.0145 0.7014
vn -0.9531 0.1821 0.2416
vn -0.9031 0.1572 0.3997
vn -0.7386 0.0271 0.6736
vn -0.9238 0.1612 0.3473
vn -0.6916 0.0253 0.7219
vn 0.2893 0.0076 0.9572
vn 0.4065 -0.0027 0.9136
vn 0.3304 0.0022 0.9438
vn -0.7403 0.0963 0.6654
vn 0.5068 -0.0100 0.8620
vn 0.5724 -0.0053 0.8199
vn 0.4803 -0.0043 0.8771
vn -0.7350 0.0204 0.6778
vn -0.7180 0.0189 0.6958
vn -0.7349 0.0195 0.6779
vn -0.9603 0.1308 0.2463
vn -0.7818 0.1033 0.6149
vn -0.7628 0.0459 0.6450
vn -0.7817 0.0856 0.6177
vn -0.8293 0.1407 0.5408
vn -0.8397 0.1044 0.5329
vn -0.8694 0.1440 0.4726
vn -0.8239 0.1204 0.5538
vn -0.9042 0.1431 0.4025
vn -0.9527 0.1242 0.2774
vn -0.9257 0.1162 0.3599
vn -0.8013 0.0796 0.5929
vn -0.8293 0.1408 0.5408
vn -0.2409 0.0581 0.9688
vn -0.1107 0.0517 0.9925
vn -0.1248 0.0563 0.9906
vn -0.7511 0.0271 0.6596
vn -0.7667 0.0212 0.6417
vn -0.7951 0.0227 0.6061
vn -0.8033 0.0392 0.5942
vn -0.9139 -0.1111 0.3905
vn -0.8655 0.0515 0.4982
vn -0.8823 -0.0703 0.4654
vn -0.6207 -0.0091 0.7840
vn -0.7073 0.0171 0.7067
vn -0.5027 0.0502 0.8630
vn -0.8434 -0.1525 0.5152
vn -0.8865 -0.2720 0.3744
vn -0.7959 0.0140 0.6053
vn -0.8295 0.0451 0.5567
vn -0.6984 0.0358 0.7148
vn -0.6730 0.0394 0.7386
vn -0.6471 0.0260 0.7619
vn -0.6280 0.0317 0.7776
vn -0.5251 0.0460 0.8498
vn -0.3992 0.0515 0.9154
vn -0.5282 0.0464 0.8478
vn -0.7489 0.0016 0.6627
vn -0.7680 0.0017 0.6404
vn -0.9305 -0.1603 0.3294
vn -0.9074 -0.0305 0.4192
vn -0.9021 -0.0207 0.4311
vn -0.8960 0.0624 0.4397
vn -0.8632 -0.0090 0.5047
vn -0.9286 -0.0758 0.3633
vn -0.8963 0.0109 0.4432
vn -0.8789 -0.1712 0.4452
vn -0.6977 0.0352 0.7156
vn -0.6960 0.0309 0.7173
vn -0.5799 0.0281 0.8142
vn -0.6634 0.0305 0.7476
vn -0.6428 0.0229 0.7657
vn -0.3739 0.0556 0.9258
vn -0.4695 0.0420 0.8819
vn -0.3324 0.0354 0.9425
vn -0.5204 0.0404 0.8529
vn -0.5081 0.0426 0.8602
vn -0.4796 0.0444 0.8764
vn -0.3747 0.0563 0.9254
vn -0.7594 -0.2731 0.5905
vn -0.6014 -0.1192 0.7900
vn -0.7383 0.0276 0.6740
vn -0.6962 0.0376 0.7169
vn -0.7084 0.0262 0.7053
vn -0.7032 0.0295 0.7104
vn -0.5088 0.0246 0.8605
vn -0.1379 0.0635 0.9884
vn -0.0104 0.0520 0.9986
vn -0.2308 0.0478 0.9718
vn -0.0260 0.0475 0.9985
vn 0.7215 -0.0123 0.6923
vn 0.6751 -0.0132 0.7376
vn 0.6490 -0.0161 0.7606
vn 0.7031 -0.0105 0.7110
vn 0.6770 -0.0162 0.7358
vn 0.7097 -0.0025 0.7045
vn 0.4660 -0.0058 0.8847
vn 0.4466 -0.0039 0.8947
vn 0.3831 -0.0000 0.9237
vn -0.8789 -0.3817 0.2860
vn -0.9361 -0.2447 0.2528
vn -0.9405 -0.2138 0.2641
vn -0.9193 -0.2831 0.2735
vn -0.5650 -0.6085 0.5573
vn -0.8366 -0.2814 0.4701
vn -0.9123 -0.2381 0.3333
vn -0.9252 -0.2027 0.3209
vn -0.9154 -0.2362 0.3260
vn -0.9513 -0.0901 0.2947
vn -0.9439 -0.0711 0.3224
vn -0.9402 -0.0012 0.3407
vn -0.8905 -0.1523 0.4288
vn -0.9405 -0.1744 0.2916
vn -0.9514 0.0018 0.3081
vn -0.9537 -0.0281 0.2995
vn -0.9503 -0.0414 0.3084
vn -0.9340 -0.1885 0.3035
vn -0.9276 -0.2322 0.2927
vn -0.7884 0.0081 0.6151
vn -0.7879 -0.0196 0.6155
vn -0.8215 0.0102 0.5701
vn -0.8591 -0.3034 0.4122
vn -0.7718 -0.3217 0.5485
vn -0.9471 0.0545 0.3163
vn -0.9300 0.0307 0.3662
vn -0.8699 -0.0364 0.4918
vn -0.7584 -0.0007 0.6518
vn -0.8035 0.1322 0.5804
vn -0.8256 -0.3592 0.4352
vn -0.4271 -0.2486 0.8693
vn -0.3556 -0.1553 0.9217
vn -0.3284 -0.0883 0.9404
vn -0.7885 0.0782 0.6100
vn -0.9292 -0.0188 0.3692
vn -0.7020 -0.2461 0.6683
vn -0.8227 -0.1806 0.5391
vn -0.9522 0.0469 0.3019
vn 0.7320 -0.0097 0.6813
vn 0.7946 0.1664 0.5839
vn 0.7933 0.1596 0.5876
vn 0.8215 0.1644 0.5461
vn 0.5889 0.1352 0.7968
vn 0.4913 0.1301 0.8612
vn 0.5211 0.1142 0.8458
vn 0.7604 0.1616 0.6291
vn 0.8383 0.1462 0.5253
vn 0.7895 0.1497 0.5952
vn 0.6008 0.1055 0.7924
vn 0.1650 0.0224 0.9860
vn 0.2057 0.0188 0.9784
vn 0.2824 0.0097 0.9592
vn 0.1962 0.0131 0.9805
vn 0.8025 0.1494 0.5776
vn 0.7875 0.1634 0.5942
vn 0.7991 -0.3008 0.5205
vn 0.7250 -0.2764 0.6309
vn 0.8062 -0.1935 0.5591
vn 0.8300 0.1788 0.5282
vn 0.8193 -0.0646 0.5696
vn 0.8073 -0.1936 0.5575
vn 0.7408 -0.0006 0.6717
vn 0.6605 -0.5582 0.5022
vn 0.7779 -0.4608 0.4273
vn 0.8861 -0.3641 0.2869
vn 0.9159 -0.2748 0.2925
vn 0.2953 0.9108 0.2886
vn 0.1687 0.5247 0.8344
vn 0.0313 0.4997 0.8656
vn 0.2692 0.6854 0.6766
vn 0.1377 0.5619 0.8156
vn 0.2921 0.3837 0.8760
vn 0.9050 -0.1838 0.3837
vn 0.8564 0.0051 0.5162
vn 0.8833 0.0531 0.4658
vn 0.9142 -0.1064 0.3911
vn 0.9439 -0.1418 0.2983
vn 0.9513 -0.0703 0.3003
vn 0.9160 -0.2338 0.3259
vn 0.8790 -0.0930 0.4677
vn 0.7480 0.1990 0.6332
vn 0.9431 0.0158 0.3320
vn 0.9198 -0.2043 0.3350
vn 0.9142 -0.1064 0.3910
vn 0.9171 -0.2258 0.3286
vn 0.9239 -0.1096 0.3666
vn 0.9189 -0.0390 0.3927
vn 0.8108 0.0725 0.5809
vn 0.8702 -0.1851 0.4567
vn 0.9190 -0.1871 0.3469
vn 0.9117 -0.1074 0.3965
vn 0.8796 -0.2504 0.4045
vn 0.9063 -0.1937 0.3757
vn 0.8745 -0.0417 0.4832
vn 0.9056 -0.0399 0.4223
vn 0.9374 -0.1241 0.3252
vn 0.9263 -0.2640 0.2688
vn 0.9459 -0.1764 0.2722
vn 0.2343 0.1959 0.9522
vn 0.1944 -0.0369 0.9802
vn 0.3689 -0.1258 0.9209
vn 0.7157 -0.2037 0.6680
vn 0.8997 -0.3540 0.2554
vn 0.7394 -0.0221 0.6729
vn 0.8299 -0.0118 0.5578
vn 0.7986 -0.0099 0.6017
vn 0.9177 0.0016 0.3974
vn 0.9268 0.0193 0.3751
vn 0.9283 0.0663 0.3660
vn 0.5355 -0.2364 0.8108
vn 0.4281 -0.1794 0.8857
vn 0.3166 -0.2260 0.9212
vn 0.6920 -0.2310 0.6839
vn 0.7739 -0.1816 0.6068
vn 0.9179 0.0802 0.3885
vn 0.9029 -0.0057 0.4298
vn 0.7902 -0.0659 0.6093
vn 0.8192 -0.0238 0.5731
vn 0.0422 0.1508 0.9877
vn 0.7992 -0.0206 0.6007
vn 0.8368 -0.0092 0.5474
vn 0.8426 -0.0118 0.5385
vn 0.0750 -0.0688 0.9948
vn -0.0067 0.3992 0.9168
vn -0.0033 0.3421 0.9397
vn 0.0266 0.3342 0.9421
vn 0.2273 -0.0873 0.9699
vn 0.0500 0.0129 0.9987
vn 0.1203 -0.0119 0.9927
vn 0.0200 0.0664 0.9976
vn 0.0757 0.0132 0.9970
vn 0.0170 0.0899 0.9958
vn -0.0115 0.0371 0.9992
vn 0.7520 -0.0082 0.6591
vn 0.7807 -0.0189 0.6246
vn 0.7943 -0.0423 0.6061
vn 0.8362 -0.0263 0.5478
vn 0.0415 0.3079 0.9505
vn 0.0010 0.3049 0.9524
vn 0.0012 0.3432 0.9393
vn 0.5899 -0.0458 0.8062
vn 0.6318 -0.0026 0.7751
vn 0.4383 -0.0202 0.8986
vn -0.0056 0.3764 0.9265
vn 0.1848 0.0341 0.9822
vn 0.3509 -0.0096 0.9364
vn 0.5798 0.0049 0.8147
vn 0.0935 0.0292 0.9952
vn 0.2545 -0.0041 0.9671
vn -0.3499 0.0326 0.9362
vn -0.4791 0.0059 0.8778
vn -0.4440 0.0243 0.8957
vn 0.4507 0.0092 0.8926
vn 0.5856 -0.1505 0.7965
vn -0.0144 0.2911 0.9566
vn -0.0017 0.2330 0.9725
vn -0.0001 0.3079 0.9514
vn -0.0033 0.3624 0.9320
vn -0.0021 0.2264 0.9740
vn 0.0006 0.1563 0.9877
vn -0.6237 -0.0115 0.7816
vn -0.6563 -0.0251 0.7541
vn -0.4902 -0.0212 0.8714
vn 0.0012 0.3249 0.9457
vn -0.0028 0.1416 0.9899
vn -0.3906 0.0071 0.9205
vn -0.4247 -0.0221 0.9051
vn -0.4511 -0.0091 0.8924
vn -0.0271 0.4773 0.8783
vn -0.0150 0.5008 0.8654
vn -0.0204 0.4814 0.8762
vn -0.0049 0.4530 0.8915
vn -0.0017 0.3657 0.9307
vn -0.3423 0.5119 0.7879
vn -0.2717 0.4877 0.8297
vn -0.1138 0.2897 0.9503
vn -0.0467 0.3297 0.9429
vn -0.1394 0.3581 0.9232
vn -0.0073 0.0704 0.9975
vn -0.5349 0.1701 0.8276
vn -0.0410 0.2641 0.9636
vn -0.7664 -0.0713 0.6383
vn -0.0838 0.4998 0.8621
vn -0.0115 0.4555 0.8902
vn -0.7278 0.0169 0.6856
vn -0.7454 0.0240 0.6662
vn -0.7081 0.0198 0.7059
vn -0.6964 0.0227 0.7173
vn -0.6703 0.0271 0.7416
vn -0.6474 0.0257 0.7617
vn -0.5624 0.0344 0.8262
vn -0.6085 0.0318 0.7929
vn -0.0167 0.0536 0.9984
vn -0.0070 0.0528 0.9986
vn -0.0507 0.0495 0.9975
vn -0.4835 -0.0052 0.8753
vn -0.4256 0.0192 0.9047
vn -0.5260 -0.0116 0.8504
vn -0.6231 -0.0168 0.7820
vn -0.6052 -0.0386 0.7952
vn -0.8237 -0.0316 0.5661
vn -0.5281 0.0136 0.8490
vn 0.0118 0.1027 0.9946
vn -0.4953 0.0343 0.8681
vn -0.2945 -0.0210 0.9554
vn -0.4497 -0.0006 0.8932
vn -0.2913 0.0211 0.9564
vn -0.0115 0.0490 0.9987
vn -0.0313 0.0677 0.9972
vn -0.0057 0.0903 0.9959
vn -0.2662 0.0165 0.9638
vn -0.2218 0.0517 0.9737
vn -0.1274 0.0379 0.9911
vn -0.1118 0.0905 0.9896
vn -0.2602 -0.2001 0.9446
vn -0.6803 -0.2537 0.6876
vn -0.4783 -0.0785 0.8747
vn -0.4801 -0.1316 0.8673
vn -0.5785 -0.2734 0.7685
vn -0.1152 -0.0928 0.9890
vn -0.2198 0.2131 0.9520
vn -0.1271 0.0208 0.9917
vn -0.1345 -0.0110 0.9909
vn -0.0897 0.0254 0.9956
vn -0.0528 0.0051 0.9986
vn -0.0288 0.0422 0.9987
vn -0.0678 0.0663 0.9955
vn -0.1723 0.2965 0.9394
vn -0.3206 0.1486 0.9355
vn -0.0897 0.0253 0.9956
vn -0.0758 0.0015 0.9971
vn -0.0076 0.0245 0.9997
vn -0.0458 0.0259 0.9986
vn -0.0836 0.0556 0.9949
vn -0.0324 0.0530 0.9981
vn -0.0666 0.2714 0.9602
vn -0.3039 0.4097 0.8601
vn -0.5058 0.3591 0.7844
vn -0.4078 0.3271 0.8525
vn -0.6095 0.2756 0.7433
vn -0.5349 0.1702 0.8276
vn -0.2889 0.2434 0.9259
vn -0.1756 0.2652 0.9481
vn -0.0321 0.1065 0.9938
vn -0.0077 0.1196 0.9928
vn -0.8904 -0.1523 0.4289
vn -0.0027 0.1113 0.9938
vn 0.0031 0.0590 0.9983
vn -0.0033 0.0541 0.9985
vn 0.0190 0.0424 0.9989
vn -0.0316 0.0945 0.9950
vn -0.0092 0.0787 0.9969
vn -0.0039 0.0565 0.9984
vn 0.0153 0.1019 0.9947
vn -0.4084 0.0511 0.9114
vn -0.3384 0.0589 0.9392
vn -0.3120 0.0364 0.9494
vn -0.1455 0.0514 0.9880
vn -0.0293 0.0467 0.9985
vn -0.1168 0.0398 0.9924
vn -0.1113 0.0496 0.9926
vn -0.1804 0.0319 0.9831
vn -0.2834 0.0505 0.9577
vn -0.2314 0.0535 0.9714
vn 0.0128 0.0523 0.9985
vn 0.0246 0.0485 0.9985
vn 0.1439 0.0632 0.9876
vn -0.4552 0.0425 0.8894
vn -0.5260 0.0422 0.8494
vn -0.3977 0.0493 0.9162
vn -0.5585 0.0359 0.8287
vn -0.4373 0.0514 0.8978
vn -0.3419 0.0536 0.9382
vn -0.3215 0.0511 0.9455
vn -0.4343 0.0531 0.8992
vn -0.2305 0.0528 0.9716
vn -0.1952 0.0511 0.9794
vn -0.1174 0.0550 0.9916
vn -0.2522 0.0484 0.9665
vn 0.0186 0.0499 0.9986
vn -0.1115 0.0561 0.9922
vn -0.0836 0.0551 0.9950
vn -0.0465 0.0506 0.9976
vn -0.0073 0.0556 0.9984
vn -0.0202 0.0546 0.9983
vn 0.3127 0.0072 0.9498
vn 0.2815 0.0092 0.9595
vn 0.3445 0.0002 0.9388
vn 0.3748 0.0078 0.9271
vn 0.3704 0.0046 0.9289
vn 0.4353 -0.0224 0.9000
vn 0.4828 -0.0556 0.8739
vn 0.4317 -0.0419 0.9010
vn 0.5883 -0.0117 0.8086
vn 0.4952 -0.0103 0.8687
vn 0.5292 -0.0101 0.8484
vn 0.3921 0.0075 0.9199
vn 0.4660 0.0134 0.8847
vn 0.3746 0.0104 0.9271
vn 0.4150 -0.0020 0.9098
vn 0.4593 0.0085 0.8882
vn 0.3807 0.0096 0.9247
vn 0.2575 -0.0248 0.9660
vn 0.2946 0.0140 0.9555
vn 0.2545 0.0122 0.9670
vn 0.5532 -0.0027 0.8331
vn 0.5648 -0.0036 0.8252
vn 0.4696 -0.0016 0.8829
vn 0.5212 0.0065 0.8534
vn 0.6232 -0.0083 0.7820
vn 0.6258 -0.0148 0.7798
vn 0.6679 -0.0044 0.7442
vn 0.6120 -0.0011 0.7909
vn 0.7017 -0.0122 0.7123
vn 0.2005 0.0250 0.9794
vn 0.2559 0.0083 0.9667
vn 0.6053 -0.0223 0.7957
vn 0.5530 -0.0246 0.8328
vn 0.6355 -0.0368 0.7712
vn 0.5035 0.0048 0.8640
vn 0.4620 0.0105 0.8868
vn 0.5298 0.0043 0.8481
vn 0.5468 -0.0009 0.8372
vn 0.6033 -0.0176 0.7974
vn 0.5038 0.0048 0.8638
vn 0.3124 0.0101 0.9499
vn 0.5193 -0.0152 0.8545
vn 0.7166 -0.0505 0.6957
vn 0.6165 -0.0638 0.7848
vn 0.3693 -0.0228 0.9290
vn 0.5963 0.0017 0.8028
vn 0.6101 -0.0371 0.7914
vn 0.7080 -0.0318 0.7055
vn 0.6746 -0.0064 0.7381
vn 0.7936 -0.0142 0.6083
vn 0.7378 -0.0116 0.6750
vn 0.8054 -0.0118 0.5926
vn 0.7905 -0.0141 0.6124
vn 0.7683 -0.0171 0.6399
vn 0.3911 -0.0006 0.9203
vn 0.2921 0.0067 0.9564
vn 0.5849 -0.0179 0.8109
vn 0.6186 -0.0116 0.7856
vn 0.7563 -0.0002 0.6542
vn 0.6931 -0.0115 0.7207
vn 0.3868 0.0208 0.9219
vn 0.4550 -0.0131 0.8904
vn 0.2864 0.0137 0.9580
vn 0.2794 0.0033 0.9602
vn 0.3585 -0.0027 0.9335
vn 0.5310 -0.0145 0.8473
vn 0.7475 0.0110 0.6642
vn 0.7304 0.0049 0.6830
vn 0.5901 -0.0224 0.8070
vn 0.5067 -0.0396 0.8612
vn 0.7000 -0.0111 0.7141
vn 0.7373 -0.0178 0.6754
vn 0.3445 0.0003 0.9388
vn 0.4460 -0.0176 0.8949
vn 0.6780 0.0053 0.7350
vn 0.6654 -0.0265 0.7460
vn 0.6990 0.0238 0.7147
vn 0.8058 -0.0161 0.5919
vn 0.8334 -0.0029 0.5527
vn 0.8456 0.0010 0.5338
vn 0.7661 -0.0260 0.6422
vn -0.8603 0.0421 0.5080
vn -0.8926 0.1238 0.4336
vn -0.1199 0.0338 0.9922
vn -0.0812 0.0488 0.9955
vn 0.0312 0.0360 0.9989
vn 0.0831 0.0379 0.9958
vn 0.0169 0.0482 0.9987
vn 0.8283 0.1543 0.5386
vn 0.1056 0.2101 0.9720
vn 0.3665 0.0416 0.9295
vn 0.7346 -0.0722 0.6746
vn 0.5939 -0.1633 0.7878
vn -0.2369 0.3455 0.9080
vn -0.1732 0.4511 0.8755
vn -0.0652 0.4355 0.8978
vn -0.4210 0.4392 0.7936
vn -0.4088 0.4350 0.8023
vn -0.1632 0.5002 0.8504
vn 0.7998 -0.0090 0.6002
vn 0.7612 -0.0106 0.6485
vn 0.8266 -0.0162 0.5626
vn 0.3353 -0.0108 0.9421
vn 0.4385 -0.0204 0.8985
vn 0.1461 0.0201 0.9891
vn 0.6214 -0.0274 0.7830
vn 0.9039 0.0849 0.4193
vn 0.6731 0.0552 0.7375
vn 0.0813 0.0070 0.9967
vn 0.2143 -0.5845 -0.7826
vn 0.2802 -0.6616 -0.6956
vn -0.0606 -0.5328 -0.8441
vn -0.4906 -0.6390 -0.5925
vn -0.2585 -0.6624 -0.7032
vn -0.1787 -0.5494 -0.8162
vn -0.3303 -0.9038 -0.2721
vn -0.3701 -0.8671 -0.3334
vn -0.2958 -0.9105 -0.2889
vn 0.5860 -0.0813 -0.8062
vn 0.5908 -0.0917 -0.8016
vn 0.6597 -0.1131 -0.7430
vn 0.3722 -0.8378 -0.3994
vn -0.0127 -0.8553 -0.5180
vn 0.0033 -0.7909 -0.6120
vn 0.7505 -0.1351 -0.6470
vn 0.8062 -0.1449 -0.5736
vn 0.8844 -0.1779 -0.4315
vn -0.1637 -0.6250 -0.7632
vn 0.5980 -0.1058 -0.7945
vn 0.6074 -0.1115 -0.7865
vn 0.7553 -0.1550 -0.6367
vn 0.5421 -0.0631 -0.8380
vn 0.5717 -0.0649 -0.8179
vn -0.4135 -0.3289 -0.8490
vn -0.5000 -0.2863 -0.8173
vn -0.4326 -0.4394 -0.7873
vn 0.6731 -0.0393 -0.7385
vn 0.7106 -0.0268 -0.7031
vn 0.6984 -0.0358 -0.7148
vn 0.6308 -0.0392 -0.7750
vn 0.6270 -0.0493 -0.7775
vn 0.6915 -0.0253 -0.7219
vn 0.3440 -0.5345 -0.7720
vn 0.5694 -0.6493 -0.5041
vn 0.3315 -0.5353 -0.7769
vn -0.9198 0.2042 -0.3350
vn -0.9160 0.2338 -0.3259
vn -0.9265 0.1683 -0.3367
vn 0.7650 -0.1317 -0.6304
vn 0.7255 -0.1269 -0.6764
vn 0.8602 -0.1503 -0.4874
vn 0.5656 -0.5742 -0.5919
vn 0.3900 -0.6578 -0.6443
vn 0.5501 -0.7142 -0.4328
vn -0.2343 -0.9628 -0.1350
vn -0.2548 -0.9651 -0.0603
vn -0.1844 -0.9731 -0.1382
vn 0.5415 -0.8139 -0.2107
vn 0.3020 -0.8773 -0.3729
vn -0.5410 -0.8312 -0.1281
vn -0.9050 0.1838 -0.3838
vn 0.6730 -0.0309 -0.7390
vn 0.6280 -0.0316 -0.7775
vn 0.6101 -0.0355 -0.7915
vn 0.1783 -0.3309 -0.9267
vn 0.5304 -0.0626 -0.8455
vn 0.5585 -0.0518 -0.8279
vn 0.5317 -0.0682 -0.8442
vn -0.1324 -0.4264 -0.8948
vn -0.2546 -0.3755 -0.8912
vn -0.4165 -0.1296 -0.8999
vn -0.0574 -0.4037 -0.9131
vn 0.1058 -0.4572 -0.8831
vn -0.2179 -0.7530 -0.6209
vn -0.2215 -0.6077 -0.7626
vn 0.9193 0.2830 -0.2735
vn 0.9259 0.2458 -0.2869
vn 0.9405 0.1744 -0.2917
vn 0.1460 -0.8546 -0.4983
vn -0.1509 -0.9480 -0.2801
vn 0.1236 -0.5509 -0.8254
vn -0.1378 -0.6515 -0.7460
vn -0.1932 -0.5929 -0.7818
vn 0.1573 -0.6688 -0.7266
vn -0.2013 -0.5085 -0.8372
vn -0.1376 -0.5620 -0.8156
vn -0.2697 -0.6854 -0.6764
vn 0.3585 -0.4178 -0.8348
vn 0.3118 -0.5482 -0.7760
vn 0.3162 -0.4307 -0.8453
vn 0.7525 -0.5216 -0.4022
vn 0.4261 -0.7100 -0.5607
vn 0.7080 -0.6027 -0.3681
vn -0.0526 -0.8888 -0.4553
vn 0.1039 -0.5652 -0.8184
vn -0.1902 -0.9154 -0.3547
vn 0.4398 -0.7360 -0.5147
vn 0.5447 -0.6584 -0.5194
vn 0.6140 -0.5587 -0.5576
vn 0.3082 -0.5011 -0.8086
vn -0.1560 -0.3545 -0.9219
vn -0.0153 -0.4956 -0.8684
vn -0.1025 -0.3396 -0.9350
vn 0.1659 -0.8513 -0.4978
vn 0.6624 -0.6089 -0.4364
vn 0.4201 -0.7332 -0.5348
vn 0.2026 -0.6647 -0.7191
vn 0.1274 -0.5190 -0.8453
vn 0.2574 -0.4171 -0.8716
vn -0.0264 -0.4014 -0.9155
vn -0.0634 -0.4750 -0.8777
vn -0.0855 -0.4161 -0.9053
vn 0.6919 -0.0312 -0.7213
vn 0.6342 -0.0418 -0.7721
vn 0.3227 -0.7881 -0.5242
vn 0.8615 -0.0922 -0.4992
vn 0.8960 -0.0624 -0.4397
vn 0.8604 -0.0421 -0.5080
vn 0.3591 -0.4256 -0.8306
vn -0.9047 -0.0582 -0.4220
vn -0.9282 -0.0663 -0.3660
vn -0.9179 -0.0802 -0.3886
vn -0.7874 0.0046 -0.6164
vn -0.7747 -0.0147 -0.6322
vn -0.7770 -0.0124 -0.6293
vn 0.2842 -0.5120 -0.8106
vn 0.3276 -0.5339 -0.7795
vn 0.2913 -0.4393 -0.8498
vn -0.3809 -0.4852 -0.7871
vn -0.3207 -0.5121 -0.7968
vn -0.3228 -0.5200 -0.7909
vn 0.4533 -0.8549 -0.2523
vn 0.7718 -0.6269 -0.1065
vn -0.7113 -0.1543 -0.6858
vn -0.8225 -0.1578 -0.5464
vn -0.5888 -0.1351 -0.7969
vn -0.5484 -0.1024 -0.8299
vn -0.5211 -0.1142 -0.8458
vn -0.6008 -0.1055 -0.7924
vn -0.0394 -0.0489 -0.9980
vn 0.0331 -0.0537 -0.9980
vn -0.0423 -0.0455 -0.9981
vn -0.5203 -0.0952 -0.8487
vn -0.4876 -0.1204 -0.8647
vn -0.4807 -0.1092 -0.8701
vn -0.4912 -0.1301 -0.8613
vn -0.4995 -0.1103 -0.8593
vn -0.5761 -0.1410 -0.8051
vn -0.6016 -0.1458 -0.7854
vn 0.0349 -0.0525 -0.9980
vn -0.0054 -0.0557 -0.9984
vn 0.0292 -0.0467 -0.9985
vn 0.3121 -0.0363 -0.9493
vn 0.1459 -0.0638 -0.9872
vn 0.1803 -0.0319 -0.9831
vn -0.4848 -0.1433 -0.8628
vn -0.4458 -0.3198 -0.8361
vn -0.3960 -0.6464 -0.6522
vn -0.4210 -0.2447 -0.8734
vn -0.4293 -0.1107 -0.8963
vn -0.4961 -0.2100 -0.8425
vn -0.0788 -0.6393 -0.7649
vn -0.0788 -0.3092 -0.9477
vn 0.4078 -0.7981 -0.4435
vn -0.0489 -0.5502 -0.8336
vn -0.1426 -0.6442 -0.7514
vn -0.6245 -0.2128 -0.7515
vn -0.5254 -0.3500 -0.7755
vn -0.5414 -0.3102 -0.7814
vn -0.9160 0.2746 -0.2925
vn -0.9302 0.2044 -0.3048
vn -0.8520 0.4537 -0.2610
vn -0.7586 0.6026 -0.2478
vn -0.8383 0.4898 -0.2397
vn -0.1396 -0.7853 -0.6031
vn -0.4459 -0.8233 -0.3512
vn -0.4043 -0.4490 -0.7968
vn -0.5393 -0.3573 -0.7626
vn 0.8281 -0.3668 -0.4240
vn 0.0088 -0.5562 -0.8310
vn -0.0445 -0.4313 -0.9011
vn 0.1966 -0.5310 -0.8242
vn -0.0443 -0.9990 -0.0075
vn 0.2053 -0.9681 -0.1437
vn 0.1751 -0.9754 -0.1340
vn -0.0073 -0.4559 -0.8900
vn -0.0952 -0.4520 -0.8869
vn -0.6255 -0.0893 -0.7751
vn 0.7227 -0.0286 -0.6905
vn 0.7350 -0.0204 -0.6778
vn 0.7277 -0.0170 -0.6857
vn 0.0305 -0.4481 -0.8935
vn -0.0166 -0.5086 -0.8608
vn 0.0160 -0.5002 -0.8657
vn 0.0588 -0.8282 -0.5574
vn -0.0249 -0.5336 -0.8454
vn 0.4077 -0.7982 -0.4435
vn -0.1948 -0.4430 -0.8751
vn -0.4447 -0.2497 -0.8601
vn 0.0415 -0.4901 -0.8707
vn -0.2188 -0.6680 -0.7113
vn -0.1832 -0.4133 -0.8920
vn -0.2021 -0.4759 -0.8560
vn -0.2396 -0.8161 -0.5258
vn -0.2939 -0.7587 -0.5814
vn -0.3274 -0.3530 -0.8765
vn -0.1497 -0.6000 -0.7859
vn -0.4321 -0.1440 -0.8902
vn -0.4244 -0.1728 -0.8888
vn -0.3716 -0.3743 -0.8496
vn -0.3838 -0.4867 -0.7847
vn 0.2764 -0.5232 -0.8062
vn 0.3299 -0.5051 -0.7975
vn 0.2982 -0.5218 -0.7992
vn 0.1648 -0.5043 -0.8477
vn -0.0192 -0.4733 -0.8807
vn 0.0030 -0.4491 -0.8935
vn -0.0014 -0.4504 -0.8928
vn -0.1524 -0.7574 -0.6350
vn -0.3889 -0.7210 -0.5735
vn -0.0082 -0.4633 -0.8862
vn -0.0007 -0.4997 -0.8662
vn -0.0172 -0.4870 -0.8732
vn -0.3575 -0.5051 -0.7855
vn -0.9263 0.2641 -0.2689
vn -0.9439 0.1419 -0.2983
vn 0.4660 -0.5468 -0.6956
vn 0.6393 -0.6782 -0.3624
vn -0.0056 -0.7276 -0.6860
vn -0.4281 -0.6790 -0.5964
vn 0.2751 -0.5219 -0.8074
vn 0.0170 -0.3667 -0.9302
vn 0.1394 -0.3580 -0.9232
vn 0.0154 -0.3826 -0.9238
vn 0.1780 -0.4935 -0.8513
vn 0.3289 -0.4530 -0.8286
vn 0.3148 -0.5165 -0.7963
vn -0.2861 -0.4484 -0.8468
vn 0.2078 -0.5034 -0.8387
vn 0.0863 -0.4751 -0.8757
vn 0.0538 -0.4879 -0.8713
vn -0.3121 -0.5229 -0.7932
vn -0.0345 -0.4925 -0.8696
vn -0.0366 -0.4907 -0.8706
vn -0.0367 -0.4900 -0.8709
vn 0.0013 -0.4156 -0.9096
vn -0.0014 -0.4568 -0.8896
vn 0.0029 -0.4189 -0.9080
vn -0.2437 -0.5281 -0.8134
vn -0.2751 -0.5205 -0.8083
vn -0.2570 -0.4747 -0.8418
vn -0.2657 -0.5037 -0.8220
vn -0.1721 -0.2655 -0.9486
vn -0.1044 -0.2796 -0.9544
vn -0.1168 -0.2904 -0.9497
vn -0.4368 -0.4390 -0.7852
vn 0.2998 -0.5203 -0.7996
vn 0.6095 -0.2757 -0.7433
vn 0.6799 -0.2621 -0.6849
vn 0.5058 -0.3590 -0.7844
vn 0.8925 -0.1238 -0.4336
vn 0.8760 -0.1276 -0.4651
vn 0.7022 -0.0488 -0.7103
vn 0.7236 -0.0408 -0.6890
vn 0.9122 0.2383 -0.3333
vn 0.8865 0.2720 -0.3743
vn 0.7594 0.0967 -0.6433
vn 0.7622 0.0425 -0.6459
vn 0.8434 0.1526 -0.5152
vn 0.7356 -0.1549 -0.6595
vn 0.5175 -0.0816 -0.8518
vn 0.5645 -0.0767 -0.8219
vn 0.5788 -0.0511 -0.8139
vn 0.5326 -0.0845 -0.8421
vn 0.6844 -0.1116 -0.7205
vn 0.7356 -0.1550 -0.6595
vn 0.8217 -0.1728 -0.5430
vn 0.7320 -0.1378 -0.6672
vn 0.6517 -0.1048 -0.7512
vn 0.5251 -0.0460 -0.8498
vn 0.3992 -0.0514 -0.9154
vn 0.4166 -0.0482 -0.9078
vn 0.6114 -0.0480 -0.7899
vn 0.7085 -0.0262 -0.7053
vn 0.6836 -0.0298 -0.7292
vn 0.5204 -0.0404 -0.8530
vn 0.4308 -0.0539 -0.9009
vn 0.4655 -0.0417 -0.8841
vn 0.6898 -0.0293 -0.7234
vn 0.6169 -0.0757 -0.7834
vn 0.6586 -0.0405 -0.7514
vn 0.6587 -0.0549 -0.7504
vn 0.7952 -0.1355 -0.5910
vn 0.8002 -0.1395 -0.5833
vn 0.6834 -0.1127 -0.7213
vn 0.7053 -0.0283 -0.7084
vn 0.7247 -0.0140 -0.6890
vn 0.7065 -0.0214 -0.7074
vn 0.9532 -0.1820 -0.2414
vn 0.9031 -0.1572 -0.3997
vn 0.9238 -0.1613 -0.3473
vn 0.7074 -0.0171 -0.7066
vn 0.7127 -0.0145 -0.7013
vn -0.7904 -0.2055 -0.5771
vn -0.6232 -0.2788 -0.7307
vn -0.7480 -0.1989 -0.6332
vn 0.6956 -0.0847 -0.7134
vn 0.7402 -0.0964 -0.6654
vn 0.6346 -0.0851 -0.7682
vn 0.8922 -0.1652 -0.4203
vn 0.8427 -0.1515 -0.5166
vn 0.7556 -0.0808 -0.6500
vn 0.7741 -0.1019 -0.6248
vn 0.7817 -0.1033 -0.6150
vn 0.7141 -0.0198 -0.6998
vn 0.7117 -0.0191 -0.7022
vn 0.6819 -0.0254 -0.7310
vn 0.7387 -0.0271 -0.6735
vn 0.7349 -0.0559 -0.6759
vn 0.7203 -0.0174 -0.6934
vn 0.6832 -0.0217 -0.7299
vn 0.7163 -0.0165 -0.6976
vn -0.1447 -0.0341 -0.9889
vn -0.1461 -0.0203 -0.9891
vn -0.0831 -0.0379 -0.9958
vn 0.7350 -0.0175 -0.6779
vn 0.7654 -0.0303 -0.6428
vn 0.7667 -0.0212 -0.6417
vn 0.7454 -0.0240 -0.6662
vn 0.7349 -0.0195 -0.6779
vn 0.8033 -0.0393 -0.5942
vn 0.7918 -0.0480 -0.6089
vn 0.8243 -0.0718 -0.5615
vn 0.8293 -0.1407 -0.5408
vn 0.5932 -0.0321 -0.8044
vn 0.6472 -0.0259 -0.7619
vn 0.6979 -0.0228 -0.7158
vn 0.9414 -0.1415 -0.3063
vn 0.8693 -0.1440 -0.4728
vn 0.8397 -0.1043 -0.5329
vn 0.7817 -0.0856 -0.6177
vn 0.8292 -0.1407 -0.5409
vn 0.1378 -0.0630 -0.9885
vn 0.1248 -0.0563 -0.9906
vn 0.7143 -0.0222 -0.6994
vn 0.6482 -0.0297 -0.7609
vn 0.5181 -0.0513 -0.8538
vn 0.4343 -0.0531 -0.8992
vn 0.5282 -0.0464 -0.8479
vn 0.8013 -0.0796 -0.5929
vn 0.7108 -0.0060 -0.7034
vn 0.6798 -0.0103 -0.7333
vn 0.6231 0.0168 -0.7820
vn 0.7489 -0.0016 -0.6627
vn 0.6562 0.0251 -0.7542
vn 0.7339 -0.0237 -0.6788
vn 0.7081 -0.0198 -0.7058
vn 0.6821 -0.0162 -0.7311
vn 0.2062 -0.0550 -0.9770
vn 0.1115 -0.0561 -0.9922
vn 0.2305 -0.0528 -0.9716
vn -0.8576 0.0097 -0.5142
vn -0.8299 0.0118 -0.5578
vn -0.8666 0.0151 -0.4988
vn -0.3605 -0.3567 -0.8619
vn -0.5406 -0.3488 -0.7655
vn -0.5029 -0.2457 -0.8287
vn 0.7032 -0.0295 -0.7104
vn 0.2480 -0.0534 -0.9673
vn 0.3548 -0.0558 -0.9333
vn 0.2196 -0.0562 -0.9740
vn 0.4441 -0.0243 -0.8957
vn 0.4007 -0.0366 -0.9155
vn 0.4953 -0.0344 -0.8681
vn 0.5081 -0.0426 -0.8602
vn 0.6048 -0.0325 -0.7957
vn 0.6386 -0.0268 -0.7691
vn 0.6124 -0.0225 -0.7902
vn 0.6085 -0.0318 -0.7929
vn 0.7511 -0.0271 -0.6596
vn 0.6207 0.0092 -0.7840
vn 0.8295 -0.0452 -0.5567
vn 0.8215 -0.0102 -0.5701
vn 0.6634 -0.0305 -0.7476
vn 0.6960 -0.0309 -0.7173
vn 0.6871 -0.0237 -0.7262
vn 0.5799 -0.0281 -0.8142
vn 0.0465 -0.0621 -0.9970
vn 0.1735 -0.0641 -0.9827
vn 0.1379 -0.0635 -0.9884
vn 0.3739 -0.0555 -0.9258
vn -0.0170 -0.0482 -0.9987
vn -0.0541 -0.0461 -0.9975
vn -0.2545 -0.0121 -0.9670
vn -0.1850 -0.0240 -0.9824
vn -0.2056 -0.0188 -0.9785
vn 0.3321 -0.0571 -0.9415
vn 0.2409 -0.0581 -0.9688
vn 0.2948 -0.0576 -0.9538
vn 0.2308 -0.0479 -0.9718
vn 0.2965 -0.0649 -0.9528
vn -0.7592 -0.0553 -0.6485
vn 0.2184 -0.0663 -0.9736
vn -0.0971 -0.0439 -0.9943
vn -0.0702 -0.0499 -0.9963
vn 0.6951 -0.0401 -0.7178
vn 0.3747 -0.0563 -0.9255
vn 0.4796 -0.0444 -0.8763
vn -0.2793 -0.0034 -0.9602
vn -0.2154 -0.0224 -0.9763
vn -0.2864 -0.0137 -0.9580
vn 0.0812 -0.0488 -0.9955
vn 0.0260 -0.0475 -0.9985
vn -0.7294 -0.0314 -0.6834
vn -0.7229 -0.0366 -0.6900
vn -0.6335 -0.0703 -0.7705
vn 0.0104 -0.0520 -0.9986
vn 0.0257 -0.0607 -0.9978
vn 0.0787 -0.0622 -0.9950
vn -0.0012 -0.0547 -0.9985
vn 0.0092 -0.0788 -0.9969
vn 0.0039 -0.0565 -0.9984
vn -0.0057 -0.0636 -0.9980
vn 0.2521 -0.0484 -0.9665
vn -0.5514 -0.0921 -0.8292
vn -0.7647 -0.0110 -0.6443
vn -0.9190 0.1871 -0.3469
vn -0.9239 0.1096 -0.3667
vn -0.0852 -0.0399 -0.9956
vn -0.0842 -0.0358 -0.9958
vn 0.8789 0.3818 -0.2859
vn 0.6899 -0.1555 -0.7070
vn 0.7885 -0.0782 -0.6101
vn 0.9252 0.2028 -0.3208
vn 0.9340 0.1884 -0.3035
vn 0.9276 0.2323 -0.2926
vn 0.9305 0.1603 -0.3294
vn 0.7100 -0.2046 -0.6738
vn 0.8591 0.3033 -0.4123
vn 0.8036 -0.1324 -0.5803
vn 0.7767 -0.1774 -0.6043
vn 0.8905 0.1525 -0.4286
vn -0.0024 -0.0362 -0.9993
vn 0.0067 -0.0786 -0.9969
vn -0.0077 -0.0394 -0.9992
vn 0.0021 -0.2263 -0.9741
vn 0.0020 -0.2189 -0.9757
vn -0.0017 -0.1182 -0.9930
vn 0.4088 -0.4352 -0.8022
vn 0.5767 -0.3225 -0.7506
vn 0.4209 -0.4393 -0.7936
vn 0.8655 -0.0516 -0.4982
vn 0.9402 0.0012 -0.3406
vn 0.9285 0.0758 -0.3634
vn 0.8965 -0.0104 -0.4429
vn 0.6970 -0.1126 -0.7082
vn 0.5838 -0.2983 -0.7551
vn -0.6839 -0.0518 -0.7277
vn -0.6802 -0.0422 -0.7318
vn -0.6195 -0.0867 -0.7802
vn -0.4634 -0.1153 -0.8786
vn -0.5174 -0.0957 -0.8503
vn -0.5788 -0.1223 -0.8062
vn -0.5673 -0.1037 -0.8170
vn -0.7604 -0.1616 -0.6291
vn -0.7933 -0.1597 -0.5875
vn -0.7945 -0.1663 -0.5840
vn -0.6638 -0.1350 -0.7356
vn -0.8214 -0.1646 -0.5461
vn -0.5523 -0.0853 -0.8293
vn -0.6313 -0.0771 -0.7717
vn -0.8995 -0.1765 -0.3998
vn -0.5628 -0.0782 -0.8229
vn -0.7475 -0.0110 -0.6642
vn -0.7563 0.0002 -0.6542
vn -0.8301 -0.1788 -0.5282
vn -0.7254 -0.1498 -0.6719
vn -0.8553 -0.1680 -0.4902
vn -0.6965 -0.0573 -0.7152
vn -0.6460 -0.0778 -0.7594
vn -0.6807 -0.0648 -0.7296
vn -0.6544 -0.0557 -0.7541
vn -0.8092 0.0053 -0.5876
vn -0.8057 0.0126 -0.5921
vn -0.8001 0.0132 -0.5997
vn -0.7435 -0.0267 -0.6682
vn -0.7250 -0.0433 -0.6874
vn -0.6990 -0.0239 -0.7147
vn -0.7200 -0.0337 -0.6932
vn -0.6621 -0.0822 -0.7449
vn -0.6688 -0.0510 -0.7417
vn -0.1275 -0.0242 -0.9915
vn -0.0631 -0.0425 -0.9971
vn -0.0684 -0.0401 -0.9969
vn -0.5772 -0.0824 -0.8124
vn -0.7304 -0.0049 -0.6830
vn -0.7708 0.0031 -0.6370
vn -0.5783 -0.1144 -0.8078
vn -0.8745 0.0417 -0.4832
vn -0.8987 0.0317 -0.4374
vn -0.8692 0.0392 -0.4929
vn -0.7447 -0.0247 -0.6669
vn -0.8025 -0.1494 -0.5777
vn -0.0190 -0.0425 -0.9989
vn -0.0199 -0.0522 -0.9984
vn -0.6495 -0.1429 -0.7468
vn -0.5779 -0.6057 -0.5470
vn -0.0253 -0.4783 -0.8778
vn -0.1698 -0.5705 -0.8035
vn 0.0035 -0.5135 -0.8581
vn -0.2437 -0.5657 -0.7878
vn 0.0593 -0.4798 -0.8754
vn -0.0275 -0.4818 -0.8758
vn -0.0146 -0.4935 -0.8696
vn -0.7423 -0.1299 -0.6574
vn -0.7409 0.0006 -0.6717
vn -0.8193 0.0647 -0.5697
vn -0.7347 0.1214 -0.6675
vn -0.6558 -0.2077 -0.7258
vn -0.8834 -0.0532 -0.4655
vn -0.7777 0.4610 -0.4273
vn -0.8391 0.3068 -0.4493
vn -0.7600 0.3100 -0.5713
vn -0.9142 0.1063 -0.3910
vn -0.9375 0.1241 -0.3252
vn -0.6188 -0.2863 -0.7315
vn -0.8108 -0.0727 -0.5808
vn -0.9341 0.0788 -0.3481
vn -0.8702 0.1851 -0.4566
vn -0.3577 -0.4237 -0.8322
vn -0.3923 -0.0566 -0.9181
vn -0.2932 -0.2252 -0.9291
vn -0.5680 -0.0468 -0.8217
vn -0.8844 0.0173 -0.4665
vn -0.9268 -0.0193 -0.3751
vn -0.9431 -0.0159 -0.3321
vn -0.5568 -0.3289 -0.7628
vn -0.0012 -0.3432 -0.9392
vn -0.0009 -0.3049 -0.9524
vn -0.0066 -0.3112 -0.9503
vn -0.0421 -0.1508 -0.9877
vn -0.0748 0.0690 -0.9948
vn -0.0199 -0.0665 -0.9976
vn -0.2185 -0.4061 -0.8873
vn -0.0757 -0.0132 -0.9970
vn -0.2185 -0.0089 -0.9758
vn -0.0825 -0.0273 -0.9962
vn -0.3689 0.1256 -0.9210
vn -0.2341 -0.1962 -0.9522
vn -0.7157 0.2040 -0.6680
vn -0.9056 -0.0247 -0.4235
vn -0.9176 -0.0015 -0.3974
vn -0.8920 -0.0237 -0.4515
vn -0.9029 0.0057 -0.4298
vn -0.9459 0.1764 -0.2724
vn -0.8996 0.3541 -0.2556
vn -0.8861 0.3641 -0.2868
vn -0.5939 0.1635 -0.7877
vn -0.7249 0.2765 -0.6310
vn -0.7735 0.0125 -0.6336
vn -0.8191 0.0238 -0.5731
vn -0.7986 0.0098 -0.6017
vn -0.9039 -0.0849 -0.4193
vn -0.8853 -0.0617 -0.4610
vn -0.6921 0.2311 -0.6838
vn -0.8804 -0.0296 -0.4734
vn -0.9056 0.0399 -0.4223
vn -0.0064 -0.2045 -0.9789
vn -0.0242 -0.2667 -0.9635
vn -0.8495 0.0274 -0.5269
vn -0.8362 0.0263 -0.5477
vn -0.8426 0.0118 -0.5384
vn -0.8641 -0.0093 -0.5032
vn -0.8414 -0.0184 -0.5400
vn -0.8541 -0.0060 -0.5201
vn -0.8528 -0.0341 -0.5212
vn -0.8762 -0.0073 -0.4819
vn -0.8708 -0.0341 -0.4904
vn -0.7347 0.0720 -0.6745
vn -0.6319 0.0026 -0.7751
vn -0.1937 -0.3242 -0.9259
vn -0.0511 -0.0105 -0.9986
vn -0.0234 -0.0636 -0.9977
vn -0.0069 -0.0322 -0.9995
vn -0.7522 0.0083 -0.6589
vn -0.4660 -0.0134 -0.8847
vn -0.5468 0.0009 -0.8372
vn -0.5191 -0.0093 -0.8546
vn -0.2485 0.0102 -0.9686
vn -0.1956 -0.0672 -0.9784
vn -0.8456 -0.0010 -0.5339
vn -0.1285 -0.3638 -0.9226
vn -0.0265 -0.3342 -0.9421
vn -0.0443 -0.4143 -0.9090
vn -0.1556 -0.4657 -0.8711
vn -0.0414 -0.3079 -0.9505
vn 0.0102 -0.1861 -0.9825
vn 0.0069 -0.0788 -0.9969
vn 0.0053 -0.0491 -0.9988
vn 0.0033 -0.0541 -0.9985
vn 0.0068 -0.3993 -0.9168
vn -0.0500 -0.0129 -0.9987
vn 0.2217 -0.0517 -0.9737
vn 0.1345 0.0110 -0.9909
vn 0.0896 -0.0253 -0.9957
vn -0.0011 -0.3249 -0.9458
vn 0.4901 0.0212 -0.8714
vn 0.5259 0.0116 -0.8505
vn 0.0020 -0.0310 -0.9995
vn 0.0115 -0.0489 -0.9987
vn 0.0075 -0.0244 -0.9997
vn -0.5900 0.0457 -0.8061
vn -0.5854 0.1504 -0.7967
vn -0.5799 -0.0049 -0.8147
vn -0.4506 -0.0091 -0.8927
vn -0.1724 -0.4954 -0.8514
vn -0.0701 -0.4686 -0.8806
vn -0.0967 -0.4930 -0.8646
vn 0.0026 -0.3703 -0.9289
vn 0.0023 -0.3793 -0.9253
vn 0.0014 -0.4306 -0.9025
vn 0.0055 -0.3764 -0.9264
vn -0.0002 -0.3550 -0.9349
vn -0.1584 -0.5060 -0.8478
vn 0.1848 -0.5284 -0.8287
vn -0.0035 -0.4571 -0.8894
vn -0.2365 -0.5050 -0.8301
vn -0.0526 -0.4917 -0.8692
vn -0.0946 -0.4938 -0.8644
vn 0.0062 -0.3741 -0.9274
vn 0.0017 -0.3657 -0.9307
vn -0.0023 -0.4515 -0.8922
vn 0.0002 -0.4136 -0.9105
vn -0.0006 -0.1563 -0.9877
vn 0.0031 -0.3626 -0.9320
vn -0.0000 -0.3786 -0.9256
vn -0.0016 -0.4469 -0.8946
vn 0.0008 -0.4557 -0.8901
vn -0.0008 -0.4548 -0.8906
vn -0.0314 -0.4998 -0.8656
vn -0.1684 -0.5245 -0.8346
vn -0.0042 -0.4648 -0.8854
vn 0.0131 -0.5020 -0.8648
vn 0.0290 -0.5572 -0.8299
vn -0.0403 -0.5198 -0.8533
vn -0.0812 -0.4820 -0.8724
vn -0.0475 -0.4987 -0.8654
vn -0.0859 -0.4655 -0.8809
vn -0.1171 -0.5016 -0.8572
vn -0.0588 -0.4352 -0.8984
vn 0.0537 -0.4879 -0.8713
vn 0.0271 -0.4775 -0.8782
vn 0.0204 -0.4814 -0.8762
vn 0.0151 -0.5008 -0.8654
vn 0.0048 -0.4529 -0.8915
vn -0.0042 -0.4609 -0.8874
vn 0.0115 -0.4555 -0.8901
vn 0.0651 -0.4356 -0.8978
vn 0.4784 0.0786 -0.8746
vn 0.5786 0.2735 -0.7684
vn 0.6804 0.2539 -0.6874
vn 0.0143 -0.2912 -0.9566
vn 0.0467 -0.3297 -0.9429
vn 0.0837 -0.4999 -0.8620
vn 0.1632 -0.5002 -0.8504
vn 0.2716 -0.4877 -0.8297
vn 0.2814 -0.5211 -0.8058
vn 0.3556 0.1554 -0.9216
vn 0.4497 0.0006 -0.8932
vn 0.4800 0.1314 -0.8673
vn 0.3037 -0.3789 -0.8742
vn 0.9027 -0.1618 -0.3987
vn 0.4083 -0.0511 -0.9114
vn 0.5585 -0.0359 -0.8287
vn 0.9041 -0.1432 -0.4026
vn 0.7959 -0.0140 -0.6052
vn 0.7019 0.2462 -0.6683
vn 0.5281 -0.0136 -0.8491
vn 0.0108 -0.1103 -0.9938
vn 0.0317 -0.0945 -0.9950
vn 0.0678 -0.0663 -0.9955
vn 0.0313 -0.0677 -0.9972
vn 0.0321 -0.1065 -0.9938
vn 0.3675 -0.0295 -0.9296
vn 0.5533 -0.0377 -0.8321
vn 0.4922 -0.0409 -0.8695
vn 0.2315 -0.0535 -0.9714
vn 0.3463 -0.0478 -0.9369
vn 0.2834 -0.0504 -0.9577
vn 0.6052 0.0391 -0.7951
vn 0.0665 -0.2713 -0.9602
vn 0.0411 -0.2642 -0.9636
vn -0.0120 -0.1029 -0.9946
vn 0.3498 -0.0326 -0.9362
vn 0.2663 -0.0166 -0.9638
vn 0.1915 -0.0809 -0.9782
vn 0.3907 -0.0071 -0.9205
vn 0.4248 0.0222 -0.9050
vn 0.2517 -0.0756 -0.9648
vn 0.0829 -0.1198 -0.9893
vn 0.2199 -0.2135 -0.9519
vn 0.1755 -0.2653 -0.9481
vn 0.1118 -0.0906 -0.9896
vn 0.0458 -0.0259 -0.9986
vn 0.3203 -0.1488 -0.9355
vn 0.2887 -0.2435 -0.9259
vn 0.0077 -0.1196 -0.9928
vn -0.0122 -0.1004 -0.9949
vn 0.1272 -0.0209 -0.9917
vn 0.1722 -0.2965 -0.9394
vn 0.2367 -0.3456 -0.9080
vn 0.4783 0.0785 -0.8747
vn 0.5351 -0.1700 -0.8275
vn 0.5352 -0.1700 -0.8274
vn 0.3040 -0.4094 -0.8602
vn 0.0562 -0.1180 -0.9914
vn 0.7382 -0.0276 -0.6740
vn 0.8905 0.1524 -0.4286
vn 0.0116 -0.0594 -0.9982
vn 0.0028 -0.1113 -0.9938
vn 0.7718 0.3216 -0.5485
vn 0.0066 -0.1193 -0.9928
vn -0.0205 -0.1358 -0.9905
vn -0.0153 -0.1019 -0.9947
vn -0.0030 -0.0590 -0.9983
vn 0.0073 -0.0704 -0.9975
vn -0.4082 -0.0288 -0.9124
vn -0.3647 -0.0321 -0.9306
vn -0.2951 -0.0984 -0.9504
vn 0.3978 -0.0493 -0.9162
vn -0.0157 -0.0199 -0.9997
vn 0.1168 -0.0398 -0.9924
vn 0.0070 -0.0527 -0.9986
vn 0.0506 -0.0495 -0.9975
vn -0.0170 -0.0899 -0.9958
vn -0.0361 -0.0475 -0.9982
vn 0.1112 -0.0495 -0.9926
vn 0.0324 -0.0529 -0.9981
vn 0.0836 -0.0556 -0.9949
vn -0.0636 -0.0374 -0.9973
vn -0.0246 -0.0485 -0.9985
vn -0.0491 -0.1047 -0.9933
vn -0.0886 -0.1212 -0.9887
vn -0.1887 -0.0207 -0.9818
vn -0.1762 -0.0262 -0.9840
vn -0.2782 -0.0176 -0.9604
vn -0.0555 -0.0491 -0.9973
vn -0.1204 -0.1523 -0.9810
vn 0.5260 -0.0422 -0.8495
vn 0.4373 -0.0515 -0.8978
vn 0.3184 -0.0566 -0.9463
vn 0.3758 -0.0517 -0.9252
vn 0.4551 -0.0425 -0.8894
vn 0.3383 -0.0537 -0.9395
vn 0.3215 -0.0510 -0.9455
vn -0.0128 -0.0523 -0.9985
vn -0.0860 -0.0343 -0.9957
vn -0.1931 -0.0134 -0.9811
vn 0.0073 -0.0556 -0.9984
vn -0.0436 -0.0446 -0.9981
vn -0.0237 -0.0508 -0.9984
vn -0.0186 -0.0499 -0.9986
vn 0.1173 -0.0550 -0.9916
vn -0.0897 -0.0346 -0.9954
vn -0.0624 -0.0426 -0.9971
vn -0.2537 -0.0062 -0.9673
vn -0.3221 -0.0064 -0.9467
vn 0.0836 -0.0551 -0.9950
vn 0.0202 -0.0545 -0.9983
vn -0.1127 -0.0327 -0.9931
vn -0.1650 -0.0224 -0.9860
vn -0.1962 -0.0130 -0.9805
vn -0.1359 -0.0317 -0.9902
vn -0.1412 -0.0328 -0.9894
vn -0.6214 0.0274 -0.7830
vn -0.5902 0.0224 -0.8070
vn -0.6490 0.0162 -0.7607
vn -0.1346 -0.0248 -0.9906
vn -0.1340 -0.0288 -0.9906
vn -0.5724 0.0053 -0.8199
vn -0.6559 0.0123 -0.7548
vn -0.6357 0.0115 -0.7719
vn -0.1881 -0.0272 -0.9818
vn -0.2920 -0.0066 -0.9564
vn -0.3704 -0.0046 -0.9289
vn -0.4804 0.0043 -0.8771
vn -0.4150 0.0021 -0.9098
vn -0.4086 -0.0117 -0.9127
vn -0.3816 -0.0076 -0.9243
vn -0.3127 -0.0071 -0.9498
vn -0.6380 0.0138 -0.7699
vn -0.6746 0.0064 -0.7382
vn -0.5952 0.0037 -0.8036
vn -0.4353 -0.0057 -0.9003
vn -0.3807 -0.0097 -0.9246
vn -0.4593 -0.0085 -0.8882
vn -0.3304 -0.0022 -0.9438
vn -0.3748 -0.0078 -0.9271
vn -0.4695 0.0015 -0.8829
vn -0.3572 -0.0110 -0.9340
vn -0.2946 -0.0140 -0.9555
vn -0.4065 0.0027 -0.9136
vn -0.5532 0.0027 -0.8330
vn -0.4621 -0.0104 -0.8868
vn -0.2815 -0.0092 -0.9595
vn -0.5212 -0.0065 -0.8534
vn -0.4355 -0.0060 -0.9002
vn -0.3124 -0.0101 -0.9499
vn -0.3750 -0.0052 -0.9270
vn -0.3747 -0.0104 -0.9271
vn -0.5035 -0.0048 -0.8640
vn -0.4479 -0.0150 -0.8939
vn -0.4465 0.0039 -0.8948
vn -0.5291 0.0101 -0.8485
vn -0.7462 0.0159 -0.6656
vn -0.7320 0.0097 -0.6813
vn -0.5963 -0.0016 -0.8028
vn -0.5586 -0.0061 -0.8294
vn -0.6539 0.0050 -0.7566
vn -0.7391 0.0116 -0.6735
vn -0.7000 0.0110 -0.7141
vn -0.5883 0.0117 -0.8086
vn -0.6232 0.0082 -0.7820
vn -0.2005 -0.0250 -0.9794
vn -0.5324 0.0166 -0.8463
vn -0.4460 0.0176 -0.8948
vn -0.4660 0.0057 -0.8848
vn -0.2559 -0.0084 -0.9667
vn -0.3445 -0.0002 -0.9388
vn -0.5038 -0.0048 -0.8638
vn -0.6751 0.0132 -0.7376
vn -0.6953 0.0121 -0.7186
vn -0.4560 -0.0048 -0.8900
vn -0.1438 -0.0632 -0.9876
vn -0.1614 -0.1199 -0.9796
vn -0.0850 -0.0725 -0.9937
vn -0.2585 -0.0669 -0.9637
vn -0.3869 -0.0208 -0.9219
vn -0.4550 0.0131 -0.8904
vn -0.7601 0.0155 -0.6496
vn -0.7377 0.0116 -0.6750
vn -0.6165 0.0638 -0.7848
vn -0.4828 0.0557 -0.8740
vn -0.5899 0.0458 -0.8062
vn -0.6680 0.0045 -0.7442
vn -0.6901 0.0137 -0.7236
vn -0.7663 -0.0122 -0.6424
vn -0.6993 -0.0493 -0.7131
vn -0.7611 -0.0177 -0.6484
vn -0.7936 0.0142 -0.6083
vn -0.7993 -0.0015 -0.6009
vn -0.8223 0.0119 -0.5689
vn -0.7905 0.0141 -0.6123
vn -0.6845 -0.1204 -0.7190
vn -0.7373 0.0178 -0.6754
vn -0.8154 0.0099 -0.5789
vn -0.8061 0.0031 -0.5918
vn -0.8707 -0.1115 -0.4790
vn -0.8650 -0.1435 -0.4807
vn -0.8183 -0.1019 -0.5656
vn -0.1945 -0.0165 -0.9808
vn -0.1178 -0.0382 -0.9923
vn -0.3353 0.0108 -0.9421
vn -0.2403 -0.0025 -0.9707
vn -0.6054 0.0223 -0.7956
vn -0.5530 0.0245 -0.8328
vn -0.2574 0.0249 -0.9660
vn -0.3693 0.0228 -0.9290
vn -0.5066 0.0396 -0.8613
vn -0.5192 0.0151 -0.8545
vn -0.3911 0.0006 -0.9203
vn -0.2069 -0.0167 -0.9782
vn -0.7998 0.0090 -0.6002
vn -0.8054 0.0118 -0.5926
vn -0.5067 0.0396 -0.8612
vn -0.7661 0.0259 -0.6422
vn -0.7166 0.0193 -0.6972
vn -0.7081 0.0318 -0.7054
vn -0.7612 0.0106 -0.6484
vn -0.6120 0.0011 -0.7909
vn -0.6932 0.0115 -0.7207
vn -0.5310 0.0145 -0.8473
vn -0.7318 -0.0659 -0.6784
vn -0.8768 -0.1037 -0.4696
vn -0.8328 -0.0845 -0.5472
vn -0.8453 -0.0633 -0.5306
vn -0.8290 -0.0159 -0.5590
vn -0.8334 0.0029 -0.5527
vn -0.8266 0.0043 -0.5628
vn -0.8266 0.0161 -0.5626
vn -0.7996 -0.0098 -0.6005
vn -0.8152 0.0020 -0.5792
vn -0.8641 -0.0650 -0.4990
vn -0.7992 0.0206 -0.6008
vn -0.8925 -0.0885 -0.4422
vn -0.9096 -0.1032 -0.4025
vn -0.8273 -0.0438 -0.5601
vn -0.8105 -0.0179 -0.5855
vn -0.8927 -0.1321 -0.4308
vn 0.5281 -0.0135 -0.8490
vn -0.1443 -0.0356 -0.9889
vn -0.6731 -0.0554 -0.7375
vn -0.7031 0.0105 -0.7110
vn -0.7097 0.0025 -0.7045
vn -0.7876 -0.1633 -0.5942
vn -0.7075 -0.1199 -0.6965
vn -0.8282 -0.1544 -0.5387
vn -0.7663 -0.0419 -0.6411
vn -0.7726 -0.0156 -0.6347
vn -0.8382 -0.1463 -0.5254
vn -0.7895 -0.1497 -0.5952
vn -0.2899 -0.4847 -0.8253
vn -0.9512 0.0703 -0.3005
vn -0.9332 -0.0875 -0.3486
vn -0.7902 0.0659 -0.6093
vn 0.6475 -0.0258 -0.7616
vn 0.3039 -0.4096 -0.8601
vn 0.3495 -0.5055 -0.7889
vn 0.4722 -0.4261 -0.7716
vn -0.7694 -0.0836 -0.6332
vn -0.4385 0.0204 -0.8985
vn -0.0848 -0.0438 -0.9954
vn -0.0934 -0.0292 -0.9952
vn -0.4316 0.0420 -0.9011
vn -0.6654 0.0265 -0.7460
vn -0.7885 -0.0715 -0.6108
vn -0.8072 -0.0526 -0.5880
vn -0.0813 -0.0070 -0.9967
vn -0.1847 -0.0341 -0.9822
vn -0.1499 -0.9857 -0.0763
vn -0.1131 -0.9923 0.0500
vn -0.0989 -0.9834 -0.1523
vn -0.1864 -0.9807 0.0591
vn -0.1655 -0.9824 0.0870
vn 0.0204 -0.9968 -0.0767
vn -0.0343 -0.9901 -0.1364
vn -0.1148 -0.9934 0.0072
vn 0.0773 -0.9860 -0.1479
vn 0.1386 -0.9690 -0.2044
vn -0.0718 -0.6856 -0.7244
vn -0.0704 -0.8165 -0.5731
vn -0.0904 -0.8377 -0.5386
vn -0.1109 -0.9662 0.2326
vn 0.1083 -0.9941 0.0100
vn -0.1598 -0.9806 0.1135
vn 0.0383 -0.9992 0.0099
vn -0.0189 -0.9698 -0.2431
vn -0.1205 -0.9814 -0.1493
vn -0.1028 -0.9420 -0.3195
vn -0.0765 -0.4939 -0.8662
vn -0.0746 -0.9494 -0.3051
vn -0.2247 -0.9358 -0.2715
vn -0.3002 -0.9473 -0.1115
vn -0.0456 0.4233 -0.9048
vn -0.0531 0.7911 -0.6094
vn -0.0017 0.6746 -0.7382
vn -0.1035 -0.3506 -0.9308
vn -0.1734 -0.7363 -0.6540
vn -0.0846 -0.6226 -0.7779
vn -0.0013 0.5478 -0.8366
vn -0.0314 0.3919 -0.9195
vn -0.1806 -0.9677 0.1756
vn -0.2807 -0.9180 0.2802
vn -0.2557 -0.9663 0.0288
vn -0.1499 -0.3872 0.9097
vn -0.0159 -0.4622 0.8867
vn -0.0915 -0.4482 0.8892
vn -0.0898 -0.9440 -0.3175
vn -0.2298 -0.7203 -0.6545
vn -0.1925 -0.2205 -0.9562
vn -0.3636 -0.7710 0.5227
vn -0.3054 -0.9137 -0.2681
vn -0.0697 -0.0787 -0.9945
vn -0.0453 -0.2538 -0.9662
vn -0.0348 0.9994 0.0017
vn 0.0518 0.9178 0.3937
vn -0.0663 0.9695 0.2361
vn -0.0639 -0.7209 -0.6900
vn -0.0666 -0.5229 -0.8498
vn -0.0493 -0.4144 -0.9087
vn -0.0889 0.8082 0.5822
vn -0.2876 0.5697 0.7699
vn -0.2139 0.4969 0.8410
vn -0.1928 0.2175 -0.9568
vn -0.1438 0.1255 0.9816
vn -0.1403 0.2597 0.9555
vn -0.0768 0.4012 0.9128
vn -0.2929 -0.4160 0.8609
vn -0.2205 -0.6418 0.7345
vn -0.1634 0.1591 -0.9736
vn -0.1730 0.4650 -0.8683
vn -0.1558 0.4215 -0.8934
vn 0.2464 -0.9307 0.2704
vn 0.0978 -0.8116 0.5760
vn -0.1931 -0.8134 0.5487
vn -0.1105 0.6378 0.7622
vn -0.1082 0.5772 0.8094
vn -0.0857 0.7945 0.6011
vn -0.1764 -0.2693 0.9468
vn -0.1007 -0.2393 0.9657
vn -0.2148 -0.2427 0.9460
vn -0.2023 -0.0583 0.9776
vn -0.1573 0.1992 0.9673
vn -0.0968 -0.8076 -0.5818
vn 0.2348 -0.9246 -0.2999
vn -0.0797 -0.7933 -0.6036
vn 0.2606 -0.9353 0.2393
vn -0.0010 -0.3836 0.9235
vn -0.0788 -0.9040 -0.4201
vn -0.1266 -0.9598 -0.2504
vn -0.6361 0.2908 -0.7147
vn -0.2570 0.4726 -0.8430
vn 0.1638 0.7755 0.6097
vn -0.7083 0.6650 -0.2368
vn -0.5122 0.7081 -0.4860
vn -0.7320 0.4548 -0.5073
vn -0.2850 0.5704 0.7703
vn -0.3322 0.4328 0.8381
vn -0.4864 0.4231 0.7645
vn -0.1451 -0.8840 -0.4444
vn -0.1722 0.5879 -0.7904
vn -0.0579 0.8313 0.5528
vn -0.3501 0.1045 0.9308
vn -0.3684 -0.0984 0.9244
vn -0.3792 0.0880 0.9211
vn -0.0375 0.8224 -0.5677
vn -0.0051 0.7085 -0.7057
vn -0.1458 -0.5721 0.8071
vn -0.1625 -0.1476 0.9756
vn -0.1139 0.4636 0.8787
vn -0.1667 0.3996 0.9014
vn -0.7411 0.5789 -0.3400
vn -0.7241 0.5689 -0.3900
vn -0.2010 -0.2824 0.9380
vn -0.2883 0.2812 0.9153
vn -0.2933 0.2526 0.9221
vn -0.2189 -0.0676 -0.9734
vn -0.3989 0.3475 0.8486
vn -0.2608 0.4364 0.8611
vn -0.2774 0.3325 0.9014
vn -0.3550 0.2535 0.8998
vn -0.1980 0.7733 -0.6024
vn -0.1534 0.6547 -0.7401
vn -0.1658 0.7912 -0.5886
vn -0.3169 0.5818 0.7490
vn -0.1997 0.6310 -0.7496
vn -0.1932 0.5690 -0.7993
vn -0.0733 0.9883 -0.1337
vn -0.0093 0.8904 -0.4551
vn -0.0911 0.0634 -0.9938
vn -0.1112 0.0567 -0.9922
vn -0.4168 -0.4282 0.8018
vn -0.0614 0.0422 -0.9972
vn -0.0400 -0.4140 -0.9094
vn -0.0632 -0.5798 -0.8123
vn -0.0028 0.1492 -0.9888
vn -0.0078 -0.0190 -0.9998
vn -0.0227 -0.1909 -0.9814
vn -0.2329 0.1704 -0.9575
vn -0.0274 -0.6070 -0.7942
vn -0.0087 0.4801 -0.8771
vn 0.0168 0.3052 -0.9522
vn -0.0340 0.9493 -0.3126
vn -0.0652 0.0136 -0.9978
vn -0.0484 0.1502 -0.9875
vn -0.0497 0.3004 -0.9525
vn 0.0008 0.0008 -1.0000
vn -0.0197 -0.3484 -0.9372
vn -0.0372 -0.3524 -0.9351
vn 0.0082 0.6550 -0.7556
vn 0.0142 0.4539 -0.8909
vn -0.1318 0.1583 -0.9786
vn -0.1683 0.4237 -0.8900
vn -0.1608 0.3018 -0.9397
vn -0.1498 0.5511 -0.8209
vn -0.1727 0.7950 -0.5815
vn -0.1460 0.6625 -0.7347
vn -0.1685 0.7109 -0.6828
vn -0.1884 0.8668 -0.4617
vn -0.1109 0.7075 0.6980
vn -0.0578 0.8313 0.5528
vn -0.2036 0.8816 0.4259
vn -0.4169 0.4997 0.7593
vn -0.2514 0.5301 0.8098
vn -0.2609 0.4364 0.8611
vn -0.3386 0.1424 0.9301
vn -0.9110 0.4119 0.0181
vn -0.7903 0.6085 -0.0714
vn -0.6964 0.7008 0.1546
vn -0.5983 0.7180 0.3558
vn 0.1122 0.9670 0.2286
vn -0.0245 0.3130 -0.9494
vn -0.0680 0.9396 -0.3354
vn -0.0392 0.9613 -0.2727
vn -0.0345 0.8635 -0.5031
vn -0.0790 0.7133 -0.6964
vn -0.1248 0.8885 -0.4416
vn -0.0042 0.2651 -0.9642
vn -0.2309 0.9690 -0.0883
vn -0.2221 0.9433 -0.2467
vn -0.0843 0.9467 -0.3108
vn -0.1111 0.5692 -0.8147
vn -0.1716 0.7683 -0.6167
vn -0.1426 0.9845 -0.1020
vn -0.1921 0.8620 -0.4690
vn -0.1427 0.9874 0.0691
vn 0.0177 0.9997 -0.0149
vn -0.2046 0.9279 0.3116
vn -0.2425 0.9595 -0.1433
vn -0.2441 0.9401 -0.2380
vn -0.2103 0.6890 0.6936
vn -0.2162 0.7900 0.5738
vn -0.2788 0.6953 0.6625
vn -0.2176 0.8931 -0.3938
vn -0.1501 0.9218 0.3574
vn -0.2658 0.9508 0.1593
vn -0.2947 0.9480 0.1201
vn -0.3297 0.7565 0.5649
vn -0.3168 0.5819 0.7490
vn -0.1528 0.9074 -0.3916
vn -0.2553 0.9662 0.0350
vn -0.2998 0.8699 -0.3916
vn -0.2021 0.9767 -0.0718
vn -0.4112 0.7837 -0.4656
vn -0.1506 0.8627 -0.4828
vn -0.2752 0.8326 -0.4807
vn -0.2043 0.7289 -0.6534
vn -0.4611 0.6092 -0.6451
vn -0.1904 0.6627 -0.7243
vn -0.1916 0.9470 -0.2579
vn -0.1816 0.5585 -0.8094
vn -0.1632 0.9544 0.2499
vn -0.2419 0.9655 0.0966
vn -0.2479 0.9472 -0.2033
vn -0.1367 0.9894 0.0499
vn -0.2570 0.7102 -0.6555
vn -0.2862 0.8502 -0.4419
vn -0.0409 -0.0095 -0.9991
vn -0.2609 0.6656 0.6992
vn -0.2819 0.7895 0.5451
vn -0.2560 0.7117 0.6542
vn -0.1170 0.9922 0.0435
vn -0.3515 0.4857 0.8003
vn -0.3098 0.7848 0.5368
vn -0.3355 0.6991 0.6314
vn -0.2227 0.9556 -0.1930
vn 0.3873 0.9081 0.1594
vn -0.2731 0.8804 0.3877
vn -0.2882 0.8954 0.3393
vn -0.2553 0.9662 0.0351
vn -0.2349 0.9717 0.0255
vn -0.2495 0.8972 0.3644
vn -0.6726 0.6914 -0.2636
vn -0.7245 0.6874 -0.0513
vn -0.8787 0.4606 -0.1251
vn 0.0233 0.9129 -0.4075
vn -0.5477 0.5678 0.6145
vn 0.4881 0.8209 0.2965
vn 0.1122 0.9670 0.2287
vn -0.5213 0.7735 0.3605
vn -0.8301 0.5558 -0.0451
vn 0.1763 0.9465 0.2702
vn 0.1129 0.9923 -0.0503
vn 0.1146 0.9934 -0.0065
vn -0.0204 0.9968 0.0770
vn 0.2028 -0.9276 -0.3136
vn 0.2560 -0.7115 -0.6544
vn 0.2034 -0.8814 -0.4264
vn -0.0476 0.8940 -0.4454
vn 0.1459 0.5728 -0.8066
vn 0.1933 0.8136 -0.5483
vn 0.2877 -0.5697 -0.7699
vn 0.2605 -0.6650 -0.6999
vn 0.0887 -0.8083 -0.5821
vn -0.1082 0.9941 -0.0091
vn -0.0978 0.8115 -0.5761
vn 0.3515 -0.4857 -0.8004
vn 0.4922 -0.3153 -0.8114
vn 0.1421 -0.6027 -0.7853
vn 0.1082 -0.5773 -0.8093
vn 0.0918 -0.4120 -0.9066
vn 0.0768 -0.4013 -0.9127
vn 0.1103 0.9664 -0.2320
vn 0.0855 -0.7947 -0.6009
vn 0.0575 -0.8315 -0.5526
vn 0.2015 0.2824 -0.9379
vn 0.1460 0.5728 -0.8066
vn 0.1623 0.1477 -0.9756
vn 0.3101 -0.2642 -0.9133
vn 0.3386 -0.1423 -0.9301
vn 0.2935 -0.2525 -0.9220
vn 0.2775 -0.3322 -0.9014
vn 0.3552 -0.2536 -0.8997
vn 0.1400 -0.2602 -0.9554
vn 0.1322 -0.7357 -0.6642
vn 0.2879 -0.2812 -0.9154
vn 0.3220 -0.1177 -0.9394
vn 0.1108 -0.7075 -0.6979
vn -0.0515 -0.9178 -0.3936
vn 0.5475 -0.5679 -0.6146
vn 0.4164 -0.4999 -0.7594
vn 0.7011 -0.5349 -0.4714
vn 0.1632 -0.1775 -0.9705
vn 0.3501 -0.1046 -0.9308
vn 0.2608 -0.4363 -0.8612
vn 0.2770 -0.0373 -0.9601
vn 0.1168 -0.9922 -0.0441
vn 0.3688 0.0982 -0.9243
vn 0.4178 0.4279 -0.8014
vn 0.2933 0.4156 -0.8610
vn 0.0888 -0.8083 -0.5821
vn 0.2731 -0.8803 -0.3879
vn 0.3290 -0.7566 -0.5650
vn 0.1715 -0.7681 0.6169
vn 0.1111 -0.5692 0.8147
vn 0.1682 -0.7109 0.6829
vn 0.2043 -0.7288 0.6535
vn 0.1980 -0.7732 0.6024
vn 0.1996 -0.6310 0.7496
vn 0.1721 -0.5880 0.7904
vn 0.4872 -0.4231 -0.7640
vn 0.2856 -0.5702 -0.7703
vn 0.2212 -0.7834 -0.5808
vn 0.5217 -0.7730 -0.3609
vn 0.2515 -0.5301 -0.8098
vn 0.3163 -0.5820 -0.7491
vn 0.1656 -0.8613 -0.4803
vn 0.1806 -0.9228 -0.3405
vn 0.1633 -0.9544 -0.2500
vn 0.2103 -0.6890 -0.6936
vn 0.2166 -0.7899 -0.5738
vn 0.6964 -0.7008 -0.1545
vn 0.3102 -0.7845 -0.5369
vn 0.2496 -0.8971 -0.3645
vn 0.2348 -0.9717 -0.0253
vn 0.2300 -0.9689 -0.0912
vn 0.3163 -0.5821 -0.7491
vn 0.2731 -0.8804 -0.3878
vn 0.2658 -0.9508 -0.1593
vn 0.2552 -0.9663 -0.0349
vn 0.2552 -0.9663 -0.0348
vn 0.2225 -0.9556 0.1933
vn 0.2479 -0.9472 0.2033
vn 0.1919 -0.9469 0.2580
vn 0.3356 -0.6986 -0.6319
vn 0.2415 -0.9656 -0.0965
vn -0.1641 -0.7754 -0.6097
vn -0.1122 -0.9671 -0.2283
vn -0.4879 -0.8209 -0.2966
vn -0.3873 -0.9081 -0.1594
vn -0.1773 -0.9462 -0.2707
vn 0.8302 -0.5556 0.0451
vn 0.8784 -0.4611 0.1258
vn 0.9111 -0.4118 -0.0178
vn 0.7412 -0.5789 0.3399
vn 0.6729 -0.6913 0.2633
vn 0.2863 -0.8502 0.4419
vn 0.1302 -0.9861 -0.1029
vn 0.0936 -0.9763 -0.1954
vn 0.0982 -0.9947 0.0304
vn 0.1408 -0.9872 0.0752
vn 0.1724 -0.9832 0.0591
vn -0.0076 -0.9967 -0.0811
vn 0.0959 -0.9946 -0.0400
vn 0.0019 -0.9839 -0.1785
vn -0.0459 -0.9863 -0.1585
vn -0.1175 -0.9198 -0.3745
vn 0.0714 -0.6368 -0.7677
vn 0.0470 -0.7994 -0.5989
vn 0.0490 -0.8003 -0.5976
vn 0.1134 -0.9791 0.1687
vn 0.1307 -0.9863 0.1010
vn -0.0871 -0.9949 -0.0498
vn 0.0170 -0.9931 -0.1160
vn -0.0512 -0.9520 -0.3017
vn 0.0968 -0.9214 -0.3764
vn 0.1123 -0.9747 -0.1932
vn 0.0754 -0.4171 -0.9057
vn 0.0368 -0.9306 -0.3643
vn 0.2483 -0.9547 -0.1640
vn 0.1582 -0.9363 -0.3136
vn 0.0411 0.5275 -0.8486
vn 0.0323 0.7565 -0.6532
vn 0.0259 0.8529 -0.5215
vn 0.0671 -0.3457 -0.9359
vn 0.0744 -0.6140 -0.7858
vn 0.1430 -0.7503 -0.6454
vn 0.0355 0.4774 -0.8779
vn 0.0026 0.6184 -0.7858
vn 0.2680 -0.9303 0.2505
vn 0.2198 -0.9573 0.1877
vn 0.2426 -0.9701 0.0081
vn 0.1062 -0.2781 0.9547
vn -0.0788 -0.6089 0.7893
vn -0.1372 -0.6581 0.7404
vn 0.0862 -0.9221 -0.3773
vn 0.1527 -0.7271 -0.6694
vn 0.1344 -0.2167 -0.9669
vn 0.2687 -0.8319 0.4856
vn 0.2852 -0.9064 -0.3116
vn 0.0394 -0.0448 -0.9982
vn 0.0203 -0.2533 -0.9672
vn 0.0318 -0.6230 0.7816
vn 0.1281 -0.8917 0.4341
vn -0.0757 -0.9599 0.2698
vn 0.0566 -0.6930 -0.7187
vn 0.0333 -0.4249 -0.9046
vn 0.0478 -0.5038 -0.8625
vn 0.1627 0.2314 -0.9592
vn 0.0933 -0.7157 0.6922
vn 0.2042 -0.5253 0.8260
vn -0.2101 -0.9406 0.2666
vn 0.1688 0.2517 -0.9530
vn 0.2105 0.4204 -0.8826
vn 0.1683 0.5278 -0.8326
vn -0.2839 -0.9586 -0.0210
vn 0.0930 -0.1212 0.9883
vn 0.1652 -0.1476 0.9752
vn 0.0283 -0.1515 0.9881
vn 0.1051 -0.0536 0.9930
vn 0.1509 0.0258 0.9882
vn 0.0851 -0.7950 -0.6006
vn -0.2159 -0.9177 -0.3335
vn 0.0653 -0.7659 -0.6396
vn -0.3238 -0.9432 -0.0737
vn -0.1272 -0.5598 0.8188
vn 0.1120 -0.9493 -0.2939
vn 0.0860 -0.8778 -0.4713
vn 0.3322 0.6457 -0.6875
vn 0.2163 0.4818 -0.8492
vn 0.8459 -0.3215 -0.4255
vn 0.2228 0.8326 -0.5070
vn 0.6398 0.6011 -0.4789
vn 0.9729 -0.2087 -0.0997
vn 0.1163 -0.8682 -0.4824
vn 0.2404 0.6073 -0.7573
vn 0.2745 0.1721 0.9461
vn 0.3863 0.0442 0.9213
vn 0.3062 -0.1481 0.9404
vn 0.2196 -0.2186 0.9508
vn 0.1062 -0.2782 0.9546
vn 0.1652 -0.1477 0.9751
vn 0.2297 -0.0568 0.9716
vn 0.1531 -0.4265 0.8914
vn 0.1240 0.2948 0.9475
vn 0.0929 0.2636 0.9601
vn 0.9882 -0.1302 0.0806
vn 0.3595 0.8553 -0.3731
vn 0.1524 -0.0080 0.9883
vn 0.2316 0.2423 0.9422
vn 0.1735 -0.0468 -0.9837
vn 0.5413 0.4291 0.7231
vn 0.1778 0.7974 -0.5767
vn 0.1743 0.8169 -0.5498
vn 0.1659 0.6861 -0.7083
vn 0.1423 0.6627 -0.7353
vn 0.1736 0.5503 -0.8167
vn 0.0240 0.9246 -0.3803
vn 0.0866 0.1369 -0.9868
vn 0.1346 0.1091 -0.9849
vn 0.3293 -0.5230 0.7862
vn 0.1669 -0.0216 0.9857
vn 0.0569 0.1113 -0.9922
vn 0.0504 -0.3399 -0.9391
vn 0.0563 -0.5444 -0.8369
vn 0.0257 0.1788 -0.9835
vn 0.0474 -0.1661 -0.9850
vn 0.0023 -0.0055 -1.0000
vn 0.1745 0.1880 -0.9665
vn 0.0369 -0.5686 -0.8218
vn -0.0171 0.5226 -0.8524
vn -0.0172 0.3206 -0.9471
vn 0.0466 0.8682 -0.4940
vn 0.0303 0.9703 -0.2399
vn 0.0035 0.0486 -0.9988
vn -0.0031 0.2457 -0.9693
vn 0.0295 0.3605 -0.9323
vn 0.0032 0.0284 -0.9996
vn 0.0228 -0.2823 -0.9591
vn 0.0418 -0.2772 -0.9599
vn 0.0095 0.7088 -0.7054
vn -0.0030 0.4959 -0.8684
vn 0.1664 0.3607 -0.9177
vn 0.0720 0.2681 -0.9607
vn 0.1241 0.4705 -0.8736
vn 0.1098 0.5910 -0.7992
vn 0.1678 0.8205 -0.5465
vn 0.1656 0.7488 -0.6417
vn 0.1547 0.6896 -0.7075
vn 0.1930 0.8894 -0.4143
vn 0.0027 0.7675 -0.6411
vn 0.1670 -0.0216 0.9857
vn 0.9150 0.3997 0.0545
vn 0.5867 0.7875 0.1887
vn 0.9324 -0.3193 -0.1692
vn 0.8537 0.5207 -0.0010
vn 0.0276 0.3569 -0.9337
vn 0.0290 0.9786 -0.2036
vn 0.0124 0.8991 -0.4377
vn 0.0302 0.7751 -0.6311
vn 0.1039 0.9212 -0.3750
vn 0.0110 0.3004 -0.9537
vn 0.0452 0.9853 -0.1647
vn 0.1864 0.9825 0.0012
vn 0.2234 0.9612 -0.1617
vn 0.0521 0.9685 -0.2437
vn 0.0704 0.6359 -0.7685
vn 0.1427 0.8040 -0.5772
vn 0.1910 0.9000 -0.3918
vn 0.2593 0.9643 -0.0536
vn 0.2503 0.9577 -0.1423
vn 0.2251 0.9152 -0.3344
vn 0.1642 0.9280 -0.3343
vn 0.2566 0.9600 0.1124
vn 0.2847 0.9258 0.2487
vn 0.1846 0.9243 -0.3341
vn 0.2734 0.8808 -0.3866
vn 0.2170 0.9753 -0.0408
vn 0.1879 0.8676 -0.4604
vn 0.1802 0.8478 -0.4988
vn 0.3035 0.7509 -0.5866
vn 0.1780 0.7778 -0.6028
vn 0.2780 0.6849 -0.6735
vn 0.2286 0.9606 -0.1578
vn 0.2373 0.5938 -0.7689
vn 0.2267 0.9712 -0.0727
vn 0.1826 0.9774 0.1067
vn 0.4657 -0.8719 0.1514
vn 0.1160 -0.9383 0.3259
vn 0.1806 -0.9775 0.1087
vn 0.2773 0.9012 -0.3332
vn 0.3854 0.8018 -0.4568
vn 0.0447 0.0436 -0.9981
vn 0.9685 0.1985 -0.1506
vn 0.2351 0.9678 -0.0905
vn 0.6828 -0.7305 0.0121
vn 0.2804 0.9363 0.2113
vn 0.2468 0.9641 0.0976
vn 0.2163 0.9430 0.2529
vn 0.2712 0.9576 -0.0969
vn 0.2112 0.9741 0.0811
vn 0.8795 0.4755 0.0173
vn 0.1874 -0.9211 0.3413
vn 0.1079 0.9825 0.1517
vn 0.8491 0.4790 0.2226
vn 0.3518 0.8431 0.4067
vn 0.2548 0.9561 0.1449
vn 0.9323 -0.3303 -0.1475
vn 0.8303 0.5547 0.0540
vn -0.0730 -0.8872 -0.4557
vn -0.0841 -0.7894 -0.6081
vn -0.0813 -0.8778 -0.4721
vn -0.1180 -0.9197 -0.3744
vn -0.1078 -0.9825 -0.1517
vn -0.1250 -0.8178 -0.5617
vn -0.2930 -0.3882 -0.8738
vn -0.2850 -0.6570 -0.6979
vn -0.2809 -0.4827 -0.8295
vn -0.1802 -0.2436 -0.9530
vn -0.2300 0.0572 -0.9715
vn -0.1240 -0.2948 -0.9475
vn -0.2481 -0.6992 -0.6704
vn -0.0944 -0.5151 -0.8519
vn -0.2101 -0.5620 -0.8000
vn -0.1301 -0.7264 -0.6748
vn -0.1062 -0.6841 -0.7216
vn -0.1136 -0.5188 -0.8473
vn -0.1190 -0.4814 -0.8684
vn -0.0689 -0.4844 -0.8721
vn -0.5418 -0.4293 -0.7226
vn -0.2623 -0.5477 -0.7945
vn -0.3319 -0.4024 -0.8532
vn -0.1350 -0.7215 -0.6791
vn -0.1651 0.1477 -0.9751
vn -0.1510 -0.0255 -0.9882
vn -0.0026 -0.6183 0.7859
vn -0.0461 -0.8682 0.4942
vn -0.0026 -0.7674 0.6412
vn -0.0324 0.6229 -0.7816
vn -0.1063 0.2780 -0.9547
vn 0.0784 0.6083 -0.7898
vn -0.0927 -0.2638 -0.9601
vn -0.1103 -0.3492 -0.9305
vn -0.1390 -0.4398 -0.8873
vn -0.3176 -0.2851 -0.9044
vn -0.3288 -0.2137 -0.9199
vn -0.3538 -0.1325 -0.9259
vn -0.3665 -0.2224 -0.9035
vn -0.0914 -0.6399 -0.7630
vn -0.2316 -0.2427 -0.9421
vn -0.3099 -0.2506 -0.9171
vn -0.1312 -0.5796 -0.8043
vn -0.4649 -0.5880 -0.6619
vn -0.9150 -0.3998 -0.0546
vn -0.8491 -0.4790 -0.2227
vn -0.3928 -0.3226 -0.8611
vn -0.2740 -0.1728 -0.9461
vn -0.2762 -0.4033 -0.8724
vn -0.3140 -0.5542 -0.7709
vn -0.0525 -0.9984 -0.0213
vn -0.1664 -0.3609 0.9177
vn -0.0721 -0.2682 0.9607
vn -0.1240 -0.4704 0.8737
vn -0.1063 0.2779 -0.9547
vn -0.1650 0.1477 -0.9752
vn -0.0283 0.1513 -0.9881
vn -0.0424 -0.9765 -0.2112
vn -0.3865 -0.0448 -0.9212
vn -0.2662 -0.4837 -0.8338
vn -0.2165 -0.9430 -0.2527
vn -0.5868 -0.7874 -0.1886
vn -0.2175 -0.9504 -0.2224
vn -0.0453 -0.9853 0.1649
vn -0.0274 -0.3570 0.9337
vn -0.0353 -0.4775 0.8779
vn -0.0026 -0.6183 0.7860
vn -0.3127 -0.7222 -0.6170
vn -0.2817 -0.8502 -0.4447
vn -0.1370 -0.9904 -0.0177
vn -0.1866 -0.9824 -0.0011
vn -0.0521 -0.9685 0.2437
vn -0.2024 -0.9087 -0.3652
vn -0.1038 -0.9679 -0.2291
vn -0.2948 -0.6595 -0.6915
vn -0.2246 -0.6243 -0.7482
vn -0.2739 -0.7438 -0.6097
vn -0.2801 -0.9364 -0.2115
vn -0.2874 -0.7910 -0.5400
vn -0.2849 -0.9257 -0.2488
vn -0.1828 -0.9773 -0.1067
vn -0.1673 -0.9471 -0.2740
vn -0.2170 -0.9753 0.0409
vn -0.2042 0.5256 -0.8259
vn -0.1672 0.0216 -0.9857
vn -0.1528 0.4273 -0.8911
vn -0.1672 0.0215 -0.9857
vn -0.0275 -0.3569 0.9337
vn -0.0110 -0.3007 0.9536
vn -0.0446 -0.0439 0.9980
vn -0.1736 -0.5504 0.8167
vn -0.1744 -0.7896 -0.5883
vn -0.3205 -0.7383 -0.5935
vn -0.0301 -0.9704 0.2398
vn -0.2484 -0.6394 -0.7277
vn -0.3520 -0.8431 -0.4067
vn -0.2253 -0.9060 -0.3584
vn -0.2446 -0.8219 -0.5144
vn -0.2769 -0.8582 -0.4322
vn -0.2547 -0.9562 -0.1445
vn -0.2469 -0.9641 -0.0974
vn -0.2902 -0.8683 -0.4023
vn -0.2564 -0.9600 -0.1122
vn -0.2249 -0.9151 0.3346
vn -0.1931 -0.8894 0.4144
vn -0.2502 -0.9577 0.1419
vn -0.8780 -0.0671 0.4739
vn -0.8304 -0.5546 -0.0539
vn -0.2113 -0.9740 -0.0810
vn -0.8797 -0.4753 -0.0171
vn -0.1782 -0.7778 0.6027
vn -0.2772 -0.9011 0.3334
vn -0.2228 -0.8327 0.5070
vn 0.5106 0.8598 0.0082
vn 0.7230 0.4833 -0.4937
vn 0.6481 0.4513 -0.6134
vn 0.7673 0.2613 -0.5856
vn 0.0320 0.3876 -0.9213
vn -0.6434 0.4590 -0.6127
vn -0.7214 0.6749 0.1553
vn -0.7541 0.6405 -0.1453
vn -0.3155 0.5809 -0.7503
vn -0.3751 0.5371 -0.7555
vn -0.6309 0.2633 -0.7299
vn -0.6763 0.6674 0.3117
vn -0.7624 0.3158 0.5649
vn -0.3802 0.2708 0.8844
vn 0.0407 0.1281 0.9909
vn 0.1047 0.2898 0.9513
vn -0.7325 0.5987 0.3240
vn 0.3268 0.3496 0.8781
vn 0.0003 0.3836 0.9235
vn 0.7178 0.3798 0.5836
vn 0.4984 0.7383 0.4545
vn 0.2114 0.8253 0.5237
vn 0.2044 0.9247 0.3212
vn -0.1220 -0.1697 -0.9779
vn -0.0406 -0.1280 -0.9909
vn -0.1049 -0.2898 -0.9513
vn -0.2116 -0.8253 -0.5236
vn -0.2889 -0.8145 -0.5031
vn -0.4985 -0.7382 -0.4545
vt 0.142021 0.571996
vt 0.155947 0.561233
vt 0.159202 0.578530
vt 0.007640 0.027082
vt 0.005747 0.007814
vt 0.016104 0.016524
vt 0.026123 0.007429
vt 0.036465 0.015829
vt 0.102658 0.374734
vt 0.115863 0.379789
vt 0.107057 0.393434
vt 0.018952 0.055135
vt 0.011464 0.065614
vt 0.009534 0.046350
vt 0.022041 0.029954
vt 0.025888 0.068006
vt 0.061683 0.380108
vt 0.076548 0.380402
vt 0.068855 0.393463
vt 0.036366 0.267309
vt 0.052419 0.256181
vt 0.048956 0.267621
vt 0.087978 0.377799
vt 0.095613 0.386693
vt 0.083358 0.393209
vt 0.067188 0.265623
vt 0.079558 0.275979
vt 0.065629 0.284119
vt 0.013520 0.084864
vt 0.025092 0.080388
vt 0.028770 0.098014
vt 0.015708 0.104101
vt 0.032496 0.111934
vt 0.017896 0.123337
vt 0.403663 0.397579
vt 0.411276 0.414858
vt 0.391128 0.405469
vt 0.131849 0.587307
vt 0.124444 0.571353
vt 0.042585 0.118675
vt 0.030020 0.123813
vt 0.051846 0.363860
vt 0.069431 0.364315
vt 0.052349 0.239098
vt 0.065884 0.234770
vt 0.061348 0.248236
vt 0.044854 0.228690
vt 0.027378 0.219660
vt 0.038806 0.218968
vt 0.462158 0.343292
vt 0.461912 0.362409
vt 0.454046 0.352748
vt 0.088876 0.111840
vt 0.098935 0.102058
vt 0.101886 0.115156
vt 0.037666 0.317623
vt 0.025566 0.313864
vt 0.041433 0.305526
vt 0.026802 0.295172
vt 0.078169 0.246405
vt 0.085114 0.229227
vt 0.095089 0.246577
vt 0.054444 0.293171
vt 0.059319 0.306709
vt 0.441436 0.311416
vt 0.426717 0.310333
vt 0.428996 0.296274
vt 0.314255 0.116672
vt 0.305963 0.138761
vt 0.295927 0.127791
vt 0.299623 0.220245
vt 0.300290 0.240435
vt 0.288718 0.233903
vt 0.347001 0.233425
vt 0.362177 0.228336
vt 0.351840 0.247601
vt 0.046843 0.379206
vt 0.095857 0.400571
vt 0.336316 0.243923
vt 0.322504 0.241780
vt 0.329887 0.222281
vt 0.397028 0.255324
vt 0.396326 0.242134
vt 0.414533 0.247172
vt 0.035764 0.365237
vt 0.030761 0.380583
vt 0.020284 0.369807
vt 0.028181 0.257737
vt 0.028105 0.239006
vt 0.043424 0.248309
vt 0.236982 0.128184
vt 0.247953 0.135501
vt 0.234866 0.147257
vt 0.455930 0.267524
vt 0.472401 0.257737
vt 0.472878 0.276462
vt 0.037426 0.199499
vt 0.040305 0.065572
vt 0.030456 0.049342
vt 0.042882 0.052904
vt 0.340565 0.583066
vt 0.328508 0.578185
vt 0.343189 0.559253
vt 0.036703 0.029151
vt 0.047974 0.034254
vt 0.053670 0.218376
vt 0.067052 0.220608
vt 0.020831 0.041999
vt 0.052102 0.391476
vt 0.042311 0.281589
vt 0.054412 0.278782
vt 0.022334 0.351188
vt 0.441974 0.388088
vt 0.461716 0.393239
vt 0.442971 0.403635
vt 0.443390 0.372574
vt 0.455474 0.380316
vt 0.017917 0.388389
vt 0.038169 0.330283
vt 0.043023 0.343708
vt 0.030919 0.342581
vt 0.290301 0.584656
vt 0.278386 0.581324
vt 0.287000 0.572733
vt 0.038869 0.393239
vt 0.024072 0.332536
vt 0.027716 0.276463
vt 0.444313 0.344969
vt 0.441324 0.358687
vt 0.114109 0.416858
vt 0.431732 0.396550
vt 0.424652 0.378685
vt 0.094922 0.452693
vt 0.097089 0.469266
vt 0.082941 0.460366
vt 0.081522 0.261067
vt 0.292902 0.559272
vt 0.299165 0.572568
vt 0.061056 0.347958
vt 0.061101 0.329582
vt 0.449560 0.295991
vt 0.440169 0.287441
vt 0.458072 0.286564
vt 0.158723 0.608605
vt 0.143634 0.619509
vt 0.142283 0.601746
vt 0.082453 0.409037
vt 0.095423 0.481401
vt 0.083183 0.480964
vt 0.049439 0.323494
vt 0.109794 0.561619
vt 0.105400 0.575739
vt 0.287189 0.596630
vt 0.079314 0.440103
vt 0.094123 0.438488
vt 0.221833 0.579934
vt 0.240743 0.580769
vt 0.231625 0.596131
vt 0.231658 0.571965
vt 0.240488 0.562907
vt 0.087344 0.425223
vt 0.194363 0.598179
vt 0.202420 0.582242
vt 0.212964 0.596655
vt 0.162846 0.593629
vt 0.176063 0.601789
vt 0.106895 0.459172
vt 0.071198 0.420202
vt 0.183865 0.593149
vt 0.122064 0.598146
vt 0.111987 0.609695
vt 0.104139 0.590472
vt 0.091348 0.563623
vt 0.357044 0.601056
vt 0.340907 0.608100
vt 0.335785 0.595651
vt 0.134269 0.434778
vt 0.120168 0.445201
vt 0.116858 0.432692
vt 0.057614 0.403635
vt 0.074543 0.595510
vt 0.078946 0.609886
vt 0.061189 0.602419
vt 0.132219 0.632289
vt 0.114462 0.624821
vt 0.127165 0.611829
vt 0.149117 0.588953
vt 0.367123 0.586618
vt 0.368449 0.598280
vt 0.413739 0.369225
vt 0.398386 0.379567
vt 0.399491 0.366862
vt 0.069777 0.407514
vt 0.317462 0.585052
vt 0.320779 0.567724
vt 0.350454 0.218849
vt 0.342268 0.205021
vt 0.353447 0.587808
vt 0.457153 0.248316
vt 0.472469 0.239005
vt 0.247741 0.553067
vt 0.249607 0.571710
vt 0.458986 0.234078
vt 0.473207 0.219660
vt 0.425164 0.182579
vt 0.421222 0.200546
vt 0.408886 0.186902
vt 0.409783 0.336000
vt 0.430134 0.324690
vt 0.418500 0.346530
vt 0.073076 0.306731
vt 0.388648 0.225046
vt 0.389508 0.212825
vt 0.400073 0.229468
vt 0.331088 0.193479
vt 0.351920 0.188508
vt 0.187357 0.560934
vt 0.200961 0.564443
vt 0.192210 0.574119
vt 0.423318 0.018782
vt 0.433706 0.006809
vt 0.443773 0.014393
vt 0.468427 0.020273
vt 0.474461 0.007479
vt 0.484503 0.016539
vt 0.473793 0.295172
vt 0.454083 0.007144
vt 0.451554 0.024308
vt 0.429448 0.280716
vt 0.448678 0.277981
vt 0.425556 0.148826
vt 0.409528 0.156508
vt 0.410465 0.141115
vt 0.079958 0.348602
vt 0.087116 0.366109
vt 0.442517 0.154135
vt 0.455288 0.153960
vt 0.454215 0.166687
vt 0.465824 0.034175
vt 0.476686 0.043951
vt 0.463279 0.047925
vt 0.424697 0.062158
vt 0.423486 0.076047
vt 0.400019 0.067362
vt 0.130595 0.380748
vt 0.146930 0.392443
vt 0.133740 0.396572
vt 0.491101 0.046354
vt 0.479113 0.029540
vt 0.435563 0.028847
vt 0.492971 0.027085
vt 0.494838 0.007814
vt 0.427121 0.363795
vt 0.478251 0.351188
vt 0.480301 0.369807
vt 0.370500 0.218050
vt 0.081335 0.501493
vt 0.088261 0.512755
vt 0.078759 0.521948
vt 0.458175 0.208918
vt 0.474542 0.200346
vt 0.389650 0.526325
vt 0.397503 0.511186
vt 0.404694 0.526650
vt 0.423571 0.230107
vt 0.427092 0.242897
vt 0.411688 0.234739
vt 0.460608 0.221402
vt 0.418473 0.397401
vt 0.457869 0.305597
vt 0.475013 0.313864
vt 0.038998 0.293453
vt 0.259744 0.579318
vt 0.250292 0.595866
vt 0.268743 0.596116
vt 0.422739 0.409372
vt 0.429387 0.420202
vt 0.357590 0.544383
vt 0.368985 0.536789
vt 0.370579 0.550389
vt 0.402935 0.494124
vt 0.385677 0.498896
vt 0.389698 0.479847
vt 0.421832 0.521947
vt 0.424961 0.542323
vt 0.409313 0.543811
vt 0.305579 0.598094
vt 0.323689 0.601560
vt 0.431627 0.349390
vt 0.370697 0.617746
vt 0.368366 0.632289
vt 0.386123 0.624821
vt 0.439806 0.333024
vt 0.446910 0.322694
vt 0.355996 0.618633
vt 0.358134 0.558684
vt 0.373993 0.568994
vt 0.363582 0.575087
vt 0.419255 0.501493
vt 0.411296 0.512885
vt 0.476498 0.332537
vt 0.469824 0.380583
vt 0.351857 0.572259
vt 0.482668 0.388389
vt 0.391704 0.613245
vt 0.395816 0.601069
vt 0.403881 0.617354
vt 0.378073 0.604998
vt 0.380701 0.590980
vt 0.102264 0.425962
vt 0.095369 0.414198
vt 0.439396 0.602419
vt 0.421639 0.609886
vt 0.420563 0.594554
vt 0.120337 0.393201
vt 0.124652 0.406986
vt 0.410227 0.384301
vt 0.459314 0.324509
vt 0.435149 0.223889
vt 0.446403 0.237395
vt 0.082136 0.296380
vt 0.082296 0.316941
vt 0.070830 0.338794
vt 0.107234 0.445562
vt 0.217274 0.564270
vt 0.262094 0.565629
vt 0.278879 0.563674
vt 0.442019 0.265620
vt 0.311024 0.574838
vt 0.305091 0.585714
vt 0.329865 0.557882
vt 0.307709 0.560047
vt 0.403070 0.573834
vt 0.388835 0.569591
vt 0.400408 0.556764
vt 0.381806 0.536472
vt 0.337579 0.539271
vt 0.349653 0.532474
vt 0.346095 0.547658
vt 0.311894 0.547335
vt 0.385249 0.554722
vt 0.393893 0.540762
vt 0.409000 0.604679
vt 0.406143 0.589236
vt 0.354660 0.521806
vt 0.345624 0.514240
vt 0.359550 0.501799
vt 0.364282 0.515003
vt 0.374732 0.524359
vt 0.415125 0.557344
vt 0.406465 0.322738
vt 0.415480 0.300766
vt 0.397054 0.331014
vt 0.390559 0.320295
vt 0.101924 0.357741
vt 0.405671 0.353587
vt 0.408711 0.443136
vt 0.402789 0.454620
vt 0.396140 0.440147
vt 0.325129 0.545353
vt 0.331137 0.527004
vt 0.386531 0.384264
vt 0.417544 0.426977
vt 0.421271 0.440103
vt 0.327632 0.508422
vt 0.317374 0.488913
vt 0.329807 0.495961
vt 0.377216 0.229450
vt 0.366998 0.242625
vt 0.042274 0.189156
vt 0.036247 0.178521
vt 0.058117 0.182252
vt 0.020083 0.142574
vt 0.216869 0.069028
vt 0.205393 0.073375
vt 0.203948 0.058764
vt 0.095634 0.277334
vt 0.416922 0.282526
vt 0.115902 0.365650
vt 0.181612 0.581728
vt 0.171479 0.572622
vt 0.113718 0.470953
vt 0.130530 0.452950
vt 0.227625 0.554538
vt 0.272790 0.552319
vt 0.259911 0.551913
vt 0.117467 0.584286
vt 0.090896 0.493212
vt 0.148835 0.360302
vt 0.146826 0.375331
vt 0.131933 0.364669
vt 0.382600 0.022269
vt 0.372572 0.006044
vt 0.392950 0.006249
vt 0.428204 0.268122
vt 0.439230 0.248252
vt 0.420536 0.258190
vt 0.410811 0.266120
vt 0.459110 0.190791
vt 0.291166 0.546655
vt 0.301383 0.539052
vt 0.279580 0.541368
vt 0.204240 0.433948
vt 0.219108 0.437562
vt 0.206504 0.446236
vt 0.373023 0.504032
vt 0.383343 0.512977
vt 0.184328 0.417996
vt 0.192035 0.428780
vt 0.178927 0.430752
vt 0.428900 0.562557
vt 0.433741 0.582595
vt 0.418233 0.578817
vt 0.086693 0.333183
vt 0.095732 0.344579
vt 0.123097 0.351732
vt 0.128572 0.420888
vt 0.201432 0.544415
vt 0.181856 0.548667
vt 0.101424 0.513995
vt 0.111950 0.482669
vt 0.195921 0.533156
vt 0.206628 0.526637
vt 0.211466 0.537699
vt 0.171013 0.535008
vt 0.163576 0.550945
vt 0.158842 0.474512
vt 0.144831 0.487014
vt 0.142258 0.473484
vt 0.173422 0.559137
vt 0.158647 0.433782
vt 0.143553 0.419903
vt 0.157179 0.413329
vt 0.183576 0.535334
vt 0.135662 0.499777
vt 0.122440 0.488178
vt 0.139548 0.445335
vt 0.225073 0.519301
vt 0.223056 0.541086
vt 0.098688 0.545290
vt 0.118404 0.544156
vt 0.093495 0.527671
vt 0.375722 0.326524
vt 0.384971 0.335498
vt 0.135813 0.352532
vt 0.452393 0.335164
vt 0.448277 0.224518
vt 0.383473 0.245181
vt 0.380588 0.261863
vt 0.392993 0.583852
vt 0.093312 0.306574
vt 0.095610 0.291623
vt 0.100356 0.331629
vt 0.106207 0.319184
vt 0.110177 0.342869
vt 0.143937 0.406012
vt 0.157207 0.400357
vt 0.146364 0.431992
vt 0.162331 0.460982
vt 0.150060 0.463645
vt 0.149854 0.451090
vt 0.136740 0.528466
vt 0.151252 0.526589
vt 0.137806 0.542537
vt 0.133804 0.556068
vt 0.123788 0.531889
vt 0.170510 0.418974
vt 0.186138 0.354901
vt 0.198736 0.365794
vt 0.176895 0.364997
vt 0.399955 0.307231
vt 0.401320 0.290470
vt 0.096963 0.261927
vt 0.108793 0.286112
vt 0.174098 0.348392
vt 0.159787 0.350784
vt 0.164990 0.337913
vt 0.122776 0.338351
vt 0.103308 0.490774
vt 0.110080 0.503011
vt 0.159080 0.538952
vt 0.150308 0.549079
vt 0.110808 0.528572
vt 0.159156 0.387197
vt 0.173410 0.392778
vt 0.194754 0.441989
vt 0.367364 0.491574
vt 0.353679 0.490288
vt 0.370246 0.479031
vt 0.169488 0.404533
vt 0.170750 0.380674
vt 0.185590 0.395063
vt 0.184822 0.377147
vt 0.160138 0.512621
vt 0.144097 0.513825
vt 0.151364 0.499139
vt 0.146335 0.345346
vt 0.160679 0.369534
vt 0.182333 0.442608
vt 0.171090 0.447685
vt 0.181382 0.406333
vt 0.335804 0.464568
vt 0.338870 0.475552
vt 0.326305 0.472022
vt 0.207252 0.413289
vt 0.195598 0.409942
vt 0.208243 0.374355
vt 0.198328 0.382442
vt 0.284012 0.482269
vt 0.304313 0.484859
vt 0.281579 0.495706
vt 0.211387 0.457738
vt 0.228320 0.456691
vt 0.123698 0.509966
vt 0.113396 0.516597
vt 0.099385 0.603627
vt 0.393877 0.273544
vt 0.130348 0.327313
vt 0.106297 0.270493
vt 0.163803 0.275439
vt 0.151610 0.281948
vt 0.150883 0.265523
vt 0.145527 0.315330
vt 0.148685 0.330264
vt 0.388157 0.301489
vt 0.376268 0.307040
vt 0.198555 0.349141
vt 0.178093 0.335723
vt 0.326426 0.207710
vt 0.162701 0.324219
vt 0.177553 0.315635
vt 0.199624 0.251576
vt 0.214918 0.249936
vt 0.208510 0.262318
vt 0.188121 0.327008
vt 0.363155 0.258848
vt 0.368980 0.277072
vt 0.159810 0.445260
vt 0.121235 0.556406
vt 0.086545 0.581545
vt 0.096704 0.617354
vt 0.088373 0.595256
vt 0.081115 0.570485
vt 0.084867 0.551954
vt 0.071685 0.562557
vt 0.075625 0.542323
vt 0.220058 0.344234
vt 0.228166 0.357148
vt 0.212231 0.357320
vt 0.342436 0.496658
vt 0.403950 0.470506
vt 0.379627 0.487670
vt 0.402767 0.426939
vt 0.306630 0.498337
vt 0.417402 0.480964
vt 0.316324 0.465228
vt 0.220426 0.378263
vt 0.066844 0.582595
vt 0.381307 0.274446
vt 0.383867 0.289090
vt 0.315714 0.531679
vt 0.330531 0.483333
vt 0.210735 0.387531
vt 0.360576 0.470710
vt 0.350032 0.477891
vt 0.348878 0.464865
vt 0.417644 0.460366
vt 0.199818 0.396475
vt 0.204404 0.321622
vt 0.206817 0.336516
vt 0.345498 0.361205
vt 0.356744 0.367384
vt 0.345728 0.374111
vt 0.087784 0.538929
vt 0.265061 0.219248
vt 0.247982 0.222924
vt 0.255109 0.202169
vt 0.229258 0.369524
vt 0.332102 0.351198
vt 0.331083 0.333811
vt 0.346276 0.342326
vt 0.234647 0.344076
vt 0.287753 0.285796
vt 0.275185 0.277611
vt 0.289235 0.272362
vt 0.369133 0.316589
vt 0.358523 0.311156
vt 0.242070 0.355900
vt 0.240080 0.375629
vt 0.215254 0.404180
vt 0.359978 0.329315
vt 0.395152 0.343401
vt 0.313121 0.511732
vt 0.299685 0.518138
vt 0.268804 0.527602
vt 0.266469 0.540530
vt 0.254115 0.531623
vt 0.231514 0.386358
vt 0.293290 0.504777
vt 0.295295 0.474579
vt 0.191247 0.516316
vt 0.377986 0.442515
vt 0.364673 0.444880
vt 0.369150 0.431432
vt 0.233004 0.330925
vt 0.302234 0.268084
vt 0.300105 0.254322
vt 0.312985 0.259616
vt 0.376052 0.357496
vt 0.369611 0.342077
vt 0.219893 0.328987
vt 0.247004 0.336318
vt 0.261648 0.346062
vt 0.262110 0.443680
vt 0.250538 0.440337
vt 0.258383 0.424801
vt 0.254579 0.362102
vt 0.333300 0.367877
vt 0.343233 0.386775
vt 0.221497 0.393548
vt 0.255647 0.377782
vt 0.250270 0.392549
vt 0.226249 0.412818
vt 0.229575 0.426400
vt 0.214722 0.422839
vt 0.232010 0.400077
vt 0.384852 0.369486
vt 0.360252 0.355042
vt 0.363932 0.294170
vt 0.247585 0.414792
vt 0.244128 0.450534
vt 0.241247 0.466510
vt 0.351935 0.268149
vt 0.355303 0.282327
vt 0.412058 0.221094
vt 0.425389 0.215089
vt 0.390036 0.356457
vt 0.341078 0.258427
vt 0.243925 0.403066
vt 0.326864 0.255060
vt 0.272201 0.229046
vt 0.275651 0.247817
vt 0.364885 0.377302
vt 0.264398 0.328750
vt 0.349432 0.295753
vt 0.322299 0.271794
vt 0.314901 0.285223
vt 0.311847 0.232735
vt 0.315015 0.217409
vt 0.345096 0.323468
vt 0.378715 0.408046
vt 0.392986 0.418352
vt 0.381543 0.424555
vt 0.337559 0.273282
vt 0.274872 0.290313
vt 0.284277 0.298856
vt 0.238422 0.212766
vt 0.311034 0.247117
vt 0.300624 0.281674
vt 0.282265 0.222287
vt 0.356878 0.205710
vt 0.316418 0.196552
vt 0.468818 0.151979
vt 0.371479 0.204855
vt 0.421630 0.130475
vt 0.403924 0.124255
vt 0.417271 0.114571
vt 0.441244 0.187585
vt 0.448983 0.199356
vt 0.344690 0.309548
vt 0.357285 0.391261
vt 0.368235 0.415179
vt 0.272019 0.469708
vt 0.284394 0.468620
vt 0.281179 0.417116
vt 0.295749 0.437223
vt 0.272820 0.427693
vt 0.282562 0.323282
vt 0.276931 0.337478
vt 0.328607 0.389331
vt 0.322030 0.376020
vt 0.321021 0.362754
vt 0.298008 0.371175
vt 0.313229 0.351970
vt 0.335278 0.299283
vt 0.329467 0.316958
vt 0.317512 0.303235
vt 0.319023 0.339810
vt 0.308724 0.380019
vt 0.267961 0.414469
vt 0.267641 0.369088
vt 0.327399 0.283356
vt 0.319968 0.326373
vt 0.306655 0.327650
vt 0.339622 0.286564
vt 0.301511 0.296358
vt 0.295356 0.321343
vt 0.291792 0.341003
vt 0.304279 0.311972
vt 0.305281 0.341070
vt 0.233933 0.314734
vt 0.216694 0.315746
vt 0.253863 0.260043
vt 0.262047 0.271834
vt 0.248336 0.272615
vt 0.265728 0.309827
vt 0.259342 0.298595
vt 0.278789 0.310744
vt 0.289095 0.259983
vt 0.195174 0.264304
vt 0.288150 0.247179
vt 0.255014 0.233540
vt 0.262863 0.286163
vt 0.276719 0.260287
vt 0.218322 0.302221
vt 0.231770 0.294844
vt 0.237054 0.280445
vt 0.247900 0.292594
vt 0.242835 0.237262
vt 0.233710 0.225894
vt 0.265346 0.254980
vt 0.266219 0.239591
vt 0.332485 0.142271
vt 0.334780 0.122856
vt 0.344550 0.132019
vt 0.192464 0.309310
vt 0.175494 0.285049
vt 0.193904 0.291144
vt 0.176720 0.300133
vt 0.228814 0.256530
vt 0.242153 0.252481
vt 0.254822 0.246664
vt 0.261549 0.188274
vt 0.274563 0.207820
vt 0.305005 0.206269
vt 0.217588 0.232922
vt 0.205403 0.233343
vt 0.219990 0.220970
vt 0.298471 0.354383
vt 0.276321 0.357084
vt 0.290707 0.141713
vt 0.300262 0.153967
vt 0.227100 0.240547
vt 0.302291 0.191542
vt 0.289418 0.208291
vt 0.243496 0.181546
vt 0.227922 0.173379
vt 0.242268 0.163209
vt 0.245103 0.118667
vt 0.224921 0.207998
vt 0.217168 0.186586
vt 0.210375 0.174554
vt 0.268395 0.024635
vt 0.270672 0.005785
vt 0.280879 0.016581
vt 0.235580 0.199110
vt 0.250292 0.005843
vt 0.260506 0.014119
vt 0.351250 0.049485
vt 0.357733 0.060813
vt 0.339109 0.054274
vt 0.266119 0.145790
vt 0.276157 0.136258
vt 0.278804 0.151331
vt 0.357667 0.134726
vt 0.348092 0.144936
vt 0.321245 0.183047
vt 0.401643 0.023342
vt 0.260754 0.172981
vt 0.272832 0.164701
vt 0.274308 0.179804
vt 0.308811 0.180696
vt 0.334678 0.180232
vt 0.316399 0.152145
vt 0.385047 0.053138
vt 0.391517 0.033526
vt 0.402740 0.042487
vt 0.318304 0.169009
vt 0.332291 0.158102
vt 0.397948 0.054549
vt 0.415035 0.050852
vt 0.436411 0.070822
vt 0.344660 0.170814
vt 0.388353 0.161402
vt 0.395565 0.181352
vt 0.382606 0.181196
vt 0.362287 0.194836
vt 0.222316 0.268450
vt 0.127881 0.238202
vt 0.123239 0.250931
vt 0.114432 0.239843
vt 0.223416 0.281981
vt 0.204112 0.301094
vt 0.147958 0.302306
vt 0.163681 0.308666
vt 0.174835 0.250052
vt 0.147975 0.239331
vt 0.164581 0.225719
vt 0.160692 0.243757
vt 0.197937 0.278434
vt 0.121889 0.312523
vt 0.107978 0.302685
vt 0.211051 0.276027
vt 0.185480 0.273677
vt 0.175403 0.264007
vt 0.108550 0.252723
vt 0.188026 0.237867
vt 0.063672 0.019472
vt 0.046500 0.007064
vt 0.066878 0.006809
vt 0.050905 0.022234
vt 0.066099 0.032307
vt 0.085692 0.025028
vt 0.082956 0.037010
vt 0.101121 0.049220
vt 0.088578 0.050139
vt 0.094701 0.039154
vt 0.096999 0.212127
vt 0.098752 0.196182
vt 0.110273 0.202413
vt 0.428727 0.045045
vt 0.446002 0.041784
vt 0.362814 0.122349
vt 0.353062 0.113153
vt 0.363813 0.107529
vt 0.489087 0.065610
vt 0.474096 0.059813
vt 0.487065 0.084864
vt 0.484877 0.104101
vt 0.477203 0.093485
vt 0.471783 0.077335
vt 0.460097 0.080997
vt 0.462743 0.068960
vt 0.453926 0.058320
vt 0.438814 0.056451
vt 0.416557 0.035397
vt 0.441872 0.084330
vt 0.451023 0.072773
vt 0.480502 0.142574
vt 0.470355 0.131677
vt 0.476303 0.181066
vt 0.464376 0.175232
vt 0.478323 0.161811
vt 0.429118 0.088095
vt 0.464137 0.092558
vt 0.469677 0.107008
vt 0.377348 0.127978
vt 0.370578 0.140136
vt 0.482689 0.123337
vt 0.415195 0.087257
vt 0.398749 0.135962
vt 0.389429 0.117499
vt 0.361649 0.082848
vt 0.371379 0.074342
vt 0.374122 0.086842
vt 0.413329 0.006474
vt 0.024289 0.181065
vt 0.026035 0.200347
vt 0.075612 0.202801
vt 0.073653 0.189822
vt 0.086688 0.191357
vt 0.386155 0.458899
vt 0.373816 0.386663
vt 0.369855 0.398980
vt 0.436643 0.170255
vt 0.451878 0.179711
vt 0.438342 0.207274
vt 0.387389 0.193242
vt 0.432738 0.196390
vt 0.457606 0.103349
vt 0.439103 0.137321
vt 0.404160 0.203573
vt 0.421104 0.167290
vt 0.406241 0.171642
vt 0.459552 0.141922
vt 0.440654 0.096634
vt 0.362788 0.182360
vt 0.373990 0.191590
vt 0.358687 0.168793
vt 0.371218 0.155855
vt 0.382418 0.150495
vt 0.371927 0.173852
vt 0.397038 0.148701
vt 0.404450 0.104199
vt 0.429242 0.101393
vt 0.350025 0.158359
vt 0.337817 0.106505
vt 0.326592 0.112878
vt 0.326145 0.099017
vt 0.360590 0.148415
vt 0.386243 0.138681
vt 0.287456 0.163953
vt 0.302332 0.169826
vt 0.341939 0.023616
vt 0.333930 0.037310
vt 0.322097 0.022331
vt 0.383725 0.104558
vt 0.400898 0.090068
vt 0.373712 0.114545
vt 0.321106 0.131084
vt 0.445828 0.107864
vt 0.433313 0.118725
vt 0.364628 0.095424
vt 0.289458 0.180659
vt 0.386338 0.090659
vt 0.362322 0.022635
vt 0.341981 0.011839
vt 0.279040 0.120619
vt 0.268209 0.126707
vt 0.270698 0.107081
vt 0.281079 0.194463
vt 0.260213 0.159242
vt 0.255904 0.124980
vt 0.349585 0.078216
vt 0.339717 0.090703
vt 0.328636 0.078217
vt 0.246470 0.193452
vt 0.293102 0.113192
vt 0.339110 0.068536
vt 0.353420 0.100749
vt 0.252439 0.147902
vt 0.194060 0.087392
vt 0.205219 0.097303
vt 0.184892 0.108952
vt 0.230984 0.186473
vt 0.213623 0.199941
vt 0.217996 0.156757
vt 0.257569 0.030165
vt 0.260585 0.041942
vt 0.190564 0.211979
vt 0.176823 0.207585
vt 0.186942 0.199623
vt 0.230385 0.159029
vt 0.193491 0.151417
vt 0.203351 0.144924
vt 0.204891 0.157997
vt 0.136960 0.053969
vt 0.118835 0.064666
vt 0.115896 0.050156
vt 0.205664 0.215207
vt 0.194055 0.225390
vt 0.220218 0.137524
vt 0.185013 0.143200
vt 0.195139 0.133891
vt 0.149371 0.052331
vt 0.146399 0.064119
vt 0.269252 0.055016
vt 0.251964 0.057066
vt 0.289344 0.529503
vt 0.118560 0.273671
vt 0.099534 0.232478
vt 0.158310 0.294038
vt 0.112716 0.225788
vt 0.117799 0.213132
vt 0.148124 0.252796
vt 0.126208 0.223870
vt 0.123826 0.287860
vt 0.137458 0.216179
vt 0.147337 0.197141
vt 0.150403 0.220461
vt 0.138490 0.229775
vt 0.162281 0.259224
vt 0.129543 0.264079
vt 0.140629 0.273553
vt 0.120316 0.299992
vt 0.134205 0.309741
vt 0.135730 0.297207
vt 0.127772 0.474657
vt 0.177661 0.458324
vt 0.188976 0.453002
vt 0.221986 0.506109
vt 0.216998 0.495138
vt 0.234916 0.502063
vt 0.201124 0.475515
vt 0.220580 0.468972
vt 0.233448 0.440520
vt 0.198722 0.462277
vt 0.244563 0.429879
vt 0.258561 0.461385
vt 0.259220 0.475105
vt 0.233302 0.478315
vt 0.291955 0.381616
vt 0.285576 0.400114
vt 0.279887 0.381768
vt 0.257298 0.404681
vt 0.310627 0.412169
vt 0.313746 0.392974
vt 0.325177 0.403777
vt 0.290095 0.448257
vt 0.276675 0.441857
vt 0.267332 0.486188
vt 0.270728 0.400655
vt 0.347018 0.399169
vt 0.311751 0.447027
vt 0.328260 0.445772
vt 0.325819 0.457664
vt 0.293833 0.412467
vt 0.299224 0.424502
vt 0.358126 0.405988
vt 0.356093 0.420645
vt 0.345897 0.412080
vt 0.296962 0.458580
vt 0.173166 0.522627
vt 0.174928 0.506295
vt 0.184354 0.471721
vt 0.171856 0.469399
vt 0.158576 0.487880
vt 0.251367 0.497986
vt 0.247138 0.481637
vt 0.170608 0.482050
vt 0.176102 0.493578
vt 0.188698 0.491477
vt 0.268766 0.454223
vt 0.220043 0.483478
vt 0.205448 0.491698
vt 0.268064 0.500515
vt 0.213839 0.551100
vt 0.195744 0.503305
vt 0.280990 0.456673
vt 0.208603 0.508220
vt 0.280785 0.514870
vt 0.260095 0.512443
vt 0.245194 0.512860
vt 0.380340 0.470656
vt 0.373861 0.454800
vt 0.263509 0.389006
vt 0.353607 0.433727
vt 0.243934 0.323427
vt 0.249710 0.311502
vt 0.279302 0.370080
vt 0.288221 0.362503
vt 0.298046 0.392036
vt 0.174107 0.236032
vt 0.162041 0.210805
vt 0.167404 0.196659
vt 0.179145 0.221822
vt 0.200329 0.195889
vt 0.156971 0.180252
vt 0.144422 0.184286
vt 0.141534 0.172716
vt 0.176075 0.186219
vt 0.129059 0.205437
vt 0.189621 0.187029
vt 0.196995 0.175794
vt 0.134711 0.193606
vt 0.109787 0.189324
vt 0.131698 0.180846
vt 0.075432 0.087023
vt 0.055105 0.077460
vt 0.070755 0.072430
vt 0.081332 0.213918
vt 0.063853 0.198554
vt 0.082915 0.061370
vt 0.096284 0.072956
vt 0.083039 0.073721
vt 0.077186 0.016157
vt 0.053391 0.045377
vt 0.097548 0.014562
vt 0.087257 0.006554
vt 0.112119 0.021351
vt 0.109451 0.036827
vt 0.097711 0.027600
vt 0.107635 0.006299
vt 0.070409 0.049209
vt 0.095660 0.060753
vt 0.058773 0.061177
vt 0.166135 0.032135
vt 0.158647 0.019001
vt 0.178957 0.024125
vt 0.106690 0.066011
vt 0.128013 0.006044
vt 0.126685 0.020571
vt 0.122368 0.038803
vt 0.107313 0.078214
vt 0.097490 0.181843
vt 0.109742 0.175551
vt 0.085653 0.097535
vt 0.070009 0.108575
vt 0.142052 0.019930
vt 0.134133 0.033114
vt 0.141994 0.042668
vt 0.151184 0.034385
vt 0.184983 0.048039
vt 0.198610 0.031889
vt 0.198748 0.045830
vt 0.043547 0.076692
vt 0.090380 0.083655
vt 0.050903 0.109841
vt 0.059535 0.095320
vt 0.089503 0.136560
vt 0.085842 0.124285
vt 0.103621 0.090936
vt 0.164407 0.092761
vt 0.148072 0.100130
vt 0.152868 0.088972
vt 0.061725 0.128364
vt 0.060933 0.116404
vt 0.073320 0.121589
vt 0.112623 0.098975
vt 0.120648 0.112343
vt 0.148829 0.136510
vt 0.152769 0.125133
vt 0.157582 0.144776
vt 0.096037 0.163943
vt 0.111245 0.124781
vt 0.088089 0.203606
vt 0.049398 0.139888
vt 0.040016 0.152489
vt 0.032027 0.139780
vt 0.042891 0.098210
vt 0.076705 0.154085
vt 0.070164 0.166915
vt 0.055692 0.151454
vt 0.036293 0.085723
vt 0.048626 0.087616
vt 0.081990 0.175132
vt 0.040109 0.130554
vt 0.385037 0.068139
vt 0.445750 0.121188
vt 0.450864 0.132790
vt 0.458345 0.122647
vt 0.376438 0.036311
vt 0.044061 0.208797
vt 0.051149 0.198250
vt 0.022256 0.161812
vt 0.042482 0.168005
vt 0.416528 0.099980
vt 0.393110 0.078970
vt 0.305313 0.104991
vt 0.370563 0.054032
vt 0.292517 0.099129
vt 0.300044 0.085595
vt 0.311091 0.064079
vt 0.312642 0.078469
vt 0.290848 0.073975
vt 0.313698 0.092904
vt 0.271463 0.081905
vt 0.273912 0.094579
vt 0.259537 0.089833
vt 0.277961 0.068062
vt 0.289079 0.059263
vt 0.239158 0.526489
vt 0.242844 0.541867
vt 0.311298 0.429804
vt 0.328081 0.425909
vt 0.361295 0.457972
vt 0.344788 0.446731
vt 0.339640 0.433748
vt 0.333828 0.412192
vt 0.322200 0.415424
vt 0.302074 0.403516
vt 0.182123 0.174071
vt 0.168338 0.172242
vt 0.132676 0.127427
vt 0.137607 0.140871
vt 0.121939 0.136901
vt 0.056362 0.168474
vt 0.106764 0.142466
vt 0.090495 0.150720
vt 0.084131 0.163408
vt 0.106406 0.155704
vt 0.126532 0.151676
vt 0.116899 0.163783
vt 0.131834 0.165779
vt 0.028121 0.151408
vt 0.062526 0.140906
vt 0.074366 0.136690
vt 0.124955 0.080465
vt 0.133144 0.068208
vt 0.140094 0.088072
vt 0.139264 0.153648
vt 0.148261 0.162870
vt 0.159974 0.157456
vt 0.171018 0.139107
vt 0.172777 0.159064
vt 0.136193 0.113547
vt 0.161272 0.054819
vt 0.176668 0.062965
vt 0.159326 0.069119
vt 0.165277 0.123436
vt 0.148393 0.005919
vt 0.168773 0.005820
vt 0.178961 0.012137
vt 0.189152 0.005826
vt 0.203840 0.018763
vt 0.189725 0.018134
vt 0.178120 0.037052
vt 0.174244 0.114553
vt 0.164223 0.107895
vt 0.193794 0.069369
vt 0.233541 0.047776
vt 0.231632 0.035457
vt 0.245113 0.043142
vt 0.209533 0.005832
vt 0.219719 0.018035
vt 0.348606 0.036704
vt 0.362253 0.042136
vt 0.284669 0.087444
vt 0.247836 0.085582
vt 0.246934 0.106292
vt 0.236570 0.097855
vt 0.273163 0.043014
vt 0.290254 0.046752
vt 0.296136 0.035647
vt 0.289176 0.025316
vt 0.301176 0.024255
vt 0.258957 0.102444
vt 0.263883 0.069755
vt 0.247571 0.073135
vt 0.283685 0.036039
vt 0.352191 0.005972
vt 0.331812 0.005899
vt 0.325429 0.064241
vt 0.235430 0.084540
vt 0.246878 0.024378
vt 0.233725 0.019381
vt 0.301219 0.012211
vt 0.291052 0.005753
vt 0.311432 0.005826
vt 0.220576 0.110055
vt 0.223682 0.123732
vt 0.208129 0.111942
vt 0.212794 0.047047
vt 0.241158 0.062747
vt 0.216956 0.032708
vt 0.232284 0.072064
vt 0.229383 0.059528
vt 0.211739 0.083878
vt 0.223206 0.097744
vt 0.183711 0.078532
vt 0.179497 0.093929
vt 0.208727 0.127307
vt 0.170088 0.078733
vt 0.232798 0.113073
vt 0.195264 0.120137
vt 0.177614 0.126102
vt 0.152161 0.112305
vt 0.130447 0.096493
vt 0.192386 0.163171
vt 0.115122 0.087277
vt 0.147874 0.077900
vt 0.326484 0.051318
vt 0.212155 0.289826
vt 0.229912 0.005837
vt 0.305108 0.047510
vt 0.318521 0.041083
vt 0.312269 0.030174
vt 0.517437 0.032504
vt 0.508018 0.043264
vt 0.505890 0.024068
vt 0.526123 0.021143
vt 0.901304 0.554101
vt 0.893380 0.540980
vt 0.906518 0.542000
vt 0.510146 0.062459
vt 0.518209 0.071281
vt 0.512275 0.081654
vt 0.523004 0.047287
vt 0.534822 0.085722
vt 0.526553 0.095918
vt 0.685363 0.504189
vt 0.671756 0.510970
vt 0.673991 0.497535
vt 0.545718 0.096897
vt 0.531228 0.108184
vt 0.844437 0.583038
vt 0.834090 0.567303
vt 0.844849 0.571497
vt 0.601803 0.508747
vt 0.609723 0.523007
vt 0.599301 0.530482
vt 0.524272 0.128965
vt 0.518301 0.139278
vt 0.516347 0.120064
vt 0.613822 0.575533
vt 0.600645 0.583462
vt 0.601785 0.566133
vt 0.616547 0.599745
vt 0.622517 0.609729
vt 0.605256 0.602545
vt 0.549027 0.125343
vt 0.551164 0.137605
vt 0.536180 0.128477
vt 0.621017 0.589005
vt 0.629619 0.562815
vt 0.629012 0.577123
vt 0.880731 0.514712
vt 0.898065 0.524080
vt 0.881884 0.530841
vt 0.659433 0.064802
vt 0.669893 0.077640
vt 0.653425 0.079389
vt 0.731480 0.533683
vt 0.712993 0.537218
vt 0.720528 0.526514
vt 0.634117 0.104307
vt 0.644424 0.092345
vt 0.651828 0.109146
vt 0.679490 0.485715
vt 0.564565 0.036520
vt 0.551111 0.036310
vt 0.557459 0.025093
vt 0.566940 0.194697
vt 0.577465 0.184606
vt 0.587899 0.192406
vt 0.528204 0.064728
vt 0.530019 0.186644
vt 0.533243 0.168968
vt 0.541871 0.187269
vt 0.554694 0.190009
vt 0.545576 0.201305
vt 0.655849 0.501420
vt 0.660949 0.519259
vt 0.615151 0.507624
vt 0.534757 0.391099
vt 0.521423 0.374348
vt 0.537965 0.374862
vt 0.517839 0.414139
vt 0.519734 0.394252
vt 0.528512 0.405122
vt 0.907073 0.569931
vt 0.917271 0.582266
vt 0.897094 0.582444
vt 0.545935 0.401850
vt 0.662953 0.441306
vt 0.644082 0.444664
vt 0.645142 0.431573
vt 0.559328 0.397029
vt 0.563558 0.410153
vt 0.666500 0.567303
vt 0.656154 0.583038
vt 0.644644 0.570620
vt 0.892015 0.568157
vt 0.588714 0.511591
vt 0.577515 0.569632
vt 0.583320 0.582266
vt 0.570734 0.588177
vt 0.587995 0.595361
vt 0.635970 0.589639
vt 0.858591 0.535313
vt 0.880788 0.543672
vt 0.746437 0.519754
vt 0.760113 0.516717
vt 0.750295 0.533222
vt 0.623566 0.438073
vt 0.611763 0.430679
vt 0.629614 0.426989
vt 0.682369 0.540655
vt 0.695307 0.543646
vt 0.679359 0.553589
vt 0.917786 0.550609
vt 0.923075 0.569632
vt 0.669352 0.538029
vt 0.659145 0.553457
vt 0.634795 0.604559
vt 0.639778 0.616913
vt 0.582804 0.550609
vt 0.586496 0.531212
vt 0.591336 0.542183
vt 0.895334 0.602545
vt 0.878073 0.609729
vt 0.877569 0.593763
vt 0.647153 0.599585
vt 0.894524 0.506273
vt 0.578678 0.147729
vt 0.576252 0.131167
vt 0.590977 0.137469
vt 0.645909 0.126525
vt 0.633495 0.136281
vt 0.631580 0.119892
vt 0.644820 0.479144
vt 0.661848 0.485131
vt 0.691725 0.529659
vt 0.703857 0.529225
vt 0.913553 0.014058
vt 0.902512 0.022762
vt 0.893191 0.012238
vt 0.933894 0.016103
vt 0.954198 0.018486
vt 0.943161 0.034297
vt 0.859727 0.503491
vt 0.877989 0.498776
vt 0.930602 0.415036
vt 0.928385 0.435861
vt 0.918669 0.423805
vt 0.887734 0.555230
vt 0.914086 0.531213
vt 0.992551 0.043261
vt 0.983160 0.032492
vt 0.994701 0.024068
vt 0.874128 0.554693
vt 0.973010 0.050823
vt 0.600716 0.223194
vt 0.589949 0.233055
vt 0.586608 0.219431
vt 0.615171 0.561400
vt 0.869204 0.198245
vt 0.865140 0.210019
vt 0.852159 0.203584
vt 0.888200 0.312480
vt 0.898370 0.321321
vt 0.887536 0.325939
vt 0.912596 0.595361
vt 0.638946 0.495442
vt 0.641292 0.513216
vt 0.974466 0.021153
vt 0.905329 0.501994
vt 0.892932 0.487801
vt 0.911022 0.491863
vt 0.911884 0.511590
vt 0.868437 0.523697
vt 0.853437 0.599586
vt 0.856763 0.587055
vt 0.865796 0.604559
vt 0.621745 0.534032
vt 0.628364 0.520662
vt 0.642341 0.528013
vt 0.860812 0.616913
vt 0.943484 0.422339
vt 0.980848 0.394253
vt 0.982751 0.414139
vt 0.972079 0.405126
vt 0.966975 0.391410
vt 0.954441 0.398002
vt 0.929857 0.588177
vt 0.632040 0.449907
vt 0.642553 0.462723
vt 0.631933 0.469603
vt 0.769110 0.533683
vt 0.912444 0.472186
vt 0.903859 0.481456
vt 0.610532 0.444552
vt 0.592557 0.435965
vt 0.730798 0.449557
vt 0.749493 0.445498
vt 0.746261 0.460822
vt 0.819925 0.537923
vt 0.821232 0.553589
vt 0.805284 0.543646
vt 0.629217 0.505768
vt 0.589568 0.491863
vt 0.604849 0.495703
vt 0.620398 0.464399
vt 0.597895 0.481372
vt 0.588146 0.472186
vt 0.611267 0.480592
vt 0.603625 0.465612
vt 0.620049 0.452197
vt 0.662842 0.428234
vt 0.681943 0.451278
vt 0.698021 0.435373
vt 0.702051 0.449078
vt 0.701387 0.469818
vt 0.713469 0.457663
vt 0.720035 0.475341
vt 0.582676 0.453263
vt 0.597559 0.451960
vt 0.627212 0.225369
vt 0.637361 0.216668
vt 0.640099 0.228968
vt 0.955151 0.334128
vt 0.938451 0.333507
vt 0.938331 0.321821
vt 0.930638 0.398501
vt 0.927438 0.385910
vt 0.940408 0.385161
vt 0.917774 0.395068
vt 0.917915 0.453263
vt 0.911097 0.437310
vt 0.676002 0.440532
vt 0.583004 0.171117
vt 0.570890 0.171591
vt 0.576529 0.160637
vt 0.581807 0.418322
vt 0.569926 0.423215
vt 0.538134 0.415253
vt 0.593709 0.423167
vt 0.628901 0.414383
vt 0.605564 0.418207
vt 0.572206 0.435861
vt 0.539353 0.244603
vt 0.528005 0.254718
vt 0.527238 0.235421
vt 0.546393 0.018484
vt 0.538346 0.049617
vt 0.532706 0.035177
vt 0.615645 0.024496
vt 0.591354 0.028986
vt 0.607400 0.012238
vt 0.557611 0.050992
vt 0.566697 0.016103
vt 0.577730 0.023624
vt 0.587037 0.014049
vt 0.546838 0.066275
vt 0.578014 0.036973
vt 0.570486 0.060587
vt 0.592736 0.044473
vt 0.619079 0.109121
vt 0.550730 0.082116
vt 0.560556 0.071304
vt 0.536854 0.073542
vt 0.583368 0.054956
vt 0.638796 0.158108
vt 0.631815 0.148246
vt 0.647662 0.141531
vt 0.534479 0.154949
vt 0.520255 0.158492
vt 0.514388 0.100851
vt 0.611348 0.121379
vt 0.606825 0.135148
vt 0.596931 0.122862
vt 0.610781 0.099060
vt 0.609083 0.081644
vt 0.622044 0.092485
vt 0.565529 0.118314
vt 0.549169 0.112119
vt 0.538671 0.117119
vt 0.560561 0.129537
vt 0.562962 0.141573
vt 0.538850 0.140957
vt 0.564236 0.161457
vt 0.548161 0.149685
vt 0.593198 0.152634
vt 0.524092 0.196927
vt 0.522209 0.177706
vt 0.606660 0.110331
vt 0.620320 0.131953
vt 0.533695 0.225280
vt 0.544602 0.230336
vt 0.595053 0.173848
vt 0.539029 0.213123
vt 0.597913 0.096944
vt 0.786913 0.072578
vt 0.808766 0.072369
vt 0.795611 0.082487
vt 0.560900 0.178458
vt 0.825085 0.090901
vt 0.836612 0.094133
vt 0.821339 0.102270
vt 0.603016 0.164402
vt 0.616598 0.166047
vt 0.607437 0.176209
vt 0.534950 0.264720
vt 0.527961 0.274692
vt 0.561158 0.205449
vt 0.587321 0.205421
vt 0.570729 0.213026
vt 0.552506 0.214061
vt 0.525865 0.216158
vt 0.565448 0.246104
vt 0.552629 0.241388
vt 0.559864 0.227692
vt 0.547127 0.264747
vt 0.533862 0.284904
vt 0.545649 0.285337
vt 0.575362 0.227816
vt 0.696342 0.064768
vt 0.710701 0.066415
vt 0.710297 0.079939
vt 0.599911 0.199459
vt 0.605905 0.239668
vt 0.602435 0.257787
vt 0.593695 0.246573
vt 0.592853 0.372650
vt 0.606397 0.380801
vt 0.591719 0.386668
vt 0.635331 0.240632
vt 0.620705 0.152997
vt 0.661592 0.124693
vt 0.586066 0.398394
vt 0.568761 0.387989
vt 0.605278 0.269468
vt 0.588324 0.259531
vt 0.607392 0.052100
vt 0.596235 0.060620
vt 0.646377 0.067956
vt 0.650141 0.054939
vt 0.664287 0.050920
vt 0.679146 0.063906
vt 0.658352 0.136194
vt 0.615791 0.252913
vt 0.617299 0.269371
vt 0.595733 0.358884
vt 0.605834 0.367522
vt 0.575691 0.296058
vt 0.567566 0.281534
vt 0.586965 0.287732
vt 0.574243 0.329740
vt 0.581105 0.318961
vt 0.592048 0.325559
vt 0.627775 0.010557
vt 0.634149 0.020891
vt 0.659116 0.019841
vt 0.645085 0.026170
vt 0.648161 0.009028
vt 0.684980 0.026759
vt 0.672747 0.020685
vt 0.688977 0.006642
vt 0.661718 0.094755
vt 0.666902 0.036448
vt 0.665113 0.111642
vt 0.678090 0.115427
vt 0.619863 0.348001
vt 0.635535 0.350578
vt 0.625560 0.359434
vt 0.611306 0.038619
vt 0.625231 0.049970
vt 0.628559 0.031671
vt 0.668560 0.007686
vt 0.707215 0.052389
vt 0.726575 0.061043
vt 0.698005 0.018891
vt 0.722684 0.074497
vt 0.869070 0.063316
vt 0.856663 0.071599
vt 0.850943 0.049596
vt 0.865526 0.049164
vt 0.860077 0.029625
vt 0.871462 0.036979
vt 0.816526 0.043507
vt 0.814230 0.056724
vt 0.805340 0.048428
vt 0.549479 0.386752
vt 0.522984 0.354432
vt 0.531529 0.363874
vt 0.541799 0.356343
vt 0.554918 0.369965
vt 0.557107 0.422339
vt 0.573186 0.400282
vt 0.571747 0.375270
vt 0.581697 0.364086
vt 0.584821 0.336895
vt 0.524538 0.334516
vt 0.540477 0.339650
vt 0.561710 0.332192
vt 0.568340 0.318415
vt 0.608612 0.354049
vt 0.555842 0.346310
vt 0.547152 0.316703
vt 0.536099 0.325932
vt 0.526001 0.314593
vt 0.548892 0.329653
vt 0.572736 0.342784
vt 0.584583 0.350336
vt 0.611388 0.281851
vt 0.609759 0.295433
vt 0.597888 0.278950
vt 0.603938 0.341111
vt 0.616176 0.334672
vt 0.543717 0.301149
vt 0.558784 0.295980
vt 0.527227 0.294655
vt 0.585028 0.305942
vt 0.624525 0.280434
vt 0.618697 0.370872
vt 0.603694 0.328977
vt 0.651494 0.326579
vt 0.662727 0.317463
vt 0.663288 0.337557
vt 0.605355 0.399490
vt 0.567193 0.305651
vt 0.628332 0.320461
vt 0.608715 0.317928
vt 0.532678 0.304997
vt 0.869301 0.078232
vt 0.974354 0.089831
vt 0.975734 0.073705
vt 0.988322 0.081655
vt 0.990437 0.062458
vt 0.978280 0.061799
vt 0.967273 0.035671
vt 0.986207 0.100852
vt 0.956155 0.048544
vt 0.930172 0.031221
vt 0.984244 0.120064
vt 0.968760 0.107732
vt 0.963089 0.199504
vt 0.958493 0.186672
vt 0.976473 0.196924
vt 0.916981 0.029177
vt 0.769156 0.115485
vt 0.775906 0.103682
vt 0.790090 0.115411
vt 0.776399 0.127711
vt 0.965807 0.147308
vt 0.982290 0.139278
vt 0.980336 0.158492
vt 0.962678 0.166402
vt 0.875344 0.341382
vt 0.862724 0.335321
vt 0.877209 0.320277
vt 0.972021 0.122495
vt 0.902854 0.401118
vt 0.917376 0.408376
vt 0.902978 0.417352
vt 0.962457 0.415253
vt 0.943314 0.407628
vt 0.955275 0.383430
vt 0.945582 0.372518
vt 0.843787 0.558328
vt 0.780067 0.526489
vt 0.774532 0.512533
vt 0.806979 0.526393
vt 0.794854 0.527447
vt 0.787597 0.537218
vt 0.916958 0.378234
vt 0.894265 0.387341
vt 0.883387 0.373628
vt 0.900544 0.370160
vt 0.954362 0.350820
vt 0.965443 0.342979
vt 0.932881 0.367486
vt 0.907356 0.387136
vt 0.874373 0.391949
vt 0.974623 0.314591
vt 0.976056 0.334516
vt 0.965772 0.325242
vt 0.915947 0.359567
vt 0.899603 0.352297
vt 0.925718 0.337426
vt 0.927002 0.318953
vt 0.885981 0.396820
vt 0.880908 0.354914
vt 0.914495 0.345700
vt 0.913649 0.331783
vt 0.889467 0.337558
vt 0.902671 0.339332
vt 0.901701 0.307220
vt 0.914571 0.312614
vt 0.942847 0.345436
vt 0.979148 0.374349
vt 0.960058 0.369640
vt 0.965173 0.357820
vt 0.818264 0.353103
vt 0.810668 0.339273
vt 0.826439 0.338782
vt 0.863052 0.349317
vt 0.967838 0.379152
vt 0.864415 0.266707
vt 0.884086 0.269197
vt 0.876325 0.282560
vt 0.935581 0.308874
vt 0.947516 0.314595
vt 0.973363 0.294655
vt 0.961068 0.305439
vt 0.977598 0.354433
vt 0.842834 0.329724
vt 0.835532 0.318067
vt 0.818152 0.326161
vt 0.855130 0.323558
vt 0.865411 0.316815
vt 0.972629 0.274692
vt 0.963028 0.285040
vt 0.926419 0.299616
vt 0.874371 0.308113
vt 0.884873 0.296263
vt 0.797179 0.346989
vt 0.881854 0.228729
vt 0.896910 0.224704
vt 0.895916 0.240258
vt 0.796964 0.331451
vt 0.784872 0.399339
vt 0.780225 0.382954
vt 0.797362 0.387760
vt 0.805261 0.319603
vt 0.778486 0.316869
vt 0.791795 0.319003
vt 0.785360 0.339382
vt 0.772309 0.220237
vt 0.768401 0.240487
vt 0.760682 0.228495
vt 0.860909 0.283656
vt 0.872593 0.258030
vt 0.877782 0.241612
vt 0.883721 0.253747
vt 0.795018 0.373057
vt 0.775583 0.365771
vt 0.768468 0.376912
vt 0.847194 0.276535
vt 0.849250 0.289343
vt 0.826125 0.289540
vt 0.766541 0.395120
vt 0.799645 0.306273
vt 0.817683 0.311070
vt 0.845718 0.301825
vt 0.791752 0.292629
vt 0.807131 0.289175
vt 0.677374 0.254082
vt 0.654685 0.251689
vt 0.661542 0.239661
vt 0.830827 0.303804
vt 0.847217 0.314081
vt 0.707782 0.365336
vt 0.716303 0.355017
vt 0.721379 0.367411
vt 0.712959 0.378079
vt 0.738599 0.356367
vt 0.727664 0.347943
vt 0.636467 0.286089
vt 0.632015 0.267650
vt 0.649589 0.277686
vt 0.741694 0.369819
vt 0.707492 0.344944
vt 0.670950 0.264006
vt 0.664399 0.279412
vt 0.659214 0.265432
vt 0.719437 0.447846
vt 0.728549 0.463757
vt 0.712787 0.438477
vt 0.733706 0.434157
vt 0.726222 0.381045
vt 0.652538 0.422197
vt 0.662952 0.412693
vt 0.682572 0.368032
vt 0.694255 0.373986
vt 0.677333 0.388690
vt 0.716325 0.333576
vt 0.638355 0.363204
vt 0.694768 0.360883
vt 0.621129 0.303037
vt 0.692959 0.423423
vt 0.704675 0.417841
vt 0.606998 0.149335
vt 0.598983 0.185561
vt 0.617725 0.194005
vt 0.621684 0.179844
vt 0.630135 0.168893
vt 0.636546 0.180682
vt 0.648652 0.174893
vt 0.641698 0.193073
vt 0.730370 0.167518
vt 0.732177 0.191963
vt 0.719137 0.189305
vt 0.648506 0.290442
vt 0.663990 0.292001
vt 0.645302 0.262705
vt 0.634865 0.253111
vt 0.638396 0.304518
vt 0.598273 0.302862
vt 0.647712 0.239010
vt 0.693793 0.340112
vt 0.655449 0.221857
vt 0.676048 0.311823
vt 0.655410 0.301223
vt 0.676125 0.288622
vt 0.727232 0.297647
vt 0.718231 0.287540
vt 0.735618 0.281118
vt 0.680114 0.271474
vt 0.680892 0.300238
vt 0.690059 0.282826
vt 0.700140 0.272799
vt 0.673989 0.325511
vt 0.629210 0.339294
vt 0.646520 0.343746
vt 0.648903 0.313198
vt 0.638352 0.329431
vt 0.686383 0.325530
vt 0.670897 0.348025
vt 0.679385 0.338258
vt 0.690017 0.313680
vt 0.693284 0.302268
vt 0.698313 0.322171
vt 0.712161 0.319795
vt 0.704759 0.286246
vt 0.670647 0.375626
vt 0.657300 0.353910
vt 0.701526 0.310772
vt 0.722230 0.309997
vt 0.710712 0.303297
vt 0.714154 0.164410
vt 0.724798 0.152734
vt 0.684530 0.351302
vt 0.660505 0.396761
vt 0.642045 0.394013
vt 0.651353 0.380495
vt 0.635237 0.379079
vt 0.658083 0.368043
vt 0.670334 0.360954
vt 0.718500 0.274009
vt 0.727164 0.258683
vt 0.741367 0.266141
vt 0.741800 0.294646
vt 0.725883 0.322810
vt 0.755941 0.207691
vt 0.754119 0.241671
vt 0.741323 0.235218
vt 0.748066 0.221845
vt 0.755459 0.280228
vt 0.672281 0.214785
vt 0.683580 0.212307
vt 0.688757 0.222650
vt 0.706071 0.193017
vt 0.722687 0.202131
vt 0.709283 0.205841
vt 0.709408 0.180224
vt 0.702106 0.218013
vt 0.689115 0.202151
vt 0.695916 0.184552
vt 0.741419 0.178991
vt 0.745254 0.164240
vt 0.792639 0.276892
vt 0.664577 0.185353
vt 0.653889 0.191441
vt 0.675214 0.201160
vt 0.649755 0.162959
vt 0.670081 0.168206
vt 0.683461 0.132073
vt 0.685838 0.144188
vt 0.669074 0.141468
vt 0.695663 0.151664
vt 0.700584 0.135004
vt 0.710456 0.121508
vt 0.693810 0.123096
vt 0.740655 0.148479
vt 0.710304 0.150210
vt 0.714100 0.137074
vt 0.721253 0.127005
vt 0.730301 0.118948
vt 0.727772 0.137217
vt 0.793858 0.129680
vt 0.787829 0.097145
vt 0.797700 0.057888
vt 0.805153 0.120181
vt 0.803861 0.104434
vt 0.825028 0.261861
vt 0.837552 0.267021
vt 0.827823 0.276243
vt 0.839448 0.077062
vt 0.823445 0.079042
vt 0.829580 0.062969
vt 0.807232 0.192845
vt 0.817827 0.200020
vt 0.803785 0.205861
vt 0.810835 0.089093
vt 0.817202 0.184824
vt 0.805133 0.180028
vt 0.804564 0.277513
vt 0.792367 0.182418
vt 0.782918 0.085143
vt 0.832657 0.110980
vt 0.837721 0.130862
vt 0.819759 0.117112
vt 0.827117 0.137523
vt 0.846858 0.112493
vt 0.847272 0.124156
vt 0.855653 0.155224
vt 0.845552 0.145296
vt 0.861025 0.142635
vt 0.771328 0.070742
vt 0.779828 0.061459
vt 0.841463 0.019833
vt 0.832031 0.007676
vt 0.852429 0.009039
vt 0.826077 0.166746
vt 0.817740 0.151505
vt 0.829751 0.149766
vt 0.837728 0.204881
vt 0.848580 0.222679
vt 0.828546 0.216921
vt 0.794770 0.195750
vt 0.836250 0.235113
vt 0.865947 0.248130
vt 0.850893 0.259122
vt 0.815127 0.271943
vt 0.842962 0.161512
vt 0.850557 0.242857
vt 0.863064 0.231446
vt 0.859533 0.190397
vt 0.881595 0.196984
vt 0.869440 0.179869
vt 0.888628 0.140958
vt 0.881948 0.151412
vt 0.878369 0.131268
vt 0.806631 0.036337
vt 0.786434 0.048011
vt 0.838703 0.053793
vt 0.845168 0.065232
vt 0.881728 0.071211
vt 0.857721 0.129353
vt 0.811106 0.251584
vt 0.824138 0.247759
vt 0.783498 0.033319
vt 0.780815 0.017826
vt 0.797419 0.021926
vt 0.828530 0.045797
vt 0.885824 0.059007
vt 0.880022 0.047515
vt 0.840966 0.040444
vt 0.836436 0.253522
vt 0.860445 0.115669
vt 0.869677 0.153242
vt 0.812802 0.022243
vt 0.872816 0.010557
vt 0.862074 0.017169
vt 0.881631 0.028020
vt 0.885669 0.212824
vt 0.906792 0.212652
vt 0.907240 0.233174
vt 0.874432 0.218538
vt 0.582607 0.274411
vt 0.558334 0.271939
vt 0.709411 0.006014
vt 0.713321 0.020967
vt 0.729852 0.005759
vt 0.738596 0.015710
vt 0.727052 0.023597
vt 0.978381 0.177706
vt 0.966434 0.177744
vt 0.816459 0.298170
vt 0.858808 0.306443
vt 0.847454 0.342681
vt 0.662705 0.384816
vt 0.674922 0.405242
vt 0.691333 0.408473
vt 0.640146 0.420026
vt 0.648981 0.410798
vt 0.679999 0.422748
vt 0.891804 0.127319
vt 0.875380 0.117843
vt 0.892717 0.202567
vt 0.791180 0.006002
vt 0.811614 0.006642
vt 0.750295 0.005830
vt 0.847840 0.030299
vt 0.959177 0.269619
vt 0.972585 0.254717
vt 0.974726 0.216158
vt 0.785850 0.305149
vt 0.659290 0.531267
vt 0.835420 0.535269
vt 0.854796 0.565632
vt 0.856907 0.550499
vt 0.560656 0.101513
vt 0.874831 0.568619
vt 0.882707 0.580126
vt 0.844700 0.544949
vt 0.567429 0.087421
vt 0.887147 0.465259
vt 0.898707 0.449453
vt 0.879550 0.447572
vt 0.612251 0.065270
vt 0.584518 0.083549
vt 0.579132 0.099427
vt 0.679297 0.522311
vt 0.691505 0.515845
vt 0.930874 0.349711
vt 0.547266 0.167769
vt 0.622561 0.549277
vt 0.603318 0.542662
vt 0.588880 0.562545
vt 0.642949 0.043456
vt 0.653775 0.036019
vt 0.650967 0.540082
vt 0.698536 0.503953
vt 0.691530 0.480719
vt 0.868152 0.580860
vt 0.567660 0.358887
vt 0.643499 0.554459
vt 0.854037 0.521473
vt 0.788920 0.516822
vt 0.620528 0.494148
vt 0.592578 0.574232
vt 0.709990 0.518749
vt 0.627659 0.481513
vt 0.635503 0.541177
vt 0.725474 0.508770
vt 0.732437 0.520272
vt 0.600503 0.072450
vt 0.587143 0.070432
vt 0.596896 0.553182
vt 0.569718 0.265031
vt 0.950890 0.292246
vt 0.888271 0.113049
vt 0.905315 0.123641
vt 0.896389 0.101339
vt 0.675270 0.473381
vt 0.855090 0.440401
vt 0.841318 0.438116
vt 0.845534 0.451425
vt 0.927197 0.044234
vt 0.734514 0.082647
vt 0.721882 0.089489
vt 0.739029 0.102700
vt 0.936001 0.069660
vt 0.951644 0.063501
vt 0.939822 0.053288
vt 0.946875 0.079296
vt 0.961024 0.075994
vt 0.965646 0.062756
vt 0.719909 0.215758
vt 0.739754 0.207100
vt 0.704508 0.231939
vt 0.906827 0.458837
vt 0.899718 0.469009
vt 0.889539 0.591910
vt 0.892363 0.430588
vt 0.879543 0.435448
vt 0.889772 0.441958
vt 0.943514 0.359014
vt 0.868045 0.441516
vt 0.873233 0.425094
vt 0.745092 0.504752
vt 0.706811 0.488784
vt 0.712213 0.505197
vt 0.718251 0.494114
vt 0.730493 0.491046
vt 0.866170 0.490722
vt 0.829278 0.500089
vt 0.840313 0.485685
vt 0.822802 0.483139
vt 0.842921 0.512052
vt 0.836736 0.522874
vt 0.856025 0.469736
vt 0.852531 0.491850
vt 0.875830 0.480176
vt 0.887405 0.477206
vt 0.871216 0.464924
vt 0.850068 0.428022
vt 0.658214 0.468157
vt 0.686691 0.469758
vt 0.793126 0.427905
vt 0.792179 0.410232
vt 0.780274 0.415737
vt 0.842071 0.499261
vt 0.824742 0.519482
vt 0.765129 0.444605
vt 0.770822 0.456855
vt 0.859695 0.454937
vt 0.671004 0.456853
vt 0.701293 0.385050
vt 0.699635 0.398174
vt 0.655125 0.451775
vt 0.836633 0.470565
vt 0.691619 0.458837
vt 0.846037 0.463298
vt 0.782649 0.465017
vt 0.796341 0.466275
vt 0.791247 0.453504
vt 0.734958 0.406944
vt 0.742899 0.421463
vt 0.748144 0.407093
vt 0.828337 0.442523
vt 0.831625 0.455831
vt 0.828930 0.413032
vt 0.830769 0.428971
vt 0.817773 0.369335
vt 0.803811 0.361042
vt 0.810220 0.381486
vt 0.852255 0.414843
vt 0.625736 0.392173
vt 0.558514 0.257614
vt 0.593641 0.408981
vt 0.574264 0.074047
vt 0.677402 0.045818
vt 0.596949 0.084513
vt 0.672989 0.089629
vt 0.594670 0.109799
vt 0.582837 0.115778
vt 0.871965 0.379387
vt 0.858239 0.378287
vt 0.623477 0.077604
vt 0.637652 0.079715
vt 0.751120 0.020026
vt 0.614012 0.227485
vt 0.579539 0.248298
vt 0.633070 0.066136
vt 0.709845 0.093598
vt 0.656998 0.153410
vt 0.623105 0.238092
vt 0.611800 0.213690
vt 0.625523 0.207087
vt 0.698015 0.167899
vt 0.901570 0.261055
vt 0.903160 0.274262
vt 0.838250 0.384267
vt 0.850899 0.389937
vt 0.846225 0.374528
vt 0.694100 0.098522
vt 0.681795 0.098334
vt 0.698210 0.110122
vt 0.673674 0.232989
vt 0.636881 0.054304
vt 0.717710 0.034396
vt 0.703649 0.033023
vt 0.735894 0.042242
vt 0.770087 0.083267
vt 0.685724 0.078322
vt 0.691249 0.048320
vt 0.692141 0.036369
vt 0.866947 0.367620
vt 0.698866 0.087176
vt 0.747819 0.071144
vt 0.740579 0.061183
vt 0.767059 0.028187
vt 0.905464 0.074800
vt 0.912044 0.088717
vt 0.921457 0.076537
vt 0.722953 0.047515
vt 0.717412 0.103821
vt 0.728439 0.107480
vt 0.732775 0.222521
vt 0.929724 0.059563
vt 0.897400 0.087127
vt 0.748860 0.083415
vt 0.750765 0.096534
vt 0.618152 0.403091
vt 0.613660 0.390580
vt 0.753972 0.317417
vt 0.748624 0.332579
vt 0.766392 0.324457
vt 0.752395 0.355928
vt 0.740168 0.343022
vt 0.632830 0.402493
vt 0.925377 0.126497
vt 0.929869 0.145548
vt 0.942398 0.141860
vt 0.944738 0.093553
vt 0.957475 0.092753
vt 0.951487 0.109005
vt 0.960769 0.117137
vt 0.934186 0.086374
vt 0.918145 0.056861
vt 0.936036 0.102889
vt 0.961676 0.129445
vt 0.908122 0.063227
vt 0.914111 0.044412
vt 0.903475 0.036787
vt 0.922953 0.097643
vt 0.907710 0.174368
vt 0.886085 0.163109
vt 0.883388 0.176068
vt 0.910382 0.104021
vt 0.898425 0.056373
vt 0.892815 0.044482
vt 0.924650 0.112350
vt 0.768715 0.142553
vt 0.752263 0.139608
vt 0.756233 0.153668
vt 0.937652 0.119427
vt 0.884084 0.093423
vt 0.949790 0.124133
vt 0.913425 0.298706
vt 0.900617 0.293397
vt 0.918605 0.138939
vt 0.748362 0.193326
vt 0.955082 0.140379
vt 0.779153 0.446222
vt 0.807835 0.509078
vt 0.737137 0.475287
vt 0.816714 0.500188
vt 0.763211 0.492326
vt 0.780176 0.478364
vt 0.769276 0.470274
vt 0.885021 0.409372
vt 0.884654 0.421377
vt 0.868115 0.408977
vt 0.838667 0.400279
vt 0.834735 0.353887
vt 0.833916 0.371100
vt 0.849701 0.362430
vt 0.911352 0.285602
vt 0.856563 0.402119
vt 0.759070 0.367463
vt 0.822784 0.398210
vt 0.784484 0.208522
vt 0.770050 0.199738
vt 0.939132 0.296782
vt 0.931484 0.286766
vt 0.868883 0.296894
vt 0.945363 0.273604
vt 0.933351 0.274836
vt 0.777263 0.351912
vt 0.789030 0.359426
vt 0.892470 0.282179
vt 0.916840 0.260789
vt 0.920571 0.234027
vt 0.912931 0.248848
vt 0.928544 0.247517
vt 0.916431 0.273347
vt 0.929101 0.263533
vt 0.824441 0.383050
vt 0.774628 0.302428
vt 0.760498 0.290899
vt 0.755065 0.301376
vt 0.829912 0.191912
vt 0.787281 0.223612
vt 0.783268 0.238122
vt 0.811797 0.393383
vt 0.802313 0.400736
vt 0.816523 0.409492
vt 0.764250 0.350334
vt 0.771305 0.339286
vt 0.739184 0.323201
vt 0.739756 0.309908
vt 0.819610 0.422183
vt 0.804604 0.414433
vt 0.807492 0.430247
vt 0.738657 0.388442
vt 0.725893 0.395511
vt 0.769390 0.408104
vt 0.755707 0.380359
vt 0.814635 0.442929
vt 0.764495 0.504881
vt 0.776772 0.432307
vt 0.821358 0.467593
vt 0.799863 0.442220
vt 0.806015 0.455015
vt 0.751956 0.394469
vt 0.730497 0.418816
vt 0.716735 0.406870
vt 0.712109 0.393770
vt 0.756180 0.431335
vt 0.769222 0.422057
vt 0.758326 0.415474
vt 0.753644 0.475590
vt 0.748172 0.489820
vt 0.795919 0.500753
vt 0.807367 0.491793
vt 0.794439 0.480311
vt 0.785142 0.490997
vt 0.807357 0.474502
vt 0.776180 0.499963
vt 0.719370 0.424902
vt 0.742560 0.250144
vt 0.680442 0.242673
vt 0.648587 0.211655
vt 0.657510 0.203196
vt 0.682973 0.190314
vt 0.692933 0.260542
vt 0.692079 0.240632
vt 0.709575 0.257919
vt 0.728585 0.243096
vt 0.713892 0.243855
vt 0.719586 0.230290
vt 0.751148 0.258828
vt 0.762982 0.261847
vt 0.808172 0.240276
vt 0.797922 0.234671
vt 0.793411 0.248352
vt 0.766074 0.310184
vt 0.753768 0.181859
vt 0.757707 0.166184
vt 0.767699 0.279767
vt 0.778024 0.273178
vt 0.779157 0.157313
vt 0.779092 0.177944
vt 0.789079 0.168120
vt 0.772298 0.291119
vt 0.778227 0.254347
vt 0.686178 0.165048
vt 0.679566 0.154823
vt 0.683920 0.177012
vt 0.765177 0.176333
vt 0.781800 0.191840
vt 0.742292 0.114921
vt 0.740412 0.134373
vt 0.755069 0.113621
vt 0.749604 0.125243
vt 0.785433 0.141799
vt 0.794953 0.154676
vt 0.762675 0.130016
vt 0.759440 0.078508
vt 0.759359 0.066846
vt 0.762325 0.103025
vt 0.760613 0.090173
vt 0.851952 0.099957
vt 0.847518 0.087173
vt 0.763301 0.044994
vt 0.809798 0.160682
vt 0.807522 0.144957
vt 0.844453 0.191314
vt 0.814804 0.172124
vt 0.801018 0.168800
vt 0.816094 0.131580
vt 0.801655 0.220429
vt 0.814606 0.214883
vt 0.871856 0.093238
vt 0.836623 0.178014
vt 0.855561 0.175820
vt 0.869766 0.105287
vt 0.827590 0.026489
vt 0.860281 0.089294
vt 0.818740 0.235296
vt 0.785092 0.263837
vt 0.782596 0.284521
vt 0.796713 0.262374
vt 0.873313 0.166588
vt 0.861496 0.165548
vt 0.919013 0.165797
vt 0.931202 0.158541
vt 0.916956 0.152396
vt 0.902651 0.139377
vt 0.896423 0.187720
vt 0.953208 0.155046
vt 0.895155 0.153468
vt 0.906417 0.160924
vt 0.962231 0.224948
vt 0.951498 0.206675
vt 0.767730 0.057075
vt 0.748504 0.048265
vt 0.770739 0.005754
vt 0.763220 0.016039
vt 0.937812 0.177512
vt 0.957551 0.240266
vt 0.947155 0.227417
vt 0.941024 0.240406
vt 0.918100 0.220276
vt 0.904716 0.199262
vt 0.917091 0.193746
vt 0.908096 0.186141
vt 0.942471 0.254697
vt 0.957528 0.255337
vt 0.932889 0.226803
vt 0.918256 0.206639
vt 0.973353 0.235421
vt 0.753668 0.034017
vt 0.948678 0.168450
vt 0.930152 0.189999
vt 0.921151 0.179821
vt 0.943479 0.192646
vt 0.739994 0.028883
vt 0.939031 0.204495
vt 0.929579 0.212912
vt 0.035902 0.693514
vt 0.033369 0.673573
vt 0.047644 0.677199
vt 0.023242 0.695144
vt 0.026136 0.683339
vt 0.033501 0.654904
vt 0.052991 0.651635
vt 0.040556 0.664288
vt 0.043844 0.644506
vt 0.024720 0.643157
vt 0.091326 0.653934
vt 0.078004 0.666086
vt 0.082112 0.646906
vt 0.340606 0.700027
vt 0.340503 0.682036
vt 0.354798 0.688947
vt 0.019973 0.660568
vt 0.015228 0.677980
vt 0.062976 0.645737
vt 0.052246 0.663208
vt 0.061359 0.673958
vt 0.101255 0.647958
vt 0.066795 0.660113
vt 0.042641 0.714284
vt 0.030866 0.715401
vt 0.139557 0.649733
vt 0.158716 0.650432
vt 0.148567 0.665713
vt 0.073220 0.743291
vt 0.059299 0.728137
vt 0.071257 0.719108
vt 0.140383 0.674593
vt 0.137220 0.661581
vt 0.357006 0.706155
vt 0.347498 0.716121
vt 0.005735 0.712802
vt 0.010481 0.695391
vt 0.021783 0.707824
vt 0.023371 0.724552
vt 0.299880 0.675058
vt 0.314007 0.670934
vt 0.311774 0.683724
vt 0.057065 0.686429
vt 0.039909 0.737803
vt 0.052959 0.739699
vt 0.054938 0.752736
vt 0.074323 0.756881
vt 0.339278 0.727173
vt 0.320328 0.734401
vt 0.326393 0.721848
vt 0.037779 0.725637
vt 0.090271 0.746955
vt 0.085796 0.730099
vt 0.197037 0.651732
vt 0.216202 0.652241
vt 0.206371 0.661348
vt 0.072417 0.705601
vt 0.085181 0.697661
vt 0.084407 0.711926
vt 0.231547 0.727705
vt 0.241293 0.721144
vt 0.248363 0.737079
vt 0.093044 0.802377
vt 0.080655 0.785793
vt 0.092782 0.789654
vt 0.275346 0.677235
vt 0.271322 0.700771
vt 0.261443 0.679033
vt 0.303736 0.718644
vt 0.312017 0.708614
vt 0.106586 0.769824
vt 0.117892 0.771614
vt 0.110432 0.789852
vt 0.330932 0.669823
vt 0.324753 0.684056
vt 0.325007 0.707975
vt 0.240593 0.663795
vt 0.247533 0.680817
vt 0.230895 0.671318
vt 0.292872 0.653864
vt 0.302358 0.662483
vt 0.285844 0.667944
vt 0.273702 0.653555
vt 0.266816 0.665930
vt 0.074746 0.678362
vt 0.350383 0.654531
vt 0.352591 0.671739
vt 0.342334 0.664310
vt 0.072127 0.691857
vt 0.331213 0.654309
vt 0.312042 0.654087
vt 0.060484 0.699167
vt 0.047034 0.701380
vt 0.359214 0.723364
vt 0.124862 0.815175
vt 0.106367 0.818213
vt 0.110819 0.804380
vt 0.238891 0.832308
vt 0.250819 0.830982
vt 0.235447 0.843805
vt 0.148073 0.818877
vt 0.152701 0.837701
vt 0.138676 0.826568
vt 0.250553 0.780831
vt 0.262037 0.769443
vt 0.266554 0.783182
vt 0.057343 0.713548
vt 0.124409 0.783752
vt 0.225605 0.660196
vt 0.281062 0.727695
vt 0.295975 0.732127
vt 0.286340 0.744342
vt 0.157368 0.675213
vt 0.147898 0.684046
vt 0.308160 0.696193
vt 0.287862 0.683551
vt 0.252258 0.667614
vt 0.254536 0.653136
vt 0.159433 0.823165
vt 0.170150 0.836955
vt 0.298601 0.705971
vt 0.290439 0.761317
vt 0.303724 0.745999
vt 0.252650 0.724153
vt 0.261827 0.735032
vt 0.085715 0.764372
vt 0.280283 0.778635
vt 0.271579 0.796744
vt 0.274348 0.767710
vt 0.250514 0.751057
vt 0.263967 0.749103
vt 0.277036 0.755571
vt 0.146529 0.770473
vt 0.137385 0.758978
vt 0.150254 0.756265
vt 0.237953 0.745860
vt 0.132266 0.772435
vt 0.124815 0.760941
vt 0.189757 0.672201
vt 0.167707 0.667414
vt 0.102012 0.747276
vt 0.102894 0.758989
vt 0.308427 0.730319
vt 0.120405 0.648878
vt 0.101933 0.660320
vt 0.088435 0.679023
vt 0.110889 0.706987
vt 0.099928 0.719880
vt 0.097833 0.704848
vt 0.099729 0.778990
vt 0.090691 0.665505
vt 0.131027 0.706109
vt 0.118500 0.696165
vt 0.121302 0.832527
vt 0.177283 0.676485
vt 0.096437 0.736296
vt 0.109222 0.727062
vt 0.117317 0.718551
vt 0.068357 0.769141
vt 0.109800 0.686194
vt 0.097038 0.689691
vt 0.102090 0.675440
vt 0.142879 0.695369
vt 0.132551 0.688533
vt 0.110117 0.738774
vt 0.122995 0.741285
vt 0.115627 0.752141
vt 0.135125 0.736284
vt 0.152363 0.743283
vt 0.140739 0.747185
vt 0.146984 0.731802
vt 0.165626 0.730237
vt 0.235369 0.652689
vt 0.211426 0.673759
vt 0.260897 0.802549
vt 0.244510 0.763253
vt 0.274351 0.738982
vt 0.211893 0.822156
vt 0.202760 0.815051
vt 0.217149 0.810161
vt 0.231203 0.823092
vt 0.226473 0.834852
vt 0.129037 0.670461
vt 0.177876 0.651110
vt 0.180040 0.663783
vt 0.161648 0.689294
vt 0.146994 0.707050
vt 0.168722 0.701472
vt 0.121805 0.681245
vt 0.188257 0.705706
vt 0.180716 0.715458
vt 0.176362 0.689642
vt 0.138190 0.720502
vt 0.153795 0.721109
vt 0.188741 0.692912
vt 0.168389 0.715551
vt 0.206700 0.701981
vt 0.201331 0.690585
vt 0.213183 0.691181
vt 0.186189 0.726503
vt 0.181475 0.737858
vt 0.238187 0.775162
vt 0.225832 0.769763
vt 0.232193 0.757964
vt 0.170944 0.744202
vt 0.213888 0.719900
vt 0.200313 0.724354
vt 0.199108 0.711912
vt 0.222256 0.745813
vt 0.170626 0.757463
vt 0.192370 0.743553
vt 0.170158 0.783001
vt 0.183694 0.803747
vt 0.161312 0.793132
vt 0.160548 0.766088
vt 0.157116 0.779718
vt 0.141900 0.789645
vt 0.138180 0.844467
vt 0.156932 0.853152
vt 0.142161 0.808270
vt 0.135118 0.799055
vt 0.179788 0.766513
vt 0.123623 0.797506
vt 0.205673 0.803852
vt 0.194744 0.791044
vt 0.182994 0.778986
vt 0.181875 0.844425
vt 0.197766 0.856897
vt 0.177122 0.857490
vt 0.150267 0.798842
vt 0.162135 0.808258
vt 0.114602 0.667749
vt 0.226232 0.711604
vt 0.219281 0.701362
vt 0.222591 0.683947
vt 0.200197 0.678464
vt 0.231185 0.700261
vt 0.219832 0.757935
vt 0.262405 0.814613
vt 0.243524 0.820629
vt 0.181855 0.750400
vt 0.196330 0.842367
vt 0.208791 0.735854
vt 0.208096 0.752587
vt 0.191994 0.762411
vt 0.211373 0.766948
vt 0.175333 0.819767
vt 0.191337 0.816900
vt 0.186703 0.831388
vt 0.168383 0.849006
vt 0.250234 0.810008
vt 0.217290 0.852301
vt 0.227594 0.802259
vt 0.200209 0.829256
vt 0.212450 0.836236
vt 0.328717 0.695975
vt 0.238469 0.709740
vt 0.244765 0.699004
vt 0.256352 0.694460
vt 0.258689 0.709829
vt 0.236606 0.689606
vt 0.267356 0.721917
vt 0.250081 0.796997
vt 0.284856 0.703925
vt 0.289888 0.716879
vt 0.236234 0.788503
vt 0.222034 0.789175
vt 0.209995 0.781614
vt 0.196930 0.775822
vt 0.693680 0.701497
vt 0.681938 0.685181
vt 0.696213 0.681555
vt 0.703446 0.691322
vt 0.706340 0.703127
vt 0.696081 0.662886
vt 0.689026 0.672271
vt 0.676591 0.659618
vt 0.685738 0.652489
vt 0.704862 0.651140
vt 0.638256 0.661917
vt 0.647470 0.654889
vt 0.651578 0.674069
vt 0.388976 0.708010
vt 0.374783 0.696930
vt 0.389079 0.690019
vt 0.709608 0.668551
vt 0.714354 0.685962
vt 0.666606 0.653720
vt 0.668222 0.681941
vt 0.677335 0.671191
vt 0.628327 0.655941
vt 0.662787 0.668096
vt 0.698716 0.723384
vt 0.686940 0.722267
vt 0.590024 0.657716
vt 0.581015 0.673696
vt 0.570866 0.658415
vt 0.656362 0.751274
vt 0.658325 0.727091
vt 0.670282 0.736120
vt 0.592362 0.669563
vt 0.589199 0.682576
vt 0.382084 0.724104
vt 0.372576 0.714138
vt 0.723847 0.720785
vt 0.707798 0.715807
vt 0.719101 0.703373
vt 0.706211 0.732535
vt 0.429702 0.683041
vt 0.417807 0.691706
vt 0.415575 0.678917
vt 0.672517 0.694412
vt 0.689672 0.745786
vt 0.674644 0.760719
vt 0.676623 0.747682
vt 0.655259 0.764864
vt 0.390304 0.735156
vt 0.403189 0.729831
vt 0.409254 0.742384
vt 0.691803 0.733620
vt 0.639311 0.754938
vt 0.643786 0.738082
vt 0.421422 0.704176
vt 0.404575 0.715958
vt 0.400865 0.703958
vt 0.657165 0.713584
vt 0.645175 0.719909
vt 0.644401 0.705644
vt 0.636538 0.810360
vt 0.636800 0.797636
vt 0.648927 0.793776
vt 0.417565 0.716597
vt 0.425845 0.726627
vt 0.404828 0.692039
vt 0.622996 0.777807
vt 0.619150 0.797835
vt 0.611690 0.779597
vt 0.398650 0.677806
vt 0.436710 0.661847
vt 0.443738 0.675927
vt 0.427223 0.670466
vt 0.455879 0.661538
vt 0.462766 0.673913
vt 0.654836 0.686345
vt 0.379199 0.662514
vt 0.387248 0.672292
vt 0.376991 0.679722
vt 0.657455 0.699840
vt 0.398369 0.662292
vt 0.417540 0.662069
vt 0.682548 0.709363
vt 0.669097 0.707150
vt 0.370368 0.731346
vt 0.604720 0.823158
vt 0.618763 0.812362
vt 0.623215 0.826196
vt 0.490691 0.840291
vt 0.494135 0.851787
vt 0.478763 0.838965
vt 0.581509 0.826860
vt 0.590906 0.834551
vt 0.576881 0.845684
vt 0.672239 0.721531
vt 0.605173 0.791734
vt 0.448520 0.735677
vt 0.443242 0.752324
vt 0.433607 0.740110
vt 0.441720 0.691533
vt 0.454236 0.685218
vt 0.430981 0.713954
vt 0.458260 0.708754
vt 0.475046 0.661119
vt 0.559432 0.844938
vt 0.570149 0.831147
vt 0.444726 0.711908
vt 0.462226 0.729900
vt 0.439143 0.769300
vt 0.425858 0.753982
vt 0.643866 0.772354
vt 0.463028 0.791165
vt 0.458003 0.804727
vt 0.449299 0.786618
vt 0.583053 0.778456
vt 0.579328 0.764248
vt 0.592197 0.766961
vt 0.597316 0.780418
vt 0.604767 0.768924
vt 0.561875 0.675397
vt 0.627569 0.755259
vt 0.626688 0.766972
vt 0.421155 0.738302
vt 0.439693 0.724861
vt 0.609177 0.656861
vt 0.627649 0.668303
vt 0.641147 0.687006
vt 0.618693 0.714970
vt 0.631749 0.712831
vt 0.629654 0.727863
vt 0.629853 0.786973
vt 0.638891 0.673488
vt 0.598555 0.714092
vt 0.611082 0.704148
vt 0.608280 0.840510
vt 0.572214 0.683196
vt 0.552299 0.684467
vt 0.633145 0.744279
vt 0.620360 0.735045
vt 0.612265 0.726534
vt 0.661225 0.777124
vt 0.619782 0.694177
vt 0.632544 0.697674
vt 0.627492 0.683423
vt 0.586703 0.703352
vt 0.597031 0.696516
vt 0.613954 0.760124
vt 0.619465 0.746757
vt 0.606587 0.749267
vt 0.594457 0.744267
vt 0.577219 0.751265
vt 0.582598 0.739785
vt 0.588843 0.755168
vt 0.563956 0.738220
vt 0.581684 0.692029
vt 0.468685 0.810532
vt 0.517688 0.830139
vt 0.503109 0.842835
vt 0.498378 0.831075
vt 0.600545 0.678443
vt 0.551706 0.659093
vt 0.567934 0.697277
vt 0.582588 0.715033
vt 0.560860 0.709455
vt 0.607777 0.689228
vt 0.549542 0.671766
vt 0.541325 0.713689
vt 0.548866 0.723440
vt 0.553220 0.697625
vt 0.591392 0.728485
vt 0.575787 0.729092
vt 0.561193 0.723534
vt 0.543392 0.734486
vt 0.548107 0.745840
vt 0.558638 0.752185
vt 0.558955 0.765446
vt 0.537211 0.751536
vt 0.529269 0.732337
vt 0.559424 0.790984
vt 0.568269 0.801114
vt 0.545888 0.811730
vt 0.569034 0.774071
vt 0.572466 0.787700
vt 0.587682 0.797628
vt 0.591402 0.852450
vt 0.572650 0.861135
vt 0.587421 0.816253
vt 0.594464 0.807038
vt 0.549794 0.774496
vt 0.605959 0.805489
vt 0.546588 0.786968
vt 0.534838 0.799027
vt 0.547707 0.852408
vt 0.552460 0.865473
vt 0.531815 0.864880
vt 0.567447 0.816241
vt 0.579314 0.806825
vt 0.614980 0.675732
vt 0.467177 0.822596
vt 0.486058 0.828612
vt 0.547727 0.758383
vt 0.533252 0.850350
vt 0.530474 0.719895
vt 0.537587 0.770393
vt 0.512432 0.818143
vt 0.554249 0.827750
vt 0.538245 0.824882
vt 0.542878 0.839371
vt 0.561198 0.856989
vt 0.532544 0.659715
vt 0.479347 0.817991
vt 0.501988 0.810242
vt 0.532652 0.783805
vt 0.512292 0.860284
vt 0.517132 0.844219
vt 0.529373 0.837239
vt 0.518156 0.681742
vt 0.506991 0.691930
vt 0.516398 0.699164
vt 0.523211 0.669331
vt 0.513379 0.660224
vt 0.481219 0.745062
vt 0.498035 0.735688
vt 0.488289 0.729127
vt 0.468139 0.687016
vt 0.503350 0.719587
vt 0.484817 0.706987
vt 0.491113 0.717723
vt 0.498397 0.708243
vt 0.498686 0.679301
vt 0.488989 0.671778
vt 0.482049 0.688800
vt 0.473230 0.702443
vt 0.479029 0.788814
vt 0.467545 0.777426
vt 0.503977 0.668178
vt 0.477324 0.675596
vt 0.470893 0.717811
vt 0.465615 0.757086
vt 0.467755 0.743015
vt 0.455231 0.746965
vt 0.452545 0.763554
vt 0.492976 0.697589
vt 0.476931 0.732136
vt 0.494213 0.660671
vt 0.479501 0.804980
vt 0.455233 0.775693
vt 0.479068 0.759040
vt 0.491629 0.753843
vt 0.539825 0.680183
vt 0.529385 0.686447
vt 0.485072 0.771236
vt 0.526822 0.823034
vt 0.507326 0.753796
vt 0.520791 0.743836
vt 0.540841 0.700894
vt 0.522882 0.709964
vt 0.528251 0.698568
vt 0.497389 0.765947
vt 0.491395 0.783145
vt 0.503750 0.777746
vt 0.515694 0.727883
vt 0.523909 0.811835
vt 0.510300 0.709345
vt 0.509750 0.765917
vt 0.493348 0.796486
vt 0.519587 0.789597
vt 0.507548 0.797158
vt 0.518209 0.774931
vt 0.521486 0.760570
vt 0.484481 0.896752
vt 0.500089 0.896752
vt 0.487349 0.908581
vt 0.515697 0.896752
vt 0.507445 0.908581
vt 0.531305 0.896752
vt 0.546913 0.896752
vt 0.547637 0.908581
vt 0.562521 0.896752
vt 0.527541 0.908581
vt 0.593557 0.896752
vt 0.608985 0.896752
vt 0.607924 0.908581
vt 0.624412 0.896752
vt 0.639839 0.896752
vt 0.655267 0.896752
vt 0.648115 0.908581
vt 0.670695 0.896752
vt 0.686122 0.896752
vt 0.688307 0.908581
vt 0.668211 0.908581
vt 0.628020 0.908581
vt 0.567732 0.908581
vt 0.578130 0.896752
vt 0.587828 0.908581
vt 0.708403 0.908581
vt 0.701869 0.896752
vt 0.717617 0.896752
vt 0.764859 0.896752
vt 0.748594 0.908581
vt 0.749111 0.896752
vt 0.733364 0.896752
vt 0.768690 0.908581
vt 0.780606 0.896752
vt 0.796353 0.896752
vt 0.788786 0.908581
vt 0.812101 0.896752
vt 0.808882 0.908581
vt 0.728498 0.908581
vt 0.849073 0.908581
vt 0.843595 0.896752
vt 0.859342 0.896752
vt 0.828977 0.908581
vt 0.827848 0.896752
vt 0.949552 0.908581
vt 0.938079 0.896752
vt 0.952421 0.896752
vt 0.869169 0.908581
vt 0.875090 0.896752
vt 0.889265 0.908581
vt 0.909360 0.908581
vt 0.906584 0.896752
vt 0.922331 0.896752
vt 0.890837 0.896752
vt 0.929456 0.908581
s 1
usemtl uniform_1001
f 98/1/1 953/2/2 58/3/3
f 2281/4/4 2282/5/5 369/6/6
f 369/6/6 1157/7/7 1046/8/8
f 34/9/9 193/10/10 38/11/11
f 620/12/12 2279/13/13 2280/14/14
f 2281/4/4 369/6/6 371/15/15
f 620/12/12 1063/16/16 2279/13/13
f 30/17/17 905/18/18 32/19/19
f 911/20/20 913/21/21 27/22/22
f 90/23/23 36/24/24 33/25/25
f 912/26/26 135/27/27 48/28/28
f 2278/29/29 1108/30/30 622/31/31
f 899/32/32 621/33/33 2277/34/34
f 81/35/35 82/36/36 80/37/37
f 98/1/1 15/38/38 143/39/39
f 1069/40/40 1071/41/41 621/33/33
f 10/42/42 31/43/43 30/17/17
f 85/44/44 87/45/45 9/46/46
f 51/47/47 1340/48/48 1076/49/49
f 909/50/50 20/51/51 924/52/52
f 614/53/53 1061/54/54 618/55/55
f 927/56/56 2271/57/57 910/58/58
f 371/15/15 369/6/6 1046/8/8
f 910/58/58 2271/57/57 2272/59/59
f 88/60/60 926/61/61 84/62/62
f 910/58/58 50/63/63 26/64/64
f 100/65/65 144/66/66 146/67/67
f 464/68/68 1005/69/69 1010/70/70
f 333/71/71 326/72/72 330/73/73
f 90/23/23 33/25/25 905/18/18
f 284/74/74 281/75/75 268/76/76
f 10/42/42 30/17/17 13/77/77
f 36/24/24 38/11/11 906/78/78
f 264/79/79 279/80/80 280/81/81
f 176/82/82 265/83/83 213/84/84
f 913/21/21 85/44/44 9/46/46
f 12/85/85 11/86/86 1338/87/87
f 2274/88/88 1339/89/89 904/90/90
f 479/91/91 651/92/92 1013/93/93
f 59/94/94 2312/95/95 6/96/96
f 1340/48/48 740/97/97 1076/49/49
f 1059/98/98 372/99/99 1107/100/100
f 44/101/101 921/102/102 922/103/103
f 370/104/104 1048/105/105 372/99/99
f 630/106/106 86/107/107 87/45/45
f 2280/14/14 2281/4/4 1065/108/108
f 30/17/17 32/19/19 29/109/109
f 47/110/110 49/111/111 50/63/63
f 912/26/26 913/21/21 9/46/46
f 1338/87/87 2269/112/112 12/85/85
f 22/113/113 2558/114/114 8/115/115
f 22/113/113 19/116/116 21/117/117
f 13/77/77 12/85/85 10/42/42
f 1338/87/87 11/86/86 2824/118/118
f 915/119/119 28/120/120 914/121/121
f 107/122/122 57/123/123 935/124/124
f 2824/118/118 11/86/86 2836/125/125
f 2269/112/112 2270/126/126 914/121/121
f 911/20/20 47/110/110 2273/127/127
f 902/128/128 924/52/52 72/129/129
f 906/78/78 38/11/11 39/130/130
f 25/131/131 24/132/132 22/113/113
f 938/133/133 121/134/134 2834/135/135
f 135/27/27 912/26/26 150/136/136
f 935/124/124 936/137/137 61/138/138
f 89/139/139 28/120/120 52/140/140
f 99/141/141 16/142/142 42/143/143
f 1162/144/144 2861/145/145 908/146/146
f 35/147/147 33/25/25 906/78/78
f 121/134/134 155/148/148 1158/149/149
f 915/119/119 928/150/150 28/120/120
f 13/77/77 2836/125/125 11/86/86
f 945/151/151 143/39/39 198/152/152
f 2273/127/127 2274/88/88 911/20/20
f 2874/153/153 57/123/123 107/122/122
f 2835/154/154 116/155/155 938/133/133
f 916/156/156 40/157/157 1163/158/158
f 31/43/43 905/18/18 30/17/17
f 93/159/159 14/160/160 40/157/157
f 116/155/155 2835/154/154 54/161/161
f 2876/162/162 917/163/163 901/164/164
f 90/23/23 34/9/9 36/24/24
f 931/165/165 2877/166/166 1162/144/144
f 49/111/111 48/28/28 50/63/63
f 938/133/133 122/167/167 121/134/134
f 54/161/161 2581/168/168 35/147/147
f 2876/162/162 940/169/169 917/163/163
f 197/170/170 199/171/171 175/172/172
f 201/173/173 945/151/151 198/152/152
f 46/174/174 2871/175/175 920/176/176
f 142/177/177 141/178/178 119/179/179
f 4/180/180 29/109/109 32/19/19
f 992/181/181 1161/182/182 1336/183/183
f 912/26/26 49/111/111 27/22/22
f 2264/184/184 2265/185/185 918/186/186
f 33/25/25 36/24/24 906/78/78
f 908/146/146 2861/145/145 918/186/186
f 97/187/187 931/165/165 1162/144/144
f 46/174/174 18/188/188 111/189/189
f 78/190/190 403/191/191 77/192/192
f 20/51/51 21/117/117 19/116/116
f 35/147/147 55/193/193 33/25/25
f 921/102/102 45/194/194 17/195/195
f 272/196/196 280/81/81 358/197/197
f 920/176/176 62/198/198 46/174/174
f 2312/95/95 60/199/199 2311/200/200
f 806/201/201 94/202/202 14/160/160
f 916/156/156 1163/158/158 901/164/164
f 2311/200/200 127/203/203 1168/204/204
f 413/205/205 415/206/206 999/207/207
f 257/208/208 76/209/209 73/210/210
f 27/22/22 913/21/21 912/26/26
f 48/28/28 498/211/211 50/63/63
f 564/212/212 283/213/213 255/214/214
f 358/197/197 985/215/215 361/216/216
f 49/111/111 912/26/26 48/28/28
f 941/217/217 907/218/218 123/219/219
f 624/220/220 1171/221/221 383/222/222
f 6/96/96 42/143/143 59/94/94
f 378/223/223 1169/224/224 375/225/225
f 42/143/143 6/96/96 2313/226/226
f 11/86/86 12/85/85 13/77/77
f 51/47/47 904/90/90 1339/89/89
f 1170/227/227 378/223/223 380/228/228
f 177/229/229 102/230/230 16/142/142
f 420/231/231 416/232/232 444/233/233
f 114/234/234 53/235/235 31/43/43
f 10/42/42 12/85/85 28/120/120
f 414/236/236 422/237/237 998/238/238
f 374/239/239 377/240/240 994/241/241
f 904/90/90 85/44/44 913/21/21
f 385/242/242 392/243/243 393/244/244
f 160/245/245 958/246/246 159/247/247
f 2303/248/248 377/240/240 376/249/249
f 905/18/18 31/43/43 53/235/235
f 383/222/222 380/228/228 384/250/250
f 35/147/147 2581/168/168 55/193/193
f 2302/251/251 375/225/225 2301/252/252
f 47/110/110 27/22/22 49/111/111
f 30/17/17 29/109/109 13/77/77
f 12/85/85 2269/112/112 914/121/121
f 60/199/199 127/203/203 2311/200/200
f 4/180/180 2836/125/125 29/109/109
f 75/253/253 78/190/190 73/210/210
f 20/51/51 2316/254/254 2317/255/255
f 564/212/212 282/256/256 283/213/213
f 2833/257/257 1021/258/258 2832/259/259
f 1168/204/204 405/260/260 2310/261/261
f 178/262/262 180/263/263 148/264/264
f 129/265/265 1041/266/266 560/267/267
f 997/268/268 405/260/260 1168/204/204
f 24/132/132 25/131/131 23/269/269
f 919/270/270 2313/226/226 2314/271/271
f 376/249/249 378/223/223 375/225/225
f 2272/59/59 925/272/272 910/58/58
f 2313/226/226 919/270/270 42/143/143
f 34/9/9 38/11/11 36/24/24
f 56/273/273 2875/274/274 40/157/157
f 1164/275/275 2875/274/274 56/273/273
f 398/276/276 8/115/115 1167/277/277
f 2875/274/274 1163/158/158 40/157/157
f 1164/275/275 57/123/123 2874/153/153
f 51/47/47 1339/89/89 1340/48/48
f 8/115/115 398/276/276 25/131/131
f 67/278/278 69/279/279 923/280/280
f 970/281/281 179/282/282 975/283/283
f 1165/284/284 2561/285/285 955/286/286
f 2581/168/168 54/161/161 2835/154/154
f 2873/287/287 45/194/194 2872/288/288
f 45/194/194 921/102/102 920/176/176
f 72/129/129 74/289/289 902/128/128
f 111/189/189 110/290/290 46/174/174
f 2869/291/291 110/290/290 2328/292/292
f 947/293/293 76/209/209 1016/294/294
f 2869/291/291 2870/295/295 110/290/290
f 2273/127/127 47/110/110 925/272/272
f 925/272/272 50/63/63 910/58/58
f 2871/175/175 46/174/174 2870/295/295
f 33/25/25 32/19/19 905/18/18
f 64/296/296 66/297/297 397/298/298
f 2560/299/299 1040/300/300 970/281/281
f 22/113/113 21/117/117 2558/114/114
f 24/132/132 19/116/116 22/113/113
f 909/50/50 2315/301/301 2316/254/254
f 2872/288/288 920/176/176 2871/175/175
f 2317/255/255 903/302/302 20/51/51
f 63/303/303 62/198/198 44/101/101
f 2318/304/304 2558/114/114 903/302/302
f 72/129/129 924/52/52 20/51/51
f 912/26/26 9/46/46 88/60/60
f 2318/304/304 903/302/302 2317/255/255
f 22/113/113 8/115/115 25/131/131
f 21/117/117 20/51/51 903/302/302
f 948/305/305 937/306/306 2327/307/307
f 397/298/298 66/297/297 18/188/188
f 2836/125/125 13/77/77 29/109/109
f 71/308/308 112/309/309 937/306/306
f 117/310/310 118/311/311 39/130/130
f 33/25/25 55/193/193 32/19/19
f 2325/312/312 2326/313/313 133/314/314
f 38/11/11 37/315/315 957/316/316
f 97/187/187 58/3/3 931/165/165
f 111/189/189 112/309/309 71/308/308
f 21/117/117 903/302/302 2558/114/114
f 2861/145/145 2264/184/184 918/186/186
f 904/90/90 911/20/20 2274/88/88
f 23/269/269 81/35/35 79/317/317
f 101/318/318 2315/301/301 909/50/50
f 47/110/110 911/20/20 27/22/22
f 419/319/319 128/320/320 1041/266/266
f 85/44/44 51/47/47 630/106/106
f 20/51/51 909/50/50 2316/254/254
f 915/119/119 914/121/121 2270/126/126
f 12/85/85 914/121/121 28/120/120
f 927/56/56 2270/126/126 2271/57/57
f 52/140/140 28/120/120 928/150/150
f 135/27/27 151/321/321 48/28/28
f 10/42/42 89/139/139 31/43/43
f 114/234/234 31/43/43 89/139/139
f 137/322/322 136/323/323 52/140/140
f 118/311/311 35/147/147 906/78/78
f 92/324/324 116/155/155 117/310/310
f 2581/168/168 4/180/180 55/193/193
f 32/19/19 55/193/193 4/180/180
f 916/156/156 929/325/325 93/159/159
f 14/160/160 94/202/202 40/157/157
f 56/273/273 930/326/326 57/123/123
f 940/169/169 2876/162/162 2877/166/166
f 56/273/273 57/123/123 1164/275/275
f 57/123/123 41/327/327 935/124/124
f 918/186/186 199/171/171 197/170/170
f 908/146/146 918/186/186 197/170/170
f 97/187/187 98/1/1 58/3/3
f 123/219/219 907/218/218 917/163/163
f 2314/271/271 2315/301/301 101/318/318
f 74/289/289 76/209/209 947/293/293
f 16/142/142 102/230/230 42/143/143
f 59/94/94 933/328/328 60/199/199
f 59/94/94 60/199/199 2312/95/95
f 128/320/320 127/203/203 60/199/199
f 45/194/194 920/176/176 2872/288/288
f 920/176/176 44/101/101 62/198/198
f 17/195/195 45/194/194 934/329/329
f 45/194/194 104/330/330 934/329/329
f 921/102/102 17/195/195 1148/331/331
f 920/176/176 921/102/102 44/101/101
f 934/329/329 105/332/332 17/195/195
f 130/333/333 134/334/334 951/335/335
f 63/303/303 44/101/101 922/103/103
f 18/188/188 46/174/174 62/198/198
f 63/303/303 922/103/103 64/296/296
f 62/198/198 63/303/303 397/298/298
f 67/278/278 923/280/280 64/296/296
f 69/279/279 963/336/336 923/280/280
f 1042/337/337 65/338/338 670/339/339
f 64/296/296 923/280/280 66/297/297
f 17/195/195 105/332/332 1014/340/340
f 56/273/273 94/202/202 930/326/326
f 951/335/335 954/341/341 70/342/342
f 133/314/314 131/343/343 949/344/344
f 670/339/339 64/296/296 922/103/103
f 974/345/345 69/279/279 65/338/338
f 207/346/346 969/347/347 205/348/348
f 1040/300/300 148/264/264 180/263/263
f 65/338/338 69/279/279 67/278/278
f 68/349/349 178/262/262 963/336/336
f 955/286/286 148/264/264 1165/284/284
f 130/333/333 951/335/335 149/350/350
f 112/309/309 18/188/188 66/297/297
f 71/308/308 937/306/306 948/305/305
f 72/129/129 20/51/51 19/116/116
f 24/132/132 75/253/253 19/116/116
f 72/129/129 75/253/253 74/289/289
f 79/317/317 78/190/190 24/132/132
f 145/351/351 126/352/352 144/66/66
f 72/129/129 19/116/116 75/253/253
f 76/209/209 74/289/289 73/210/210
f 78/190/190 75/253/253 24/132/132
f 73/210/210 74/289/289 75/253/253
f 256/353/353 235/354/354 145/351/351
f 146/67/67 99/141/141 100/65/65
f 79/317/317 403/191/191 78/190/190
f 53/235/235 115/355/355 34/9/9
f 79/317/317 24/132/132 23/269/269
f 78/190/190 77/192/192 889/356/356
f 82/36/36 81/35/35 23/269/269
f 553/357/357 552/358/358 400/359/359
f 1042/337/337 106/360/360 216/361/361
f 83/362/362 403/191/191 81/35/35
f 82/36/36 23/269/269 398/276/276
f 81/35/35 80/37/37 83/362/362
f 399/363/363 82/36/36 398/276/276
f 553/357/357 399/363/363 7/364/364
f 229/365/365 980/366/366 978/367/367
f 37/315/315 38/11/11 193/10/10
f 2273/127/127 925/272/272 2272/59/59
f 50/63/63 925/272/272 47/110/110
f 234/368/368 254/369/369 281/75/75
f 102/230/230 933/328/328 59/94/94
f 904/90/90 51/47/47 85/44/44
f 87/45/45 85/44/44 630/106/106
f 632/370/370 1136/371/371 707/372/372
f 2277/34/34 1071/41/41 900/373/373
f 926/61/61 87/45/45 86/107/107
f 88/60/60 87/45/45 926/61/61
f 766/374/374 768/375/375 770/376/376
f 113/377/377 135/27/27 150/136/136
f 9/46/46 87/45/45 88/60/60
f 910/58/58 26/64/64 928/150/150
f 2270/126/126 927/56/56 915/119/119
f 26/64/64 52/140/140 928/150/150
f 28/120/120 89/139/139 10/42/42
f 136/323/323 114/234/234 89/139/139
f 905/18/18 53/235/235 90/23/23
f 34/9/9 90/23/23 53/235/235
f 177/229/229 146/67/67 147/378/378
f 115/355/355 154/379/379 34/9/9
f 117/310/310 119/179/179 92/324/324
f 96/380/380 1149/381/381 123/219/219
f 40/157/157 916/156/156 93/159/159
f 120/382/382 122/167/167 939/383/383
f 93/159/159 929/325/325 665/384/384
f 930/326/326 94/202/202 806/201/201
f 56/273/273 40/157/157 94/202/202
f 1148/331/331 1014/340/340 106/360/360
f 888/385/385 930/326/326 95/386/386
f 57/123/123 930/326/326 41/327/327
f 96/380/380 940/169/169 931/165/165
f 1149/381/381 941/217/217 123/219/219
f 97/187/187 1162/144/144 908/146/146
f 931/165/165 58/3/3 1149/381/381
f 908/146/146 15/38/38 97/187/187
f 98/1/1 97/187/187 15/38/38
f 196/387/387 143/39/39 15/38/38
f 155/148/148 156/388/388 1158/149/149
f 42/143/143 919/270/270 99/141/141
f 100/65/65 99/141/141 919/270/270
f 2314/271/271 101/318/318 919/270/270
f 100/65/65 76/209/209 144/66/66
f 919/270/270 101/318/318 1016/294/294
f 933/328/328 102/230/230 177/229/229
f 59/94/94 42/143/143 102/230/230
f 184/389/389 166/390/390 139/391/391
f 629/392/392 1174/393/393 1173/394/394
f 932/395/395 43/396/396 933/328/328
f 60/199/199 933/328/328 43/396/396
f 977/397/397 932/395/395 202/398/398
f 407/399/399 2310/261/261 405/260/260
f 104/330/330 45/194/194 2873/287/287
f 105/332/332 934/329/329 61/138/138
f 107/122/122 2873/287/287 2874/153/153
f 61/138/138 934/329/329 104/330/330
f 105/332/332 61/138/138 936/137/137
f 1148/331/331 106/360/360 1042/337/337
f 1014/340/340 1015/400/400 109/401/401
f 1015/400/400 1014/340/340 105/332/332
f 936/137/137 935/124/124 41/327/327
f 107/122/122 61/138/138 104/330/330
f 108/402/402 1015/400/400 888/385/385
f 1015/400/400 41/327/327 888/385/385
f 61/138/138 107/122/122 935/124/124
f 2873/287/287 107/122/122 104/330/330
f 171/403/403 1030/404/404 505/405/405
f 204/406/406 179/282/282 968/407/407
f 170/408/408 172/409/409 960/410/410
f 216/361/361 207/346/346 65/338/338
f 46/174/174 110/290/290 2870/295/295
f 110/290/290 71/308/308 948/305/305
f 112/309/309 111/189/189 18/188/188
f 110/290/290 111/189/189 71/308/308
f 2562/411/411 2563/412/412 132/413/413
f 2326/313/313 2327/307/307 131/343/343
f 2327/307/307 937/306/306 131/343/343
f 932/395/395 147/378/378 202/398/398
f 114/234/234 136/323/323 138/414/414
f 136/323/323 89/139/139 52/140/140
f 138/414/414 956/415/415 114/234/234
f 956/415/415 53/235/235 114/234/234
f 154/379/379 115/355/355 181/416/416
f 117/310/310 116/155/155 54/161/161
f 938/133/133 116/155/155 92/324/324
f 118/311/311 117/310/310 54/161/161
f 117/310/310 39/130/130 119/179/179
f 938/133/133 92/324/324 122/167/167
f 2835/154/154 938/133/133 2834/135/135
f 35/147/147 118/311/311 54/161/161
f 39/130/130 118/311/311 906/78/78
f 957/316/316 158/417/417 39/130/130
f 944/418/418 941/217/217 125/419/419
f 122/167/167 92/324/324 141/178/178
f 157/420/420 1021/258/258 156/388/388
f 654/421/421 155/148/148 121/134/134
f 1158/149/149 2834/135/135 121/134/134
f 141/178/178 92/324/324 119/179/179
f 121/134/134 122/167/167 120/382/382
f 142/177/177 119/179/179 158/417/417
f 661/422/422 660/423/423 664/424/424
f 931/165/165 940/169/169 2877/166/166
f 917/163/163 940/169/169 96/380/380
f 917/163/163 96/380/380 123/219/219
f 96/380/380 931/165/165 1149/381/381
f 539/425/425 125/419/419 961/426/426
f 521/427/427 523/428/428 519/429/429
f 124/430/430 1149/381/381 953/2/2
f 941/217/217 124/430/430 125/419/419
f 167/431/431 140/432/432 162/433/433
f 125/419/419 124/430/430 961/426/426
f 125/419/419 942/434/434 944/418/418
f 523/428/428 524/435/435 501/436/436
f 939/383/383 142/177/177 210/437/437
f 662/438/438 663/439/439 664/424/424
f 945/151/151 220/440/440 212/441/441
f 2832/259/259 1021/258/258 1022/442/442
f 228/443/443 235/354/354 258/444/444
f 965/445/445 184/389/389 139/391/391
f 101/318/318 909/50/50 946/446/446
f 74/289/289 947/293/293 902/128/128
f 1016/294/294 76/209/209 100/65/65
f 128/320/320 60/199/199 43/396/396
f 127/203/203 103/447/447 997/268/268
f 128/320/320 43/396/396 1041/266/266
f 103/447/447 127/203/203 128/320/320
f 932/395/395 177/229/229 147/378/378
f 250/448/448 176/82/82 227/449/449
f 2327/307/307 2328/292/292 948/305/305
f 948/305/305 2328/292/292 110/290/290
f 950/450/450 112/309/309 134/334/334
f 130/333/333 950/450/450 134/334/334
f 937/306/306 112/309/309 950/450/450
f 131/343/343 937/306/306 949/344/344
f 130/333/333 132/413/413 949/344/344
f 132/413/413 133/314/314 949/344/344
f 134/334/334 112/309/309 66/297/297
f 130/333/333 949/344/344 950/450/450
f 132/413/413 130/333/333 149/350/350
f 133/314/314 2326/313/313 131/343/343
f 132/413/413 2563/412/412 133/314/314
f 2325/312/312 133/314/314 2563/412/412
f 954/341/341 66/297/297 923/280/280
f 134/334/334 954/341/341 951/335/335
f 70/342/342 955/286/286 951/335/335
f 955/286/286 2561/285/285 149/350/350
f 150/136/136 912/26/26 88/60/60
f 498/211/211 151/321/321 1019/451/451
f 52/140/140 26/64/64 498/211/211
f 136/323/323 137/322/322 138/414/414
f 48/28/28 151/321/321 498/211/211
f 493/452/452 1019/451/451 151/321/321
f 153/453/453 137/322/322 152/454/454
f 115/355/355 956/415/415 91/455/455
f 91/455/455 956/415/415 153/453/453
f 161/456/456 958/246/246 163/457/457
f 161/456/456 957/316/316 159/247/247
f 140/432/432 194/458/458 142/177/177
f 518/459/459 520/460/460 195/461/461
f 174/462/462 529/463/463 211/464/464
f 39/130/130 158/417/417 119/179/179
f 122/167/167 141/178/178 939/383/383
f 162/433/433 140/432/432 161/456/456
f 939/383/383 141/178/178 142/177/177
f 98/1/1 143/39/39 967/465/465
f 197/170/170 196/387/387 15/38/38
f 211/464/464 212/441/441 500/466/466
f 145/351/351 144/66/66 76/209/209
f 146/67/67 144/66/66 126/352/352
f 168/467/467 170/408/408 960/410/410
f 208/468/468 209/469/469 187/470/470
f 146/67/67 126/352/352 147/378/378
f 146/67/67 16/142/142 99/141/141
f 222/471/471 215/472/472 126/352/352
f 932/395/395 977/397/397 43/396/396
f 66/297/297 954/341/341 134/334/334
f 955/286/286 70/342/342 148/264/264
f 149/350/350 2561/285/285 2562/411/411
f 70/342/342 178/262/262 148/264/264
f 178/262/262 68/349/349 968/407/407
f 149/350/350 2562/411/411 132/413/413
f 951/335/335 955/286/286 149/350/350
f 88/60/60 84/62/62 150/136/136
f 150/136/136 84/62/62 483/473/473
f 113/377/377 493/452/452 135/27/27
f 113/377/377 1018/474/474 493/452/452
f 966/475/475 186/476/476 189/477/477
f 154/379/379 181/416/416 139/391/391
f 956/415/415 115/355/355 53/235/235
f 153/453/453 956/415/415 138/414/414
f 137/322/322 153/453/453 138/414/414
f 153/453/453 152/454/454 964/478/478
f 181/416/416 115/355/355 91/455/455
f 154/379/379 139/391/391 160/245/245
f 654/421/421 121/134/134 120/382/382
f 156/388/388 155/148/148 952/479/479
f 952/479/479 1027/480/480 156/388/388
f 1158/149/149 156/388/388 2833/257/257
f 211/464/464 943/481/481 962/482/482
f 1022/442/442 499/483/483 220/440/440
f 39/130/130 38/11/11 957/316/316
f 140/432/432 142/177/177 158/417/417
f 159/247/247 957/316/316 37/315/315
f 158/417/417 957/316/316 161/456/456
f 163/457/457 165/484/484 225/485/485
f 1029/486/486 172/409/409 171/403/403
f 160/245/245 159/247/247 37/315/315
f 161/456/456 159/247/247 958/246/246
f 160/245/245 37/315/315 193/10/10
f 139/391/391 166/390/390 160/245/245
f 161/456/456 163/457/457 162/433/433
f 161/456/456 140/432/432 158/417/417
f 166/390/390 165/484/484 958/246/246
f 549/487/487 982/488/488 206/489/489
f 959/490/490 168/467/467 162/433/433
f 168/467/467 167/431/431 162/433/433
f 165/484/484 163/457/457 958/246/246
f 959/490/490 162/433/433 163/457/457
f 139/391/391 181/416/416 965/445/445
f 966/475/475 208/468/468 187/470/470
f 958/246/246 160/245/245 166/390/390
f 165/484/484 164/491/491 225/485/485
f 219/492/492 225/485/485 218/493/493
f 528/494/494 525/495/495 522/496/496
f 964/478/478 183/497/497 965/445/445
f 165/484/484 166/390/390 185/498/498
f 960/410/410 503/499/499 502/500/500
f 195/461/461 210/437/437 194/458/458
f 224/501/501 170/408/408 168/467/467
f 167/431/431 168/467/467 960/410/410
f 164/491/491 185/498/498 187/470/470
f 554/502/502 688/503/503 689/504/504
f 224/501/501 168/467/467 959/490/490
f 267/505/505 172/409/409 169/506/506
f 209/469/469 244/507/507 971/508/508
f 541/509/509 981/510/510 237/511/511
f 169/506/506 172/409/409 170/408/408
f 172/409/409 1029/486/486 503/499/499
f 504/512/512 1030/404/404 1031/513/513
f 174/462/462 1025/514/514 525/495/495
f 961/426/426 943/481/481 539/425/425
f 124/430/430 953/2/2 961/426/426
f 967/465/465 953/2/2 98/1/1
f 1026/515/515 157/420/420 1027/480/480
f 1025/514/514 174/462/462 500/466/466
f 175/172/172 199/171/171 972/516/516
f 196/387/387 198/152/152 143/39/39
f 126/352/352 215/472/472 147/378/378
f 227/449/449 176/82/82 214/517/517
f 933/328/328 177/229/229 932/395/395
f 146/67/67 177/229/229 16/142/142
f 963/336/336 178/262/262 70/342/342
f 180/263/263 178/262/262 968/407/407
f 963/336/336 70/342/342 954/341/341
f 68/349/349 963/336/336 69/279/279
f 204/406/406 205/348/348 969/347/347
f 204/406/406 969/347/347 549/487/487
f 970/281/281 180/263/263 179/282/282
f 1165/284/284 1040/300/300 2560/299/299
f 182/518/518 964/478/478 152/454/454
f 91/455/455 964/478/478 181/416/416
f 488/519/519 1018/474/474 113/377/377
f 585/520/520 874/521/521 584/522/522
f 483/473/473 488/519/519 113/377/377
f 185/498/498 164/491/491 165/484/484
f 964/478/478 91/455/455 153/453/453
f 183/497/497 964/478/478 182/518/518
f 964/478/478 965/445/445 181/416/416
f 965/445/445 183/497/497 184/389/389
f 186/476/476 184/389/389 183/497/497
f 166/390/390 184/389/389 185/498/498
f 182/518/518 873/523/523 1147/524/524
f 559/525/525 235/354/354 252/526/526
f 186/476/476 185/498/498 184/389/389
f 185/498/498 186/476/476 187/470/470
f 183/497/497 1147/524/524 189/477/477
f 186/476/476 966/475/475 187/470/470
f 192/527/527 208/468/468 191/528/528
f 164/491/491 187/470/470 218/493/493
f 280/81/81 356/529/529 358/197/197
f 966/475/475 189/477/477 191/528/528
f 183/497/497 189/477/477 186/476/476
f 188/530/530 872/531/531 191/528/528
f 363/532/532 989/533/533 365/534/534
f 214/517/517 176/82/82 202/398/398
f 188/530/530 191/528/528 189/477/477
f 192/527/527 191/528/528 190/535/535
f 221/536/536 227/449/449 233/537/537
f 219/492/492 218/493/493 971/508/508
f 34/9/9 154/379/379 193/10/10
f 160/245/245 193/10/10 154/379/379
f 140/432/432 167/431/431 194/458/458
f 167/431/431 517/538/538 194/458/458
f 960/410/410 502/500/500 167/431/431
f 517/538/538 518/459/459 195/461/461
f 945/151/151 547/539/539 143/39/39
f 212/441/441 211/464/464 967/465/465
f 15/38/38 908/146/146 197/170/170
f 196/387/387 175/172/172 198/152/152
f 918/186/186 2265/185/185 199/171/171
f 175/172/172 196/387/387 197/170/170
f 200/540/540 198/152/152 175/172/172
f 198/152/152 200/540/540 201/173/173
f 2265/185/185 2266/541/541 199/171/171
f 199/171/171 2266/541/541 972/516/516
f 175/172/172 972/516/516 993/542/542
f 200/540/540 973/543/543 201/173/173
f 1024/544/544 1159/545/545 2582/546/546
f 147/378/378 215/472/472 214/517/517
f 213/84/84 202/398/398 176/82/82
f 235/354/354 222/471/471 145/351/351
f 983/547/547 976/548/548 226/549/549
f 205/348/348 204/406/406 968/407/407
f 179/282/282 180/263/263 968/407/407
f 969/347/347 223/550/550 982/488/488
f 970/281/281 975/283/283 550/551/551
f 205/348/348 968/407/407 68/349/349
f 204/406/406 549/487/487 548/552/552
f 974/345/345 68/349/349 69/279/279
f 207/346/346 205/348/348 974/345/345
f 207/346/346 223/550/550 969/347/347
f 401/553/553 399/363/363 553/357/357
f 65/338/338 1042/337/337 216/361/361
f 980/366/366 229/365/365 979/554/554
f 975/283/283 179/282/282 548/552/552
f 1166/555/555 2560/299/299 970/281/281
f 218/493/493 209/469/469 971/508/508
f 981/510/510 238/556/556 980/366/366
f 191/528/528 208/468/468 966/475/475
f 208/468/468 192/527/527 209/469/469
f 192/527/527 226/549/549 209/469/469
f 232/557/557 244/507/507 226/549/549
f 194/458/458 210/437/437 142/177/177
f 195/461/461 939/383/383 210/437/437
f 962/482/482 967/465/465 211/464/464
f 212/441/441 967/465/465 547/539/539
f 945/151/151 201/173/173 220/440/440
f 212/441/441 220/440/440 499/483/483
f 2266/541/541 1161/182/182 972/516/516
f 1161/182/182 992/181/181 993/542/542
f 1160/558/558 973/543/543 200/540/540
f 176/82/82 250/448/448 265/83/83
f 213/84/84 560/267/267 1041/266/266
f 147/378/378 214/517/517 202/398/398
f 249/559/559 227/449/449 214/517/517
f 222/471/471 126/352/352 145/351/351
f 214/517/517 215/472/472 203/560/560
f 974/345/345 205/348/348 68/349/349
f 65/338/338 207/346/346 974/345/345
f 481/561/561 106/360/360 1014/340/340
f 223/550/550 978/367/367 217/562/562
f 229/365/365 223/550/550 207/346/346
f 245/563/563 971/508/508 244/507/507
f 1133/564/564 230/565/565 807/566/566
f 1166/555/555 550/551/551 2559/567/567
f 209/469/469 218/493/493 187/470/470
f 247/568/568 219/492/492 971/508/508
f 224/501/501 169/506/506 170/408/408
f 219/492/492 224/501/501 225/485/485
f 858/569/569 866/570/570 190/535/535
f 266/571/571 287/572/572 289/573/573
f 1023/574/574 220/440/440 1024/544/544
f 2832/259/259 1022/442/442 1023/574/574
f 202/398/398 213/84/84 977/397/397
f 977/397/397 213/84/84 1041/266/266
f 345/575/575 342/576/576 351/577/577
f 272/196/196 284/74/74 280/81/81
f 235/354/354 256/353/353 258/444/444
f 215/472/472 222/471/471 559/525/525
f 229/365/365 207/346/346 216/361/361
f 217/562/562 688/503/503 223/550/550
f 225/485/485 224/501/501 959/490/490
f 169/506/506 224/501/501 219/492/492
f 225/485/485 959/490/490 163/457/457
f 218/493/493 225/485/485 164/491/491
f 866/570/570 983/547/547 226/549/549
f 976/548/548 555/578/578 226/549/549
f 249/559/559 203/560/560 233/537/537
f 254/369/369 250/448/448 227/449/449
f 293/579/579 299/580/580 285/581/581
f 976/548/548 983/547/547 240/582/582
f 481/561/561 216/361/361 106/360/360
f 238/556/556 689/504/504 980/366/366
f 688/503/503 554/502/502 807/566/566
f 316/583/583 320/584/584 313/585/585
f 252/526/526 296/586/586 286/587/587
f 555/578/578 242/588/588 243/589/589
f 248/590/590 247/568/568 245/563/563
f 252/526/526 203/560/560 559/525/525
f 286/587/587 296/586/586 273/591/591
f 234/368/368 250/448/448 254/369/369
f 251/592/592 256/353/353 257/208/208
f 235/354/354 228/443/443 252/526/526
f 223/550/550 229/365/365 978/367/367
f 1082/593/593 481/561/561 482/594/594
f 1089/595/595 668/596/596 1090/597/597
f 217/562/562 978/367/367 980/366/366
f 1082/593/593 482/594/594 979/554/554
f 556/598/598 555/578/578 243/589/589
f 976/548/548 240/582/582 242/588/588
f 981/510/510 979/554/554 652/599/599
f 981/510/510 236/600/600 238/556/556
f 664/424/424 944/418/418 661/422/422
f 538/601/601 660/423/423 661/422/422
f 169/506/506 247/568/568 267/505/505
f 673/602/602 675/603/603 676/604/604
f 223/550/550 230/565/565 982/488/488
f 206/489/489 982/488/488 230/565/565
f 866/570/570 226/549/549 192/527/527
f 885/605/605 240/582/582 983/547/547
f 317/606/606 321/607/607 276/608/608
f 258/444/444 259/609/609 260/610/610
f 885/605/605 983/547/547 231/611/611
f 239/612/612 698/613/613 242/588/588
f 228/443/443 260/610/610 273/591/591
f 512/614/614 655/615/615 510/616/616
f 239/612/612 242/588/588 240/582/582
f 242/588/588 241/617/617 243/589/589
f 291/618/618 289/573/573 288/619/619
f 232/557/557 556/598/598 558/620/620
f 226/549/549 244/507/507 209/469/469
f 245/563/563 244/507/507 232/557/557
f 555/578/578 556/598/598 232/557/557
f 558/620/620 248/590/590 245/563/563
f 243/589/589 690/621/621 557/622/622
f 261/623/623 253/624/624 263/625/625
f 219/492/492 247/568/568 169/506/506
f 971/508/508 245/563/563 247/568/568
f 248/590/590 246/626/626 261/623/623
f 247/568/568 248/590/590 267/505/505
f 203/560/560 249/559/559 214/517/517
f 233/537/537 227/449/449 249/559/559
f 254/369/369 227/449/449 221/536/536
f 265/83/83 250/448/448 564/212/212
f 889/356/356 251/592/592 257/208/208
f 561/627/627 77/192/192 403/191/191
f 270/628/628 266/571/571 285/581/581
f 203/560/560 252/526/526 298/629/629
f 253/624/624 261/623/623 262/630/630
f 1031/513/513 506/631/631 1034/632/632
f 565/633/633 233/537/537 304/634/634
f 254/369/369 221/536/536 268/76/76
f 281/75/75 282/256/256 234/368/368
f 1001/635/635 415/206/206 1000/636/636
f 257/208/208 256/353/353 145/351/351
f 256/353/353 251/592/592 258/444/444
f 76/209/209 257/208/208 145/351/351
f 257/208/208 73/210/210 889/356/356
f 562/637/637 561/627/627 259/609/609
f 562/637/637 258/444/444 251/592/592
f 287/572/572 266/571/571 270/628/628
f 228/443/443 258/444/444 260/610/610
f 270/628/628 260/610/610 259/609/609
f 268/76/76 275/638/638 264/79/79
f 261/623/623 246/626/626 695/639/639
f 253/624/624 1030/404/404 263/625/625
f 556/598/598 557/622/622 246/626/626
f 655/615/615 512/614/614 506/631/631
f 171/403/403 172/409/409 267/505/505
f 248/590/590 261/623/623 263/625/625
f 275/638/638 277/640/640 264/79/79
f 362/641/641 330/73/73 338/642/642
f 564/212/212 250/448/448 234/368/368
f 265/83/83 255/214/214 560/267/267
f 274/643/643 287/572/572 259/609/609
f 698/613/613 239/612/612 567/644/644
f 248/590/590 263/625/625 267/505/505
f 267/505/505 263/625/625 171/403/403
f 565/633/633 275/638/638 268/76/76
f 268/76/76 264/79/79 284/74/74
f 266/571/571 293/579/579 285/581/581
f 302/645/645 298/629/629 286/587/587
f 259/609/609 561/627/627 274/643/643
f 285/581/581 273/591/591 260/610/610
f 890/646/646 305/647/647 317/606/606
f 298/629/629 302/645/645 304/634/634
f 264/79/79 277/640/640 279/80/80
f 280/81/81 278/648/648 352/649/649
f 285/581/581 260/610/610 270/628/628
f 273/591/591 269/650/650 286/587/587
f 683/651/651 83/362/362 80/37/37
f 683/651/651 633/652/652 402/653/653
f 565/633/633 268/76/76 221/536/536
f 271/654/654 890/646/646 277/640/640
f 322/655/655 316/583/583 310/656/656
f 342/576/576 350/657/657 351/577/577
f 271/654/654 277/640/640 275/638/638
f 326/72/72 568/658/658 321/607/607
f 315/659/659 317/606/606 305/647/647
f 328/660/660 362/641/641 345/575/575
f 568/658/658 277/640/640 276/608/608
f 279/80/80 278/648/648 280/81/81
f 333/71/71 278/648/648 326/72/72
f 333/71/71 352/649/649 278/648/648
f 268/76/76 281/75/75 254/369/369
f 272/196/196 988/661/661 282/256/256
f 356/529/529 352/649/649 357/662/662
f 423/663/663 998/238/238 422/237/237
f 272/196/196 282/256/256 281/75/75
f 282/256/256 984/664/664 283/213/213
f 431/665/665 425/666/666 1078/667/667
f 404/668/668 407/399/399 408/669/669
f 280/81/81 284/74/74 264/79/79
f 281/75/75 284/74/74 272/196/196
f 266/571/571 289/573/573 291/618/618
f 269/650/650 273/591/591 285/581/581
f 286/587/587 269/650/650 300/670/670
f 203/560/560 298/629/629 233/537/537
f 259/609/609 287/572/572 270/628/628
f 274/643/643 685/671/671 289/573/573
f 402/653/653 678/672/672 683/651/651
f 1037/673/673 1038/674/674 541/509/509
f 274/643/643 289/573/573 287/572/572
f 514/675/675 515/676/676 509/677/677
f 314/678/678 697/679/679 567/644/644
f 893/680/680 291/618/618 288/619/619
f 291/618/618 290/681/681 294/682/682
f 266/571/571 291/618/618 293/579/579
f 294/682/682 295/683/683 292/684/684
f 297/685/685 301/686/686 307/687/687
f 294/682/682 293/579/579 291/618/618
f 292/684/684 309/688/688 293/579/579
f 294/682/682 290/681/681 854/689/689
f 293/579/579 294/682/682 292/684/684
f 509/677/677 1032/690/690 514/675/675
f 241/617/617 691/691/691 690/621/621
f 252/526/526 228/443/443 296/586/586
f 273/591/591 296/586/586 228/443/443
f 269/650/650 285/581/581 299/580/580
f 890/646/646 271/654/654 891/692/692
f 252/526/526 286/587/587 298/629/629
f 286/587/587 300/670/670 302/645/645
f 297/685/685 300/670/670 301/686/686
f 301/686/686 300/670/670 269/650/650
f 301/686/686 269/650/650 299/580/580
f 300/670/670 297/685/685 302/645/645
f 308/693/693 309/688/688 306/694/694
f 301/686/686 299/580/580 308/693/693
f 297/685/685 303/695/695 302/645/645
f 304/634/634 233/537/537 298/629/629
f 307/687/687 891/692/692 297/685/685
f 565/633/633 271/654/654 275/638/638
f 302/645/645 303/695/695 304/634/634
f 271/654/654 304/634/634 303/695/695
f 891/692/692 307/687/687 305/647/647
f 305/647/647 307/687/687 311/696/696
f 314/678/678 335/697/697 336/698/698
f 310/656/656 312/699/699 335/697/697
f 308/693/693 307/687/687 301/686/686
f 312/699/699 310/656/656 311/696/696
f 309/688/688 308/693/693 299/580/580
f 308/693/693 306/694/694 312/699/699
f 293/579/579 309/688/688 299/580/580
f 309/688/688 292/684/684 569/700/700
f 865/701/701 231/611/611 867/702/702
f 311/696/696 315/659/659 305/647/647
f 312/699/699 311/696/696 307/687/687
f 316/583/583 315/659/659 311/696/696
f 308/693/693 312/699/699 307/687/687
f 312/699/699 306/694/694 335/697/697
f 322/655/655 320/584/584 316/583/583
f 324/703/703 327/704/704 331/705/705
f 569/700/700 336/698/698 306/694/694
f 323/706/706 868/707/707 322/655/655
f 316/583/583 311/696/696 310/656/656
f 317/606/606 315/659/659 313/585/585
f 566/708/708 322/655/655 310/656/656
f 313/585/585 315/659/659 316/583/583
f 321/607/607 317/606/606 337/709/709
f 317/606/606 276/608/608 890/646/646
f 363/532/532 365/534/534 367/710/710
f 277/640/640 568/658/658 279/80/80
f 337/709/709 319/711/711 321/607/607
f 344/712/712 345/575/575 362/641/641
f 327/704/704 320/584/584 318/713/713
f 313/585/585 320/584/584 325/714/714
f 337/709/709 317/606/606 313/585/585
f 326/72/72 321/607/607 319/711/711
f 322/655/655 566/708/708 323/706/706
f 318/713/713 320/584/584 322/655/655
f 314/678/678 567/644/644 323/706/706
f 865/701/701 857/715/715 863/716/716
f 329/717/717 864/718/718 863/716/716
f 343/719/719 347/720/720 342/576/576
f 327/704/704 325/714/714 320/584/584
f 319/711/711 338/642/642 330/73/73
f 330/73/73 326/72/72 319/711/711
f 568/658/658 278/648/648 279/80/80
f 318/713/713 864/718/718 331/705/705
f 327/704/704 324/703/703 339/721/721
f 338/642/642 339/721/721 332/722/722
f 449/723/723 445/724/724 447/725/725
f 190/535/535 872/531/531 856/726/726
f 817/727/727 1135/728/728 700/729/729
f 338/642/642 319/711/711 325/714/714
f 330/73/73 328/660/660 333/71/71
f 318/713/713 331/705/705 327/704/704
f 334/730/730 331/705/705 329/717/717
f 331/705/705 334/730/730 341/731/731
f 344/712/712 340/732/732 343/719/719
f 351/577/577 468/733/733 473/734/734
f 352/649/649 333/71/71 354/735/735
f 574/736/736 990/737/737 346/738/738
f 339/721/721 340/732/732 332/722/722
f 336/698/698 335/697/697 306/694/694
f 335/697/697 314/678/678 566/708/708
f 570/739/739 336/698/698 569/700/700
f 698/613/613 697/679/679 571/740/740
f 313/585/585 325/714/714 337/709/709
f 319/711/711 337/709/709 325/714/714
f 339/721/721 338/642/642 325/714/714
f 338/642/642 332/722/722 362/641/641
f 327/704/704 339/721/721 325/714/714
f 339/721/721 324/703/703 340/732/732
f 324/703/703 341/731/731 340/732/732
f 343/719/719 340/732/732 341/731/731
f 331/705/705 341/731/731 324/703/703
f 342/576/576 344/712/712 343/719/719
f 574/736/736 989/533/533 990/737/737
f 461/741/741 1005/69/69 1007/742/742
f 334/730/730 348/743/743 341/731/731
f 343/719/719 348/743/743 347/720/720
f 344/712/712 342/576/576 345/575/575
f 340/732/732 344/712/712 332/722/722
f 350/657/657 342/576/576 347/720/720
f 353/744/744 354/735/735 355/745/745
f 471/746/746 474/747/747 1011/748/748
f 651/92/92 479/91/91 841/749/749
f 343/719/719 341/731/731 348/743/743
f 650/750/750 350/657/657 347/720/720
f 989/533/533 348/743/743 334/730/730
f 347/720/720 348/743/743 574/736/736
f 649/751/751 1012/752/752 474/747/747
f 756/753/753 1178/754/754 836/755/755
f 650/750/750 347/720/720 346/738/738
f 350/657/657 349/756/756 351/577/577
f 1151/757/757 1178/754/754 835/758/758
f 884/759/759 1139/760/760 801/761/761
f 354/735/735 333/71/71 355/745/745
f 280/81/81 352/649/649 356/529/529
f 469/762/762 459/763/763 1008/764/764
f 443/765/765 434/766/766 447/725/725
f 355/745/745 333/71/71 328/660/660
f 357/662/662 354/735/735 353/744/744
f 985/215/215 357/662/662 986/767/767
f 1173/394/394 395/768/768 629/392/392
f 473/734/734 328/660/660 345/575/575
f 462/769/769 463/770/770 465/771/771
f 357/662/662 352/649/649 354/735/735
f 356/529/529 985/215/215 358/197/197
f 1080/772/772 986/767/767 357/662/662
f 356/529/529 357/662/662 985/215/215
f 985/215/215 987/773/773 361/216/216
f 282/256/256 988/661/661 984/664/664
f 452/774/774 1007/742/742 1005/69/69
f 738/775/775 1113/776/776 373/777/777
f 1080/772/772 357/662/662 353/744/744
f 359/778/778 437/779/779 987/773/773
f 830/780/780 394/781/781 393/244/244
f 388/782/782 392/243/243 385/242/242
f 359/778/778 987/773/773 986/767/767
f 987/773/773 360/783/783 361/216/216
f 430/784/784 1003/785/785 428/786/786
f 361/216/216 432/787/787 988/661/661
f 330/73/73 362/641/641 328/660/660
f 344/712/712 362/641/641 332/722/722
f 365/534/534 989/533/533 862/788/788
f 490/789/789 1017/790/790 487/791/791
f 272/196/196 358/197/197 988/661/661
f 361/216/216 988/661/661 358/197/197
f 329/717/717 861/792/792 862/788/788
f 989/533/533 363/532/532 990/737/737
f 858/569/569 859/793/793 867/702/702
f 873/523/523 887/794/794 871/795/795
f 363/532/532 367/710/710 368/796/796
f 1043/797/797 576/798/798 579/799/799
f 862/788/788 989/533/533 334/730/730
f 855/800/800 367/710/710 365/534/534
f 1020/801/801 152/454/454 494/802/802
f 113/377/377 150/136/136 483/473/473
f 855/800/800 365/534/534 364/803/803
f 367/710/710 366/804/804 583/805/805
f 487/791/791 1017/790/790 484/806/806
f 363/532/532 368/796/796 575/807/807
f 2282/5/5 1157/7/7 369/6/6
f 601/808/808 898/809/809 1156/810/810
f 1065/108/108 370/104/104 372/99/99
f 2281/4/4 371/15/15 1065/108/108
f 370/104/104 1046/8/8 599/811/811
f 600/812/812 606/813/813 1050/814/814
f 1051/815/815 1053/816/816 607/817/817
f 595/818/818 704/819/819 1094/820/820
f 1160/558/558 200/540/540 992/181/181
f 993/542/542 992/181/181 200/540/540
f 175/172/172 993/542/542 200/540/540
f 1161/182/182 993/542/542 972/516/516
f 995/821/821 384/250/250 382/822/822
f 634/823/823 450/824/824 638/825/825
f 374/239/239 376/249/249 377/240/240
f 383/222/222 1171/221/221 1170/227/227
f 376/249/249 375/225/225 2302/251/251
f 1169/224/224 2301/252/252 375/225/225
f 2303/248/248 376/249/249 2302/251/251
f 376/249/249 374/239/239 378/223/223
f 2304/826/826 381/827/827 2303/248/248
f 2305/828/828 2306/829/829 625/830/830
f 380/228/228 378/223/223 374/239/239
f 1170/227/227 1169/224/224 378/223/223
f 994/241/241 377/240/240 381/827/827
f 1072/831/831 1075/832/832 628/833/833
f 382/822/822 374/239/239 994/241/241
f 374/239/239 382/822/822 380/228/228
f 377/240/240 2303/248/248 381/827/827
f 994/241/241 379/834/834 382/822/822
f 1072/831/831 2304/826/826 2305/828/828
f 379/834/834 994/241/241 381/827/827
f 382/822/822 386/835/835 995/821/821
f 384/250/250 624/220/220 383/222/222
f 1170/227/227 380/228/228 383/222/222
f 384/250/250 380/228/228 382/822/822
f 379/834/834 386/835/835 382/822/822
f 384/250/250 995/821/821 996/836/836
f 387/837/837 388/782/782 389/838/838
f 385/242/242 386/835/835 388/782/782
f 385/242/242 394/781/781 995/821/821
f 995/821/821 394/781/781 996/836/836
f 389/838/838 388/782/782 386/835/835
f 385/242/242 995/821/821 386/835/835
f 2308/839/839 423/663/663 1077/840/840
f 1347/841/841 411/842/842 2309/843/843
f 389/838/838 386/835/835 379/834/834
f 1115/844/844 392/243/243 388/782/782
f 1072/831/831 628/833/833 381/827/827
f 1072/831/831 2305/828/828 625/830/830
f 391/845/845 625/830/830 626/846/846
f 448/847/847 440/848/848 634/823/823
f 626/846/846 2306/829/829 2307/849/849
f 389/838/838 1075/832/832 387/837/837
f 1115/844/844 388/782/782 387/837/837
f 392/243/243 390/850/850 393/244/244
f 425/666/666 453/851/851 451/852/852
f 832/853/853 742/854/854 831/855/855
f 393/244/244 394/781/781 385/242/242
f 996/836/836 394/781/781 373/777/777
f 395/768/768 996/836/836 373/777/777
f 1171/221/221 624/220/220 1172/856/856
f 1113/776/776 629/392/392 395/768/768
f 2275/857/857 632/370/370 1341/858/858
f 1093/859/859 705/860/860 1092/861/861
f 62/198/198 397/298/298 18/188/188
f 64/296/296 397/298/298 63/303/303
f 25/131/131 398/276/276 23/269/269
f 399/363/363 398/276/276 1167/277/277
f 1167/277/277 7/364/364 399/363/363
f 553/357/357 2559/567/567 552/358/358
f 552/358/358 551/862/862 400/359/359
f 399/363/363 401/553/553 82/36/36
f 633/652/652 400/359/359 402/653/653
f 82/36/36 401/553/553 633/652/652
f 551/862/862 673/602/602 400/359/359
f 685/671/671 696/863/863 563/864/864
f 81/35/35 403/191/191 79/317/317
f 561/627/627 403/191/191 83/362/362
f 413/205/205 410/865/865 404/668/668
f 411/842/842 407/399/399 409/866/866
f 406/867/867 405/260/260 103/447/447
f 405/260/260 408/669/669 407/399/399
f 127/203/203 997/268/268 1168/204/204
f 103/447/447 405/260/260 997/268/268
f 1000/636/636 406/867/867 419/319/319
f 984/664/664 424/868/868 283/213/213
f 407/399/399 404/668/668 409/866/866
f 1347/841/841 2310/261/261 407/399/399
f 405/260/260 406/867/867 408/669/669
f 408/669/669 406/867/867 418/869/869
f 998/238/238 409/866/866 410/865/865
f 391/845/845 626/846/846 1074/870/870
f 410/865/865 409/866/866 404/668/668
f 411/842/842 409/866/866 998/238/238
f 418/869/869 413/205/205 404/668/668
f 414/236/236 420/231/231 412/871/871
f 411/842/842 998/238/238 423/663/663
f 407/399/399 411/842/842 1347/841/841
f 1002/872/872 283/213/213 424/868/868
f 1002/872/872 424/868/868 999/207/207
f 998/238/238 410/865/865 414/236/236
f 413/205/205 421/873/873 410/865/865
f 404/668/668 408/669/669 418/869/869
f 426/874/874 421/873/873 413/205/205
f 410/865/865 421/873/873 420/231/231
f 417/875/875 414/236/236 412/871/871
f 406/867/867 1000/636/636 415/206/206
f 1001/635/635 1000/636/636 129/265/265
f 421/873/873 426/874/874 416/232/232
f 431/665/665 412/871/871 420/231/231
f 636/876/876 391/845/845 1074/870/870
f 2308/839/839 2309/843/843 423/663/663
f 406/867/867 415/206/206 418/869/869
f 413/205/205 418/869/869 415/206/206
f 419/319/319 406/867/867 103/447/447
f 129/265/265 560/267/267 1001/635/635
f 128/320/320 419/319/319 103/447/447
f 129/265/265 1000/636/636 419/319/319
f 255/214/214 283/213/213 1001/635/635
f 1001/635/635 283/213/213 1002/872/872
f 999/207/207 415/206/206 1002/872/872
f 1001/635/635 1002/872/872 415/206/206
f 410/865/865 420/231/231 414/236/236
f 431/665/665 420/231/231 444/233/233
f 426/874/874 413/205/205 999/207/207
f 420/231/231 421/873/873 416/232/232
f 414/236/236 417/875/875 422/237/237
f 423/663/663 422/237/237 417/875/875
f 423/663/663 417/875/875 1077/840/840
f 423/663/663 2309/843/843 411/842/842
f 432/787/787 433/877/877 429/878/878
f 361/216/216 1004/879/879 433/877/877
f 430/784/784 416/232/232 426/874/874
f 430/784/784 435/880/880 439/881/881
f 424/868/868 1003/785/785 999/207/207
f 426/874/874 999/207/207 1003/785/785
f 429/878/878 428/786/786 424/868/868
f 424/868/868 428/786/786 1003/785/785
f 430/784/784 427/882/882 435/880/880
f 426/874/874 1003/785/785 430/784/784
f 429/878/878 424/868/868 984/664/664
f 428/786/786 427/882/882 430/784/784
f 984/664/664 988/661/661 432/787/787
f 427/882/882 428/786/786 429/878/878
f 1004/879/879 427/882/882 433/877/877
f 439/881/881 441/883/883 430/784/784
f 1078/667/667 425/666/666 455/884/884
f 1115/844/844 636/876/876 635/885/885
f 433/877/877 432/787/787 361/216/216
f 984/664/664 432/787/787 429/878/878
f 1004/879/879 361/216/216 360/783/783
f 429/878/878 433/877/877 427/882/882
f 1004/879/879 360/783/783 436/886/886
f 427/882/882 1004/879/879 435/880/880
f 437/779/779 436/886/886 360/783/783
f 640/887/887 642/888/888 644/889/889
f 442/890/890 1004/879/879 436/886/886
f 444/233/233 425/666/666 431/665/665
f 360/783/783 987/773/773 437/779/779
f 436/886/886 434/766/766 442/890/890
f 437/779/779 359/778/778 452/774/774
f 434/766/766 436/886/886 437/779/779
f 442/890/890 440/848/848 435/880/880
f 439/881/881 440/848/848 438/891/891
f 1006/892/892 1007/742/742 458/893/893
f 829/894/894 851/895/895 852/896/896
f 440/848/848 439/881/881 435/880/880
f 441/883/883 439/881/881 438/891/891
f 443/765/765 440/848/848 442/890/890
f 438/891/891 440/848/848 448/847/847
f 438/891/891 451/852/852 453/851/851
f 430/784/784 441/883/883 416/232/232
f 442/890/890 435/880/880 1004/879/879
f 443/765/765 442/890/890 434/766/766
f 447/725/725 434/766/766 449/723/723
f 451/852/852 438/891/891 448/847/847
f 416/232/232 441/883/883 444/233/233
f 441/883/883 438/891/891 453/851/851
f 1010/70/70 1005/69/69 461/741/741
f 447/725/725 450/824/824 634/823/823
f 455/884/884 456/897/897 637/898/898
f 449/723/723 434/766/766 437/779/779
f 447/725/725 445/724/724 450/824/824
f 634/823/823 440/848/848 443/765/765
f 448/847/847 446/899/899 451/852/852
f 452/774/774 449/723/723 437/779/779
f 647/900/900 464/68/68 642/888/888
f 647/900/900 445/724/724 449/723/723
f 393/244/244 390/850/850 637/898/898
f 451/852/852 446/899/899 456/897/897
f 1073/901/901 1079/902/902 635/885/885
f 458/893/893 1007/742/742 452/774/774
f 452/774/774 1005/69/69 647/900/900
f 425/666/666 444/233/233 453/851/851
f 441/883/883 453/851/851 444/233/233
f 446/899/899 638/825/825 456/897/897
f 457/903/903 831/855/855 456/897/897
f 425/666/666 451/852/852 455/884/884
f 455/884/884 451/852/852 456/897/897
f 1006/892/892 458/893/893 460/904/904
f 1006/892/892 463/770/770 1008/764/764
f 446/899/899 634/823/823 638/825/825
f 456/897/897 454/905/905 637/898/898
f 642/888/888 640/887/887 445/724/724
f 736/906/906 829/894/894 878/907/907
f 458/893/893 452/774/774 359/778/778
f 1008/764/764 461/741/741 1007/742/742
f 1080/772/772 359/778/778 986/767/767
f 458/893/893 1080/772/772 460/904/904
f 459/763/763 461/741/741 1008/764/764
f 895/908/908 896/909/909 1117/910/910
f 355/745/745 467/911/911 353/744/744
f 460/904/904 467/911/911 465/771/771
f 459/763/763 895/908/908 1010/70/70
f 463/770/770 1006/892/892 465/771/771
f 469/762/762 463/770/770 470/912/912
f 469/762/762 472/913/913 896/909/909
f 641/914/914 646/915/915 645/916/916
f 351/577/577 648/917/917 468/733/733
f 468/733/733 471/746/746 462/769/769
f 459/763/763 1010/70/70 461/741/741
f 1010/70/70 1009/918/918 464/68/68
f 465/771/771 1006/892/892 460/904/904
f 463/770/770 462/769/769 470/912/912
f 641/914/914 645/916/916 848/919/919
f 639/920/920 457/903/903 638/825/825
f 460/904/904 353/744/744 467/911/911
f 468/733/733 465/771/771 467/911/911
f 470/912/912 1011/748/748 466/921/921
f 769/922/922 774/923/923 776/924/924
f 473/734/734 467/911/911 355/745/745
f 467/911/911 473/734/734 468/733/733
f 648/917/917 351/577/577 349/756/756
f 462/769/769 465/771/771 468/733/733
f 463/770/770 469/762/762 1008/764/764
f 469/762/762 466/921/921 651/92/92
f 1011/748/748 462/769/769 471/746/746
f 469/762/762 470/912/912 466/921/921
f 476/925/925 349/756/756 477/926/926
f 1011/748/748 470/912/912 462/769/769
f 1012/752/752 478/927/927 474/747/747
f 837/928/928 756/753/753 1081/929/929
f 476/925/925 474/747/747 471/746/746
f 466/921/921 1011/748/748 1013/93/93
f 328/660/660 473/734/734 355/745/745
f 351/577/577 473/734/734 345/575/575
f 577/930/930 586/931/931 589/932/932
f 471/746/746 648/917/917 476/925/925
f 480/933/933 1013/93/93 1011/748/748
f 798/934/934 784/935/935 1127/936/936
f 611/937/937 609/938/938 1057/939/939
f 477/926/926 349/756/756 650/750/750
f 474/747/747 476/925/925 649/751/751
f 598/940/940 990/737/737 597/941/941
f 990/737/737 363/532/532 575/807/807
f 480/933/933 474/747/747 478/927/927
f 1013/93/93 475/942/942 479/91/91
f 701/943/943 789/944/944 798/934/934
f 475/942/942 1013/93/93 478/927/927
f 842/945/945 1143/946/946 611/937/937
f 752/947/947 753/948/948 1081/929/929
f 474/747/747 480/933/933 1011/748/748
f 478/927/927 1013/93/93 480/933/933
f 1015/400/400 105/332/332 936/137/137
f 1014/340/340 109/401/401 481/561/561
f 481/561/561 109/401/401 482/594/594
f 216/361/361 481/561/561 1082/593/593
f 109/401/401 1015/400/400 1083/949/949
f 981/510/510 652/599/599 237/511/511
f 41/327/327 1015/400/400 936/137/137
f 1083/949/949 1015/400/400 108/402/402
f 919/270/270 1016/294/294 100/65/65
f 946/446/446 1016/294/294 101/318/318
f 84/62/62 484/806/806 483/473/473
f 486/950/950 488/519/519 484/806/806
f 653/951/951 84/62/62 926/61/61
f 818/952/952 585/520/520 817/727/727
f 84/62/62 653/951/951 487/791/791
f 484/806/806 1017/790/790 486/950/950
f 485/953/953 595/818/818 594/954/954
f 990/737/737 598/940/940 346/738/738
f 491/955/955 1017/790/790 490/789/789
f 1019/451/451 152/454/454 137/322/322
f 84/62/62 487/791/791 484/806/806
f 485/953/953 593/956/956 490/789/789
f 484/806/806 488/519/519 483/473/473
f 1018/474/474 488/519/519 486/950/950
f 1018/474/474 486/950/950 495/957/957
f 493/452/452 151/321/321 135/27/27
f 592/958/958 591/959/959 588/960/960
f 597/941/941 990/737/737 575/807/807
f 485/953/953 490/789/789 487/791/791
f 490/789/789 489/961/961 1043/797/797
f 491/955/955 579/799/799 581/962/962
f 584/522/522 1084/963/963 491/955/955
f 495/957/957 486/950/950 496/964/964
f 873/523/523 871/795/795 188/530/530
f 494/802/802 493/452/452 1018/474/474
f 137/322/322 498/211/211 1019/451/451
f 497/965/965 1018/474/474 495/957/957
f 152/454/454 1020/801/801 182/518/518
f 493/452/452 494/802/802 1019/451/451
f 152/454/454 1019/451/451 494/802/802
f 486/950/950 1084/963/963 496/964/964
f 886/966/966 497/965/965 492/967/967
f 1084/963/963 584/522/522 496/964/964
f 492/967/967 495/957/957 496/964/964
f 497/965/965 1020/801/801 494/802/802
f 1020/801/801 497/965/965 886/966/966
f 1018/474/474 497/965/965 494/802/802
f 492/967/967 497/965/965 495/957/957
f 52/140/140 498/211/211 137/322/322
f 498/211/211 26/64/64 50/63/63
f 156/388/388 1021/258/258 2833/257/257
f 1022/442/442 1021/258/258 157/420/420
f 1022/442/442 157/420/420 499/483/483
f 1023/574/574 1022/442/442 220/440/440
f 1026/515/515 499/483/483 157/420/420
f 211/464/464 500/466/466 174/462/462
f 1024/544/544 220/440/440 201/173/173
f 2832/259/259 1023/574/574 2582/546/546
f 1024/544/544 201/173/173 973/543/543
f 2582/546/546 1023/574/574 1024/544/544
f 1027/480/480 952/479/479 501/436/436
f 1025/514/514 1027/480/480 501/436/436
f 212/441/441 499/483/483 500/466/466
f 500/466/466 499/483/483 1026/515/515
f 157/420/420 156/388/388 1027/480/480
f 500/466/466 1026/515/515 1025/514/514
f 501/436/436 952/479/479 654/421/421
f 656/968/968 939/383/383 519/429/429
f 503/499/499 659/969/969 502/500/500
f 1029/486/486 505/405/405 173/970/970
f 804/971/971 805/972/972 534/973/973
f 532/974/974 504/512/512 531/975/975
f 194/458/458 517/538/538 195/461/461
f 172/409/409 503/499/499 960/410/410
f 659/969/969 503/499/499 173/970/970
f 505/405/405 1029/486/486 171/403/403
f 173/970/970 503/499/499 1029/486/486
f 253/624/624 507/976/976 1030/404/404
f 173/970/970 505/405/405 657/977/977
f 171/403/403 263/625/625 1030/404/404
f 505/405/405 504/512/512 657/977/977
f 508/978/978 507/976/976 253/624/624
f 504/512/512 505/405/405 1030/404/404
f 1034/632/632 526/979/979 667/980/980
f 507/976/976 1031/513/513 1030/404/404
f 508/978/978 253/624/624 262/630/630
f 507/976/976 506/631/631 1031/513/513
f 262/630/630 510/616/616 508/978/978
f 507/976/976 508/978/978 655/615/615
f 1034/632/632 506/631/631 526/979/979
f 531/975/975 1034/632/632 533/981/981
f 1032/690/690 509/677/677 510/616/616
f 816/982/982 815/983/983 573/984/984
f 694/985/985 1032/690/690 510/616/616
f 510/616/616 509/677/677 512/614/614
f 695/639/639 262/630/630 261/623/623
f 810/986/986 1134/987/987 687/988/988
f 515/676/676 543/989/989 537/990/990
f 667/980/980 1037/673/673 542/991/991
f 694/985/985 510/616/616 262/630/630
f 511/992/992 815/983/983 514/675/675
f 893/680/680 686/993/993 687/988/988
f 1088/994/994 681/995/995 814/996/996
f 511/992/992 514/675/675 1032/690/690
f 514/675/675 513/997/997 809/998/998
f 684/999/999 892/1000/1000 682/1001/1001
f 236/600/600 1038/674/674 540/1002/1002
f 538/601/601 535/1003/1003 1036/1004/1004
f 939/383/383 195/461/461 520/460/460
f 167/431/431 502/500/500 517/538/538
f 518/459/459 517/538/538 502/500/500
f 659/969/969 658/1005/1005 1086/1006/1006
f 1035/1007/1007 523/428/428 521/427/427
f 542/991/991 546/1008/1008 1033/1009/1009
f 531/975/975 504/512/512 1031/513/513
f 520/460/460 518/459/459 521/427/427
f 656/968/968 501/436/436 654/421/421
f 526/979/979 506/631/631 512/614/614
f 1034/632/632 1033/1009/1009 533/981/981
f 518/459/459 1086/1006/1006 521/427/427
f 939/383/383 520/460/460 519/429/429
f 521/427/427 516/1010/1010 1035/1007/1007
f 519/429/429 520/460/460 521/427/427
f 1035/1007/1007 1036/1004/1004 522/496/496
f 524/435/435 525/495/495 1025/514/514
f 1035/1007/1007 516/1010/1010 802/1011/1011
f 1035/1007/1007 522/496/496 523/428/428
f 658/1005/1005 1085/1012/1012 516/1010/1010
f 529/463/463 535/1003/1003 539/425/425
f 524/435/435 523/428/428 522/496/496
f 656/968/968 523/428/428 501/436/436
f 524/435/435 522/496/496 525/495/495
f 501/436/436 524/435/435 1025/514/514
f 528/494/494 522/496/496 1036/1004/1004
f 211/464/464 529/463/463 943/481/481
f 536/1013/1013 526/979/979 512/614/614
f 536/1013/1013 1037/673/673 526/979/979
f 527/1014/1014 533/981/981 534/973/973
f 802/1011/1011 1085/1012/1012 1036/1004/1004
f 535/1003/1003 528/494/494 1036/1004/1004
f 528/494/494 535/1003/1003 529/463/463
f 174/462/462 525/495/495 529/463/463
f 528/494/494 529/463/463 525/495/495
f 536/1013/1013 512/614/614 537/990/990
f 236/600/600 540/1002/1002 238/556/556
f 1034/632/632 531/975/975 1031/513/513
f 532/974/974 531/975/975 527/1014/1014
f 532/974/974 1132/1015/1015 1085/1012/1012
f 657/977/977 532/974/974 658/1005/1005
f 534/973/973 533/981/981 1033/1009/1009
f 531/975/975 533/981/981 527/1014/1014
f 545/1016/1016 546/1008/1008 542/991/991
f 664/424/424 663/439/439 1087/1017/1017
f 1085/1012/1012 803/1018/1018 1036/1004/1004
f 539/425/425 535/1003/1003 942/434/434
f 537/990/990 512/614/614 509/677/677
f 1037/673/673 536/1013/1013 530/1019/1019
f 515/676/676 537/990/990 509/677/677
f 530/1019/1019 536/1013/1013 537/990/990
f 1038/674/674 1037/673/673 530/1019/1019
f 1037/673/673 541/509/509 542/991/991
f 538/601/601 1028/1020/1020 660/423/423
f 942/434/434 535/1003/1003 538/601/601
f 125/419/419 539/425/425 942/434/434
f 529/463/463 539/425/425 943/481/481
f 540/1002/1002 1038/674/674 530/1019/1019
f 541/509/509 1038/674/674 236/600/600
f 530/1019/1019 543/989/989 540/1002/1002
f 540/1002/1002 543/989/989 1088/994/994
f 981/510/510 541/509/509 236/600/600
f 541/509/509 237/511/511 542/991/991
f 542/991/991 237/511/511 545/1016/1016
f 667/980/980 542/991/991 1033/1009/1009
f 537/990/990 543/989/989 530/1019/1019
f 1088/994/994 543/989/989 515/676/676
f 545/1016/1016 237/511/511 1039/1021/1021
f 544/1022/1022 1039/1021/1021 1089/595/595
f 237/511/511 652/599/599 1039/1021/1021
f 545/1016/1016 544/1022/1022 546/1008/1008
f 1083/949/949 482/594/594 109/401/401
f 544/1022/1022 545/1016/1016 1039/1021/1021
f 1150/1023/1023 546/1008/1008 544/1022/1022
f 534/973/973 1033/1009/1009 546/1008/1008
f 148/264/264 1040/300/300 1165/284/284
f 970/281/281 1040/300/300 180/263/263
f 143/39/39 547/539/539 967/465/465
f 945/151/151 212/441/441 547/539/539
f 1041/266/266 129/265/265 419/319/319
f 977/397/397 1041/266/266 43/396/396
f 670/339/339 65/338/338 67/278/278
f 1042/337/337 670/339/339 1148/331/331
f 204/406/406 548/552/552 179/282/282
f 671/1024/1024 548/552/552 206/489/489
f 982/488/488 549/487/487 969/347/347
f 206/489/489 548/552/552 549/487/487
f 970/281/281 550/551/551 1166/555/555
f 550/551/551 975/283/283 551/862/862
f 548/552/552 671/1024/1024 975/283/283
f 671/1024/1024 206/489/489 1133/564/564
f 2559/567/567 550/551/551 552/358/358
f 551/862/862 552/358/358 550/551/551
f 401/553/553 553/357/357 400/359/359
f 2559/567/567 553/357/357 7/364/364
f 540/1002/1002 1088/994/994 238/556/556
f 671/1024/1024 1133/564/564 674/1025/1025
f 226/549/549 555/578/578 232/557/557
f 242/588/588 555/578/578 976/548/548
f 557/622/622 556/598/598 243/589/589
f 246/626/626 248/590/590 558/620/620
f 690/621/621 243/589/589 241/617/617
f 557/622/622 692/1026/1026 694/985/985
f 232/557/557 558/620/620 245/563/563
f 246/626/626 558/620/620 556/598/598
f 215/472/472 559/525/525 203/560/560
f 235/354/354 559/525/525 222/471/471
f 265/83/83 560/267/267 213/84/84
f 1001/635/635 560/267/267 255/214/214
f 561/627/627 83/362/362 696/863/863
f 259/609/609 258/444/444 562/637/637
f 889/356/356 562/637/637 251/592/592
f 77/192/192 561/627/627 562/637/637
f 676/604/604 1091/1027/1027 892/1000/1000
f 685/671/671 563/864/864 684/999/999
f 265/83/83 564/212/212 255/214/214
f 282/256/256 564/212/212 234/368/368
f 233/537/537 565/633/633 221/536/536
f 271/654/654 565/633/633 304/634/634
f 335/697/697 566/708/708 310/656/656
f 314/678/678 323/706/706 566/708/708
f 697/679/679 314/678/678 336/698/698
f 567/644/644 870/1028/1028 869/1029/1029
f 321/607/607 568/658/658 276/608/608
f 278/648/648 568/658/658 326/72/72
f 309/688/688 569/700/700 306/694/694
f 570/739/739 569/700/700 292/684/684
f 292/684/684 295/683/683 570/739/739
f 295/683/683 693/1030/1030 572/1031/1031
f 570/739/739 572/1031/1031 336/698/698
f 295/683/683 572/1031/1031 570/739/739
f 295/683/683 816/982/982 693/1030/1030
f 336/698/698 572/1031/1031 571/740/740
f 816/982/982 699/1032/1032 815/983/983
f 690/621/621 692/1026/1026 557/622/622
f 347/720/720 574/736/736 346/738/738
f 989/533/533 574/736/736 348/743/743
f 368/796/796 579/799/799 578/1033/1033
f 575/807/807 368/796/796 578/1033/1033
f 1044/1034/1034 582/1035/1035 586/931/931
f 580/1036/1036 575/807/807 578/1033/1033
f 577/930/930 580/1036/1036 586/931/931
f 589/932/932 1045/1037/1037 577/930/930
f 368/796/796 581/962/962 579/799/799
f 580/1036/1036 578/1033/1033 576/798/798
f 1043/797/797 579/799/799 491/955/955
f 576/798/798 578/1033/1033 579/799/799
f 1044/1034/1034 586/931/931 580/1036/1036
f 580/1036/1036 577/930/930 597/941/941
f 368/796/796 583/805/805 581/962/962
f 583/805/805 366/804/804 817/727/727
f 490/789/789 1043/797/797 491/955/955
f 1043/797/797 489/961/961 588/960/960
f 588/960/960 591/959/959 1044/1034/1034
f 822/1038/1038 875/1039/1039 876/1040/1040
f 367/710/710 583/805/805 368/796/796
f 584/522/522 581/962/962 585/520/520
f 491/955/955 581/962/962 584/522/522
f 585/520/520 581/962/962 583/805/805
f 583/805/805 817/727/727 585/520/520
f 874/521/521 496/964/964 584/522/522
f 1044/1034/1034 580/1036/1036 576/798/798
f 582/1035/1035 845/1041/1041 589/932/932
f 576/798/798 588/960/960 1044/1034/1034
f 592/958/958 588/960/960 489/961/961
f 582/1035/1035 591/959/959 822/1038/1038
f 649/751/751 1045/1037/1037 1012/752/752
f 1043/797/797 588/960/960 576/798/798
f 593/956/956 590/1042/1042 592/958/958
f 582/1035/1035 589/932/932 586/931/931
f 1045/1037/1037 589/932/932 587/1043/1043
f 1045/1037/1037 587/1043/1043 843/1044/1044
f 1045/1037/1037 477/926/926 598/940/940
f 593/956/956 594/954/954 590/1042/1042
f 582/1035/1035 1044/1034/1034 591/959/959
f 819/1045/1045 596/1046/1046 1097/1047/1047
f 613/1048/1048 605/1049/1049 612/1050/1050
f 593/956/956 592/958/958 489/961/961
f 591/959/959 592/958/958 590/1042/1042
f 490/789/789 593/956/956 489/961/961
f 593/956/956 485/953/953 594/954/954
f 595/818/818 485/953/953 653/951/951
f 926/61/61 86/107/107 702/1051/1051
f 631/1052/1052 86/107/107 630/106/106
f 1094/820/820 590/1042/1042 594/954/954
f 595/818/818 926/61/61 702/1051/1051
f 604/1053/1053 800/1054/1054 1060/1055/1055
f 580/1036/1036 597/941/941 575/807/807
f 597/941/941 577/930/930 598/940/940
f 1045/1037/1037 598/940/940 577/930/930
f 650/750/750 598/940/940 477/926/926
f 599/811/811 1046/8/8 898/809/809
f 371/15/15 1046/8/8 370/104/104
f 602/1056/1056 601/808/808 1156/810/810
f 370/104/104 599/811/811 1048/105/105
f 600/812/812 599/811/811 601/808/808
f 600/812/812 1047/1057/1057 1048/105/105
f 600/812/812 1048/105/105 599/811/811
f 722/1058/1058 606/813/813 3/1059/1059
f 1056/1060/1060 608/1061/1061 603/1062/1062
f 898/809/809 601/808/808 599/811/811
f 602/1056/1056 1156/810/810 3/1059/1059
f 722/1058/1058 3/1059/1059 1155/1063/1063
f 600/812/812 601/808/808 602/1056/1056
f 608/1061/1061 1051/815/815 607/817/817
f 1049/1064/1064 1047/1057/1057 600/812/812
f 722/1058/1058 1056/1060/1060 603/1062/1062
f 1053/816/816 1054/1065/1065 604/1053/1053
f 1050/814/814 1049/1064/1064 600/812/812
f 612/1050/1050 1052/1066/1066 1049/1064/1067
f 606/813/813 600/812/812 602/1056/1056
f 606/813/813 607/817/817 1050/814/814
f 605/1049/1049 1052/1066/1066 612/1050/1050
f 2278/29/29 2279/13/13 1108/30/30
f 3/1059/1059 606/813/813 602/1056/1056
f 607/817/817 606/813/813 603/1062/1062
f 728/1067/1068 725/1068/1069 1103/1069/1070
f 1057/939/939 609/938/938 1129/1070/1071
f 612/1050/1050 1049/1064/1067 604/1053/1053
f 1052/1066/1066 605/1049/1049 1059/98/98
f 608/1061/1061 607/817/817 603/1062/1062
f 2/1071/1072 723/1072/1073 1056/1060/1060
f 1057/939/939 610/1073/1074 611/937/937
f 1049/1064/1067 1053/816/816 604/1053/1053
f 1050/814/814 607/817/817 1053/816/816
f 800/1054/1054 1129/1070/1071 799/1074/1075
f 1057/939/939 1051/815/815 608/1061/1061
f 706/1075/1076 1096/1076/1077 596/1046/1046
f 614/53/53 615/1077/1078 1061/54/54
f 615/1077/1078 617/1078/1079 613/1048/1048
f 1155/1063/1063 2/1071/1072 1056/1060/1060
f 723/1072/1073 2/1071/1072 724/1079/1080
f 1056/1060/1060 723/1072/1073 610/1073/1074
f 610/1073/1074 1057/939/939 608/1061/1061
f 724/1079/1080 1058/1080/1081 723/1072/1073
f 610/1073/1074 727/1081/1082 611/937/937
f 1056/1060/1060 610/1073/1074 608/1061/1061
f 1058/1080/1081 727/1081/1082 610/1073/1074
f 725/1068/1069 726/1082/1083 724/1079/1080
f 1105/1083/1084 729/1084/1085 839/1085/1086
f 604/1053/1053 1060/1055/1055 612/1050/1050
f 612/1050/1050 1060/1055/1055 613/1048/1048
f 730/1086/1087 1108/30/30 1063/16/16
f 1063/16/16 620/12/12 372/99/99
f 800/1054/1054 604/1053/1053 1054/1065/1065
f 613/1048/1048 1060/1055/1055 1055/1087/1088
f 615/1077/1078 613/1048/1048 1055/1087/1088
f 991/1088/1089 1068/1089/1090 617/1078/1079
f 800/1054/1054 799/1074/1075 1055/1087/1088
f 619/1090/1091 735/1091/1092 618/55/55
f 799/1074/1075 1131/1092/1093 1055/1087/1088
f 617/1078/1079 615/1077/1078 614/53/53
f 786/1093/1094 1125/1094/1095 796/1095/1096
f 784/935/935 798/934/934 789/944/944
f 1070/1096/1097 731/1097/1098 1110/1098/1099
f 1131/1092/1093 615/1077/1078 1055/1087/1088
f 616/1099/1100 894/1100/1101 618/55/55
f 1137/1101/1102 721/1102/1103 719/1103/1104
f 706/1075/1076 709/1104/1105 1096/1076/1077
f 616/1099/1100 618/55/55 1061/54/54
f 619/1090/1091 618/55/55 1062/1105/1106
f 703/1106/1107 595/818/818 702/1051/1051
f 733/1107/1108 734/1108/1109 828/1109/1110
f 1065/108/108 620/12/12 2280/14/14
f 1063/16/16 372/99/99 1059/98/98
f 730/1086/1087 1059/98/98 605/1049/1049
f 2279/13/13 1063/16/16 1108/30/30
f 613/1048/1048 1068/1089/1090 605/1049/1049
f 621/33/33 622/31/31 1067/1110/1111
f 370/104/104 1065/108/108 371/15/15
f 620/12/12 1065/108/108 372/99/99
f 731/1097/1098 1069/40/40 991/1088/1089
f 710/1111/1112 712/1112/1113 1100/1113/1114
f 622/31/31 621/33/33 899/32/32
f 1069/40/40 621/33/33 991/1088/1089
f 2278/29/29 622/31/31 899/32/32
f 1067/1110/1111 622/31/31 1064/1114/1115
f 1064/1114/1115 730/1086/1087 1109/1115/1116
f 621/33/33 1067/1110/1111 991/1088/1089
f 613/1048/1048 617/1078/1079 1068/1089/1090
f 731/1097/1098 991/1088/1089 617/1078/1079
f 1110/1098/1099 617/1078/1079 614/53/53
f 706/1075/1076 1092/861/861 1095/1116/1117
f 1071/41/41 1066/1117/1118 828/1109/1110
f 2277/34/34 621/33/33 1071/41/41
f 831/855/855 742/854/854 833/1118/1119
f 832/853/853 639/920/920 641/914/914
f 384/250/250 996/836/836 624/220/220
f 395/768/768 624/220/220 996/836/836
f 626/846/846 625/830/830 2306/829/829
f 1072/831/831 625/830/830 391/845/845
f 1077/840/840 2307/849/849 2308/839/839
f 737/1119/1120 1112/1120/1121 412/871/871
f 1075/832/832 1072/831/831 391/845/845
f 2304/826/826 1072/831/831 381/827/827
f 1074/870/870 626/846/846 627/1121/1122
f 1079/902/902 412/871/871 431/665/665
f 2307/849/849 1077/840/840 626/846/846
f 1074/870/870 1073/901/901 636/876/876
f 627/1121/1122 1077/840/840 1112/1120/1121
f 1073/901/901 1074/870/870 627/1121/1122
f 387/837/837 1075/832/832 391/845/845
f 628/833/833 1075/832/832 389/838/838
f 389/838/838 379/834/834 628/833/833
f 381/827/827 628/833/833 379/834/834
f 1113/776/776 395/768/768 373/777/777
f 629/392/392 739/1122/1123 736/906/906
f 1173/394/394 1172/856/856 395/768/768
f 624/220/220 395/768/768 1172/856/856
f 1076/49/49 630/106/106 51/47/47
f 630/106/106 396/1123/1124 1114/1124/1125
f 1114/1124/1125 740/97/97 632/370/370
f 704/819/819 595/818/818 703/1106/1107
f 740/97/97 1340/48/48 1341/858/858
f 630/106/106 1076/49/49 396/1123/1124
f 1136/371/371 2276/1125/1126 1098/1126/1127
f 630/106/106 1114/1124/1125 631/1052/1052
f 82/36/36 633/652/652 80/37/37
f 400/359/359 633/652/652 401/553/553
f 1112/1120/1121 1077/840/840 417/875/875
f 626/846/846 1077/840/840 627/1121/1122
f 448/847/847 634/823/823 446/899/899
f 447/725/725 634/823/823 443/765/765
f 455/884/884 637/898/898 741/1127/1128
f 1079/902/902 1078/667/667 635/885/885
f 1073/901/901 627/1121/1122 737/1119/1120
f 431/665/665 1078/667/667 1079/902/902
f 741/1127/1128 1078/667/667 455/884/884
f 390/850/850 392/243/243 1115/844/844
f 636/876/876 387/837/837 391/845/845
f 1073/901/901 635/885/885 636/876/876
f 637/898/898 454/905/905 1140/1128/1129
f 741/1127/1128 637/898/898 390/850/850
f 639/920/920 638/825/825 450/824/824
f 456/897/897 638/825/825 457/903/903
f 640/887/887 450/824/824 445/724/724
f 450/824/824 640/887/887 639/920/920
f 464/68/68 743/1129/1130 644/889/889
f 1145/1130/1131 742/854/854 1139/760/760
f 640/887/887 646/915/915 639/920/920
f 642/888/888 464/68/68 644/889/889
f 647/900/900 642/888/888 445/724/724
f 464/68/68 1009/918/918 743/1129/1130
f 743/1129/1130 1116/1131/1132 745/1132/1133
f 749/1133/1134 751/1134/1135 747/1135/1136
f 645/916/916 644/889/889 643/1136/1137
f 639/920/920 646/915/915 641/914/914
f 745/1132/1133 643/1136/1137 743/1129/1130
f 745/1132/1133 751/1134/1135 643/1136/1137
f 640/887/887 644/889/889 646/915/915
f 645/916/916 646/915/915 644/889/889
f 460/904/904 1080/772/772 353/744/744
f 359/778/778 1080/772/772 458/893/893
f 1141/1137/1138 838/1138/1139 762/1139/1140
f 750/1140/1141 752/947/947 746/1141/1142
f 452/774/774 647/900/900 449/723/723
f 1005/69/69 464/68/68 647/900/900
f 476/925/925 648/917/917 349/756/756
f 468/733/733 648/917/917 471/746/746
f 476/925/925 477/926/926 649/751/751
f 1045/1037/1037 649/751/751 477/926/926
f 350/657/657 650/750/750 349/756/756
f 598/940/940 650/750/750 346/738/738
f 469/762/762 651/92/92 472/913/913
f 1013/93/93 651/92/92 466/921/921
f 979/554/554 229/365/365 1082/593/593
f 1082/593/593 229/365/365 216/361/361
f 1089/595/595 1083/949/949 108/402/402
f 1039/1021/1021 482/594/594 1083/949/949
f 979/554/554 482/594/594 652/599/599
f 1039/1021/1021 652/599/599 482/594/594
f 595/818/818 653/951/951 926/61/61
f 487/791/791 653/951/951 485/953/953
f 486/950/950 1017/790/790 1084/963/963
f 491/955/955 1084/963/963 1017/790/790
f 155/148/148 654/421/421 952/479/479
f 656/968/968 654/421/421 120/382/382
f 507/976/976 655/615/615 506/631/631
f 510/616/616 655/615/615 508/978/978
f 939/383/383 656/968/968 120/382/382
f 523/428/428 656/968/968 519/429/429
f 504/512/512 532/974/974 657/977/977
f 1085/1012/1012 658/1005/1005 532/974/974
f 1086/1006/1006 658/1005/1005 516/1010/1010
f 173/970/970 657/977/977 658/1005/1005
f 1132/1015/1015 532/974/974 527/1014/1014
f 538/601/601 803/1018/1018 1028/1020/1020
f 521/427/427 1086/1006/1006 516/1010/1010
f 659/969/969 518/459/459 502/500/500
f 658/1005/1005 659/969/969 173/970/970
f 518/459/459 659/969/969 1086/1006/1006
f 804/971/971 662/438/438 1028/1020/1020
f 1028/1020/1020 662/438/438 660/423/423
f 944/418/418 942/434/434 661/422/422
f 538/601/601 661/422/422 942/434/434
f 1150/1023/1023 1090/597/597 669/1142/1143
f 665/384/384 666/1143/1144 806/201/201
f 666/1143/1144 95/386/386 806/201/201
f 929/325/325 1087/1017/1017 665/384/384
f 662/438/438 664/424/424 660/423/423
f 663/439/439 665/384/384 1087/1017/1017
f 944/418/418 664/424/424 1087/1017/1017
f 665/384/384 663/439/439 666/1143/1144
f 93/159/159 665/384/384 14/160/160
f 662/438/438 669/1142/1143 663/439/439
f 669/1142/1143 662/438/438 1150/1023/1023
f 808/1144/1145 679/1145/1146 681/995/995
f 683/651/651 678/672/672 563/864/864
f 1034/632/632 667/980/980 1033/1009/1009
f 1037/673/673 667/980/980 526/979/979
f 108/402/402 668/596/596 1089/595/595
f 95/386/386 1090/597/597 668/596/596
f 888/385/385 668/596/596 108/402/402
f 1090/597/597 95/386/386 666/1143/1144
f 669/1142/1143 1090/597/597 666/1143/1144
f 544/1022/1022 1089/595/595 1090/597/597
f 663/439/439 669/1142/1143 666/1143/1144
f 1150/1023/1023 662/438/438 534/973/973
f 64/296/296 670/339/339 67/278/278
f 670/339/339 922/103/103 1148/331/331
f 1133/564/564 206/489/489 230/565/565
f 551/862/862 975/283/283 671/1024/1024
f 672/1146/1147 677/1147/1148 675/603/603
f 400/359/359 673/602/602 402/653/653
f 551/862/862 674/1025/1025 673/602/602
f 673/602/602 674/1025/1025 675/603/603
f 671/1024/1024 674/1025/1025 551/862/862
f 675/603/603 674/1025/1025 672/1146/1147
f 807/566/566 677/1147/1148 672/1146/1147
f 402/653/653 673/602/602 676/604/604
f 677/1147/1148 1091/1027/1027 675/603/603
f 402/653/653 676/604/604 678/672/672
f 554/502/502 689/504/504 814/996/996
f 1091/1027/1027 677/1147/1148 680/1148/1149
f 676/604/604 675/603/603 1091/1027/1027
f 563/864/864 678/672/672 684/999/999
f 681/995/995 679/1145/1146 680/1148/1149
f 682/1001/1001 892/1000/1000 680/1148/1149
f 808/1144/1145 1088/994/994 515/676/676
f 291/618/618 893/680/680 290/681/681
f 681/995/995 680/1148/1149 677/1147/1148
f 679/1145/1146 813/1149/1150 680/1148/1149
f 554/502/502 681/995/995 677/1147/1148
f 681/995/995 1088/994/994 808/1144/1145
f 686/993/993 682/1001/1001 813/1149/1150
f 684/999/999 682/1001/1001 686/993/993
f 683/651/651 563/864/864 696/863/863
f 683/651/651 80/37/37 633/652/652
f 892/1000/1000 684/999/999 678/672/672
f 684/999/999 686/993/993 685/671/671
f 289/573/573 685/671/671 288/619/619
f 696/863/863 685/671/671 274/643/643
f 679/1145/1146 812/1150/1151 813/1149/1150
f 288/619/619 685/671/671 686/993/993
f 812/1150/1151 808/1144/1145 810/986/986
f 815/983/983 699/1032/1032 811/1151/1152
f 223/550/550 688/503/503 230/565/565
f 689/504/504 688/503/503 217/562/562
f 980/366/366 689/504/504 217/562/562
f 814/996/996 689/504/504 238/556/556
f 691/691/691 241/617/617 571/740/740
f 692/1026/1026 511/992/992 694/985/985
f 693/1030/1030 571/740/740 572/1031/1031
f 692/1026/1026 691/691/691 573/984/984
f 691/691/691 692/1026/1026 690/621/621
f 573/984/984 511/992/992 692/1026/1026
f 573/984/984 691/691/691 693/1030/1030
f 571/740/740 693/1030/1030 691/691/691
f 1032/690/690 694/985/985 511/992/992
f 695/639/639 694/985/985 262/630/630
f 246/626/626 557/622/622 695/639/639
f 694/985/985 695/639/639 557/622/622
f 561/627/627 696/863/863 274/643/643
f 683/651/651 696/863/863 83/362/362
f 336/698/698 571/740/740 697/679/679
f 698/613/613 571/740/740 241/617/617
f 698/613/613 241/617/617 242/588/588
f 567/644/644 697/679/679 698/613/613
f 295/683/683 294/682/682 854/689/689
f 1134/987/987 810/986/986 811/1151/1152
f 1135/728/728 366/804/804 855/800/800
f 871/795/795 872/531/531 188/530/530
f 844/1152/1153 845/1041/1041 846/1153/1154
f 720/1154/1155 714/1155/1156 1101/1156/1157
f 631/1052/1052 1093/859/859 86/107/107
f 1092/861/861 703/1106/1107 1093/859/859
f 707/372/372 631/1052/1052 1114/1124/1125
f 596/1046/1046 704/819/819 706/1075/1076
f 1093/859/859 703/1106/1107 702/1051/1051
f 704/819/819 703/1106/1107 1092/861/861
f 86/107/107 1093/859/859 702/1051/1051
f 1093/859/859 631/1052/1052 705/860/860
f 706/1075/1076 704/819/819 1092/861/861
f 704/819/819 596/1046/1046 1094/820/820
f 707/372/372 705/860/860 631/1052/1052
f 712/1112/1113 820/1157/1158 1100/1113/1114
f 1095/1116/1117 1092/861/861 705/860/860
f 619/1090/1091 713/1158/1159 1099/1159/1160
f 590/1042/1042 1094/820/820 596/1046/1046
f 595/818/818 1094/820/820 594/954/954
f 632/370/370 2275/857/857 1136/371/371
f 1099/1159/1160 711/1160/1161 710/1111/1112
f 712/1112/1113 705/860/860 707/372/372
f 709/1104/1105 821/1161/1162 1096/1076/1077
f 1101/1156/1157 716/1162/1163 713/1158/1159
f 1096/1076/1077 1097/1047/1047 596/1046/1046
f 709/1104/1105 706/1075/1076 1095/1116/1117
f 1097/1047/1047 1096/1076/1077 708/1163/1164
f 711/1160/1161 709/1104/1105 1095/1116/1117
f 1099/1159/1160 713/1158/1159 821/1161/1162
f 716/1162/1163 718/1164/1165 708/1163/1164
f 819/1045/1045 591/959/959 590/1042/1042
f 734/1108/1109 827/1165/1166 828/1109/1110
f 1070/1096/1097 732/1166/1167 733/1107/1108
f 711/1160/1161 712/1112/1113 710/1111/1112
f 712/1112/1113 711/1160/1161 1095/1116/1117
f 710/1111/1112 1111/1167/1168 1099/1159/1160
f 705/860/860 712/1112/1113 1095/1116/1117
f 820/1157/1158 712/1112/1113 707/372/372
f 619/1090/1091 1062/1105/1106 713/1158/1159
f 709/1104/1105 711/1160/1161 1099/1159/1160
f 733/1107/1108 1100/1113/1114 734/1108/1109
f 710/1111/1112 732/1166/1167 1111/1167/1168
f 1101/1156/1157 713/1158/1159 1062/1105/1106
f 821/1161/1162 708/1163/1164 1096/1076/1077
f 1062/1105/1106 618/55/55 894/1100/1101
f 718/1164/1165 1097/1047/1047 708/1163/1164
f 1062/1105/1106 894/1100/1101 720/1154/1155
f 716/1162/1163 1101/1156/1157 714/1155/1156
f 1126/1168/1169 1128/1169/1170 797/1170/1171
f 726/1082/1083 725/1068/1069 728/1067/1068
f 716/1162/1163 714/1155/1156 1102/1171/1172
f 716/1162/1163 708/1163/1164 821/1161/1162
f 719/1103/1104 717/1172/1173 1102/1171/1172
f 847/1173/1174 790/1174/1175 791/1175/1176
f 1102/1171/1172 718/1164/1165 716/1162/1163
f 876/1040/1040 718/1164/1165 717/1172/1173
f 1102/1171/1172 714/1155/1156 1137/1101/1102
f 718/1164/1165 1102/1171/1172 717/1172/1173
f 720/1154/1155 721/1102/1103 1137/1101/1102
f 701/943/943 791/1175/1176 790/1174/1175
f 1062/1105/1106 720/1154/1155 1101/1156/1157
f 720/1154/1155 715/1176/1177 721/1102/1103
f 1104/1177/1178 779/1178/1179 1142/1179/1180
f 790/1174/1175 719/1103/1104 793/1180/1181
f 1056/1060/1060 722/1058/1058 1155/1063/1063
f 606/813/813 722/1058/1058 603/1062/1062
f 724/1079/1080 2/1071/1072 1154/1181/1182
f 610/1073/1074 723/1072/1073 1058/1080/1081
f 1153/1182/1183 725/1068/1069 1154/1181/1182
f 724/1079/1080 1154/1181/1182 725/1068/1069
f 823/1183/1184 1153/1182/1183 897/1184/1185
f 726/1082/1083 1058/1080/1081 724/1079/1080
f 725/1068/1069 1153/1182/1183 823/1183/1184
f 825/1185/1186 824/1186/1187 897/1184/1185
f 729/1084/1085 1105/1083/1084 1106/1187/1188
f 792/1188/1189 793/1180/1181 782/1189/1190
f 1058/1080/1081 726/1082/1083 727/1081/1082
f 842/945/945 726/1082/1083 1104/1177/1191
f 1104/1177/1191 728/1067/1068 1106/1187/1188
f 1105/1083/1084 767/1190/1192 779/1178/1179
f 1106/1187/1188 728/1067/1068 1103/1069/1070
f 1104/1177/1191 726/1082/1083 728/1067/1068
f 823/1183/1184 824/1186/1187 1103/1069/1070
f 761/1191/1193 1119/1192/1194 758/1193/1195
f 729/1084/1085 1106/1187/1188 1103/1069/1070
f 825/1185/1186 1152/1194/1196 1138/1195/1197
f 758/1193/1195 1081/929/929 753/948/948
f 1048/105/105 1107/100/100 372/99/99
f 730/1086/1087 1063/16/16 1059/98/98
f 622/31/31 1108/30/30 1064/1114/1115
f 1109/1115/1116 730/1086/1087 605/1049/1049
f 1108/30/30 730/1086/1087 1064/1114/1115
f 1068/1089/1090 1109/1115/1116 605/1049/1049
f 1110/1098/1099 731/1097/1098 617/1078/1079
f 1069/40/40 731/1097/1098 1070/1096/1097
f 614/53/53 735/1091/1092 1110/1098/1099
f 1110/1098/1099 735/1091/1092 1111/1167/1168
f 1099/1159/1160 1111/1167/1168 619/1090/1091
f 732/1166/1167 710/1111/1112 1100/1113/1114
f 733/1107/1108 732/1166/1167 1100/1113/1114
f 1070/1096/1097 1111/1167/1168 732/1166/1167
f 1100/1113/1114 1098/1126/1127 734/1108/1109
f 1070/1096/1097 733/1107/1108 1066/1117/1118
f 1098/1126/1127 2276/1125/1126 734/1108/1109
f 900/373/373 827/1165/1166 2276/1125/1126
f 618/55/55 735/1091/1092 614/53/53
f 1111/1167/1168 735/1091/1092 619/1090/1091
f 629/392/392 736/906/906 1174/393/393
f 851/895/895 853/1196/1198 801/761/761
f 417/875/875 412/871/871 1112/1120/1121
f 737/1119/1120 412/871/871 1079/902/902
f 1073/901/901 737/1119/1120 1079/902/902
f 627/1121/1122 1112/1120/1121 737/1119/1120
f 738/775/775 373/777/777 830/780/780
f 736/906/906 739/1122/1123 623/1197/1199
f 833/1118/1119 1140/1128/1129 831/855/855
f 738/775/775 1145/1130/1131 739/1122/1123
f 629/392/392 1113/776/776 739/1122/1123
f 738/775/775 739/1122/1123 1113/776/776
f 1076/49/49 740/97/97 396/1123/1124
f 1341/858/858 632/370/370 740/97/97
f 740/97/97 1114/1124/1125 396/1123/1124
f 707/372/372 1114/1124/1125 632/370/370
f 1115/844/844 741/1127/1128 390/850/850
f 1078/667/667 741/1127/1128 635/885/885
f 636/876/876 1115/844/844 387/837/837
f 1115/844/844 635/885/885 741/1127/1128
f 742/854/854 832/853/853 1139/760/760
f 833/1118/1119 738/775/775 830/780/780
f 1116/1131/1132 743/1129/1130 1009/918/918
f 644/889/889 743/1129/1130 643/1136/1137
f 744/1198/1200 747/1135/1136 745/1132/1133
f 1009/918/918 895/908/908 1117/910/910
f 1116/1131/1132 744/1198/1200 745/1132/1133
f 1121/1199/1201 771/1200/1202 780/1201/1203
f 1116/1131/1132 1117/910/910 838/1138/1139
f 750/1140/1141 746/1141/1142 747/1135/1136
f 747/1135/1136 751/1134/1135 745/1132/1133
f 752/947/947 755/1202/1204 881/1203/1205
f 880/1204/1206 879/1205/1207 834/1206/1208
f 744/1198/1200 1141/1137/1138 750/1140/1141
f 747/1135/1136 746/1141/1142 749/1133/1134
f 762/1139/1140 840/1207/1209 1121/1199/1201
f 748/1208/1210 757/1209/1211 753/948/948
f 879/1205/1207 880/1204/1206 754/1210/1212
f 1175/1211/1213 878/907/907 5/1212/1214
f 744/1198/1200 750/1140/1141 747/1135/1136
f 752/947/947 750/1140/1141 748/1208/1210
f 849/1213/1215 751/1134/1135 749/1133/1134
f 645/916/916 643/1136/1137 751/1134/1135
f 753/948/948 752/947/947 748/1208/1210
f 752/947/947 1081/929/929 755/1202/1204
f 757/1209/1211 1121/1199/1201 1118/1214/1216
f 1151/757/757 760/1215/1217 826/1216/1218
f 755/1202/1204 756/753/753 754/1210/1212
f 1146/1217/1219 1177/1218/1220 1176/1219/1221
f 756/753/753 755/1202/1204 1081/929/929
f 755/1202/1204 754/1210/1212 881/1203/1205
f 760/1215/1217 837/928/928 758/1193/1195
f 1178/754/754 1177/1218/1220 836/755/755
f 1122/1220/1222 783/1221/1223 772/1222/1224
f 1119/1192/1194 761/1191/1193 1120/1223/1225
f 763/1224/1226 761/1191/1193 758/1193/1195
f 729/1084/1085 825/1185/1186 877/1225/1227
f 762/1139/1140 757/1209/1211 748/1208/1210
f 763/1224/1226 757/1209/1211 764/1226/1228
f 763/1224/1226 753/948/948 757/1209/1211
f 758/1193/1195 1119/1192/1194 760/1215/1217
f 766/374/374 759/1227/1229 764/1226/1228
f 1138/1195/1197 877/1225/1227 825/1185/1186
f 1119/1192/1194 1138/1195/1197 826/1216/1218
f 760/1215/1217 1151/757/757 835/758/758
f 763/1224/1226 758/1193/1195 753/948/948
f 761/1191/1193 759/1227/1229 1120/1223/1225
f 764/1226/1228 759/1227/1229 763/1224/1226
f 1120/1223/1225 770/376/376 839/1085/1086
f 1141/1137/1138 762/1139/1140 748/1208/1210
f 472/913/913 771/1200/1202 840/1207/1209
f 764/1226/1228 757/1209/1211 1118/1214/1216
f 761/1191/1193 763/1224/1226 759/1227/1229
f 764/1226/1228 1118/1214/1216 765/1228/1230
f 764/1226/1228 765/1228/1230 766/374/374
f 775/1229/1231 1122/1220/1222 774/923/923
f 777/1230/1232 767/1190/1192 769/922/922
f 766/374/374 765/1228/1230 768/375/375
f 1120/1223/1225 759/1227/1229 766/374/374
f 767/1190/1192 768/375/375 769/922/922
f 777/1230/1232 779/1178/1179 767/1190/1192
f 769/922/922 768/375/375 765/1228/1230
f 770/376/376 768/375/375 767/1190/1192
f 769/922/922 765/1228/1230 774/923/923
f 778/1231/1233 782/1189/1190 786/1093/1094
f 1105/1083/1084 770/376/376 767/1190/1192
f 766/374/374 770/376/376 1120/1223/1225
f 757/1209/1211 762/1139/1140 1121/1199/1201
f 838/1138/1139 840/1207/1209 762/1139/1140
f 651/92/92 841/749/749 472/913/913
f 1122/1220/1222 772/1222/1224 774/923/923
f 774/923/923 765/1228/1230 775/1229/1231
f 772/1222/1224 783/1221/1223 1123/1232/1234
f 769/922/922 778/1231/1233 777/1230/1232
f 796/1095/1096 773/1233/1235 786/1093/1094
f 775/1229/1231 765/1228/1230 1118/1214/1216
f 776/924/924 774/923/923 772/1222/1224
f 1118/1214/1216 780/1201/1203 775/1229/1231
f 780/1201/1203 771/1200/1202 781/1234/1236
f 772/1222/1224 1123/1232/1234 1124/1235/1237
f 778/1231/1233 776/924/924 792/1188/1189
f 778/1231/1233 769/922/922 776/924/924
f 777/1230/1232 773/1233/1235 779/1178/1179
f 1124/1235/1237 785/1236/1238 776/924/924
f 773/1233/1235 777/1230/1232 778/1231/1233
f 1142/1179/1180 779/1178/1179 773/1233/1235
f 1104/1177/1178 1105/1083/1084 779/1178/1179
f 1121/1199/1201 780/1201/1203 1118/1214/1216
f 771/1200/1202 841/749/749 781/1234/1236
f 783/1221/1223 1122/1220/1222 781/1234/1236
f 775/1229/1231 780/1201/1203 781/1234/1236
f 1125/1094/1095 794/1237/1239 715/1176/1177
f 778/1231/1233 786/1093/1094 773/1233/1235
f 775/1229/1231 781/1234/1236 1122/1220/1222
f 781/1234/1236 479/91/91 783/1221/1223
f 479/91/91 475/942/942 783/1221/1223
f 783/1221/1223 475/942/942 1123/1232/1234
f 784/935/935 1123/1232/1234 475/942/942
f 772/1222/1224 1124/1235/1237 776/924/924
f 475/942/942 478/927/927 784/935/935
f 1012/752/752 843/1044/1044 1127/936/936
f 789/944/944 1123/1232/1234 784/935/935
f 1124/1235/1237 789/944/944 785/1236/1238
f 785/1236/1238 701/943/943 790/1174/1175
f 778/1231/1233 792/1188/1189 782/1189/1190
f 1125/1094/1095 782/1189/1190 794/1237/1239
f 786/1093/1094 782/1189/1190 1125/1094/1095
f 715/1176/1177 894/1100/1101 795/1238/1240
f 609/938/938 1128/1169/1170 1126/1168/1169
f 1125/1094/1095 715/1176/1177 795/1238/1240
f 843/1044/1044 788/1239/1241 1127/936/936
f 845/1041/1041 822/1038/1038 846/1153/1154
f 785/1236/1238 789/944/944 701/943/943
f 1123/1232/1234 789/944/944 1124/1235/1237
f 701/943/943 798/934/934 791/1175/1176
f 793/1180/1181 719/1103/1104 721/1102/1103
f 844/1152/1153 788/1239/1241 843/1044/1044
f 717/1172/1173 719/1103/1104 847/1173/1174
f 776/924/924 785/1236/1238 792/1188/1189
f 793/1180/1181 792/1188/1189 785/1236/1238
f 790/1174/1175 793/1180/1181 785/1236/1238
f 793/1180/1181 721/1102/1103 794/1237/1239
f 793/1180/1181 794/1237/1239 782/1189/1190
f 715/1176/1177 794/1237/1239 721/1102/1103
f 616/1099/1100 1131/1092/1093 1130/1240/1242
f 1125/1094/1095 797/1170/1171 796/1095/1096
f 797/1170/1171 1125/1094/1095 795/1238/1240
f 796/1095/1096 787/1241/1243 1142/1179/1180
f 1126/1168/1169 797/1170/1171 795/1238/1240
f 787/1241/1243 796/1095/1096 797/1170/1171
f 1130/1240/1242 795/1238/1240 616/1099/1100
f 609/938/938 611/937/937 1128/1169/1170
f 1127/936/936 784/935/935 478/927/927
f 791/1175/1176 798/934/934 788/1239/1241
f 1012/752/752 1127/936/936 478/927/927
f 788/1239/1241 798/934/934 1127/936/936
f 609/938/938 1126/1168/1169 799/1074/1075
f 1130/1240/1242 799/1074/1075 1126/1168/1169
f 1143/946/946 1128/1169/1170 611/937/937
f 797/1170/1171 1128/1169/1170 787/1241/1243
f 1060/1055/1055 800/1054/1054 1055/1087/1088
f 1129/1070/1071 800/1054/1054 1054/1065/1065
f 609/938/938 799/1074/1075 1129/1070/1071
f 795/1238/1240 1130/1240/1242 1126/1168/1169
f 1131/1092/1093 616/1099/1100 1061/54/54
f 1131/1092/1093 1061/54/54 615/1077/1078
f 799/1074/1075 1130/1240/1242 1131/1092/1093
f 849/1213/1215 848/919/919 645/916/916
f 851/895/895 801/761/761 850/1242/1244
f 1035/1007/1007 802/1011/1011 1036/1004/1004
f 516/1010/1010 1085/1012/1012 802/1011/1011
f 805/972/972 1132/1015/1015 527/1014/1014
f 803/1018/1018 1132/1015/1015 1028/1020/1020
f 1036/1004/1004 803/1018/1018 538/601/601
f 1132/1015/1015 803/1018/1018 1085/1012/1012
f 1028/1020/1020 1132/1015/1015 805/972/972
f 534/973/973 662/438/438 804/971/971
f 534/973/973 805/972/972 527/1014/1014
f 1028/1020/1020 805/972/972 804/971/971
f 930/326/326 806/201/201 95/386/386
f 665/384/384 806/201/201 14/160/160
f 230/565/565 688/503/503 807/566/566
f 1133/564/564 672/1146/1147 674/1025/1025
f 677/1147/1148 807/566/566 554/502/502
f 672/1146/1147 1133/564/564 807/566/566
f 515/676/676 809/998/998 808/1144/1145
f 809/998/998 810/986/986 808/1144/1145
f 514/675/675 809/998/998 515/676/676
f 810/986/986 809/998/998 513/997/997
f 811/1151/1152 810/986/986 513/997/997
f 810/986/986 687/988/988 812/1150/1151
f 815/983/983 811/1151/1152 513/997/997
f 811/1151/1152 699/1032/1032 1134/987/987
f 699/1032/1032 816/982/982 854/689/689
f 893/680/680 1134/987/987 290/681/681
f 813/1149/1150 812/1150/1151 687/988/988
f 808/1144/1145 812/1150/1151 679/1145/1146
f 686/993/993 813/1149/1150 687/988/988
f 813/1149/1150 682/1001/1001 680/1148/1149
f 1088/994/994 814/996/996 238/556/556
f 681/995/995 554/502/502 814/996/996
f 514/675/675 815/983/983 513/997/997
f 573/984/984 815/983/983 511/992/992
f 693/1030/1030 816/982/982 573/984/984
f 854/689/689 816/982/982 295/683/683
f 1135/728/728 817/727/727 366/804/804
f 818/952/952 817/727/727 700/729/729
f 860/1243/1245 859/793/793 1135/728/728
f 700/729/729 1135/728/728 856/726/726
f 871/795/795 818/952/952 700/729/729
f 874/521/521 492/967/967 496/964/964
f 596/1046/1046 819/1045/1045 590/1042/1042
f 875/1039/1039 819/1045/1045 1097/1047/1047
f 2276/1125/1126 1136/371/371 2275/857/857
f 707/372/372 1136/371/371 1098/1126/1127
f 707/372/372 1098/1126/1127 820/1157/1158
f 1100/1113/1114 820/1157/1158 1098/1126/1127
f 1099/1159/1160 821/1161/1162 709/1104/1105
f 716/1162/1163 821/1161/1162 713/1158/1159
f 875/1039/1039 822/1038/1038 591/959/959
f 717/1172/1173 847/1173/1174 846/1153/1154
f 1102/1171/1172 1137/1101/1102 719/1103/1104
f 720/1154/1155 1137/1101/1102 714/1155/1156
f 824/1186/1187 823/1183/1184 897/1184/1185
f 725/1068/1069 823/1183/1184 1103/1069/1070
f 825/1185/1186 897/1184/1185 1152/1194/1196
f 729/1084/1085 1103/1069/1070 824/1186/1187
f 1152/1194/1196 1/1244/1246 1138/1195/1197
f 729/1084/1085 824/1186/1187 825/1185/1186
f 826/1216/1218 1138/1195/1197 1/1244/1246
f 877/1225/1227 1138/1195/1197 1119/1192/1194
f 1151/757/757 826/1216/1218 1/1244/1246
f 1119/1192/1194 826/1216/1218 760/1215/1217
f 828/1109/1110 827/1165/1166 900/373/373
f 734/1108/1109 2276/1125/1126 827/1165/1166
f 1071/41/41 828/1109/1110 900/373/373
f 828/1109/1110 1066/1117/1118 733/1107/1108
f 1174/393/393 736/906/906 1175/1211/1213
f 853/1196/1198 736/906/906 623/1197/1199
f 850/1242/1244 749/1133/1134 882/1245/1247
f 394/781/781 830/780/780 373/777/777
f 833/1118/1119 830/780/780 393/244/244
f 456/897/897 831/855/855 454/905/905
f 832/853/853 831/855/855 457/903/903
f 639/920/920 832/853/853 457/903/903
f 1139/760/760 832/853/853 641/914/914
f 1139/760/760 641/914/914 848/919/919
f 1145/1130/1131 1139/760/760 623/1197/1199
f 1140/1128/1129 833/1118/1119 393/244/244
f 1145/1130/1131 833/1118/1119 742/854/854
f 637/898/898 1140/1128/1129 393/244/244
f 831/855/855 1140/1128/1129 454/905/905
f 852/896/896 5/1212/1214 878/907/907
f 881/1203/1205 746/1141/1142 752/947/947
f 1178/754/754 756/753/753 835/758/758
f 835/758/758 756/753/753 837/928/928
f 1177/1218/1220 1146/1217/1219 879/1205/1207
f 754/1210/1212 756/753/753 836/755/755
f 758/1193/1195 837/928/928 1081/929/929
f 835/758/758 837/928/928 760/1215/1217
f 750/1140/1141 1141/1137/1138 748/1208/1210
f 838/1138/1139 1141/1137/1138 744/1198/1200
f 1116/1131/1132 838/1138/1139 744/1198/1200
f 838/1138/1139 1117/910/910 840/1207/1209
f 1120/1223/1225 839/1085/1086 729/1084/1085
f 770/376/376 1105/1083/1084 839/1085/1086
f 472/913/913 840/1207/1209 1117/910/910
f 1121/1199/1201 840/1207/1209 771/1200/1202
f 781/1234/1236 841/749/749 479/91/91
f 771/1200/1202 472/913/913 841/749/749
f 796/1095/1096 1142/1179/1180 773/1233/1235
f 1143/946/946 1142/1179/1180 787/1241/1243
f 1128/1169/1170 1143/946/946 787/1241/1243
f 611/937/937 727/1081/1082 842/945/945
f 726/1082/1083 842/945/945 727/1081/1082
f 1104/1177/1191 1143/946/946 842/945/945
f 1045/1037/1037 843/1044/1044 1012/752/752
f 844/1152/1153 843/1044/1044 587/1043/1043
f 844/1152/1153 587/1043/1043 845/1041/1041
f 791/1175/1176 788/1239/1241 844/1152/1153
f 589/932/932 845/1041/1041 587/1043/1043
f 822/1038/1038 845/1041/1041 582/1035/1035
f 717/1172/1173 846/1153/1154 822/1038/1038
f 791/1175/1176 844/1152/1153 846/1153/1154
f 790/1174/1175 847/1173/1174 719/1103/1104
f 846/1153/1154 847/1173/1174 791/1175/1176
f 645/916/916 751/1134/1135 849/1213/1215
f 1139/760/760 848/919/919 801/761/761
f 882/1245/1247 746/1141/1142 881/1203/1205
f 801/761/761 848/919/919 849/1213/1215
f 1146/1217/1219 852/896/896 834/1206/1208
f 801/761/761 849/1213/1215 850/1242/1244
f 749/1133/1134 850/1242/1244 849/1213/1215
f 851/895/895 850/1242/1244 1144/1246/1248
f 851/895/895 1144/1246/1248 852/896/896
f 851/895/895 829/894/894 853/1196/1198
f 883/1247/1249 852/896/896 1144/1246/1248
f 1176/1219/1221 5/1212/1214 852/896/896
f 736/906/906 853/1196/1198 829/894/894
f 623/1197/1199 1139/760/760 884/759/759
f 290/681/681 1134/987/987 854/689/689
f 699/1032/1032 854/689/689 1134/987/987
f 367/710/710 855/800/800 366/804/804
f 860/1243/1245 855/800/800 364/803/803
f 859/793/793 856/726/726 1135/728/728
f 866/570/570 858/569/569 231/611/611
f 860/1243/1245 861/792/792 863/716/716
f 860/1243/1245 863/716/716 857/715/715
f 190/535/535 856/726/726 858/569/569
f 858/569/569 856/726/726 859/793/793
f 1135/728/728 855/800/800 860/1243/1245
f 859/793/793 857/715/715 867/702/702
f 861/792/792 860/1243/1245 364/803/803
f 857/715/715 859/793/793 860/1243/1245
f 862/788/788 861/792/792 364/803/803
f 861/792/792 329/717/717 863/716/716
f 365/534/534 862/788/788 364/803/803
f 329/717/717 862/788/788 334/730/730
f 329/717/717 331/705/705 864/718/718
f 864/718/718 868/707/707 869/1029/1029
f 318/713/713 868/707/707 864/718/718
f 870/1028/1028 567/644/644 239/612/612
f 869/1029/1029 863/716/716 864/718/718
f 865/701/701 870/1028/1028 885/605/605
f 983/547/547 866/570/570 231/611/611
f 190/535/535 866/570/570 192/527/527
f 865/701/701 867/702/702 857/715/715
f 231/611/611 858/569/569 867/702/702
f 322/655/655 868/707/707 318/713/713
f 869/1029/1029 868/707/707 323/706/706
f 567/644/644 869/1029/1029 323/706/706
f 869/1029/1029 865/701/701 863/716/716
f 239/612/612 240/582/582 885/605/605
f 865/701/701 869/1029/1029 870/1028/1028
f 872/531/531 871/795/795 700/729/729
f 1147/524/524 873/523/523 188/530/530
f 856/726/726 872/531/531 700/729/729
f 872/531/531 190/535/535 191/528/528
f 886/966/966 182/518/518 1020/801/801
f 873/523/523 886/966/966 887/794/794
f 585/520/520 818/952/952 874/521/521
f 874/521/521 818/952/952 887/794/794
f 819/1045/1045 875/1039/1039 591/959/959
f 1097/1047/1047 718/1164/1165 876/1040/1040
f 822/1038/1038 876/1040/1040 717/1172/1173
f 1097/1047/1047 876/1040/1040 875/1039/1039
f 1119/1192/1194 1120/1223/1225 877/1225/1227
f 729/1084/1085 877/1225/1227 1120/1223/1225
f 736/906/906 878/907/907 1175/1211/1213
f 852/896/896 878/907/907 829/894/894
f 739/1122/1123 1145/1130/1131 623/1197/1199
f 1145/1130/1131 738/775/775 833/1118/1119
f 852/896/896 1146/1217/1219 1176/1219/1221
f 1146/1217/1219 834/1206/1208 879/1205/1207
f 754/1210/1212 836/755/755 879/1205/1207
f 879/1205/1207 836/755/755 1177/1218/1220
f 883/1247/1249 880/1204/1206 834/1206/1208
f 882/1245/1247 881/1203/1205 880/1204/1206
f 754/1210/1212 880/1204/1206 881/1203/1205
f 883/1247/1249 882/1245/1247 880/1204/1206
f 850/1242/1244 882/1245/1247 1144/1246/1248
f 746/1141/1142 882/1245/1247 749/1133/1134
f 883/1247/1249 1144/1246/1248 882/1245/1247
f 834/1206/1208 852/896/896 883/1247/1249
f 801/761/761 853/1196/1198 884/759/759
f 623/1197/1199 884/759/759 853/1196/1198
f 865/701/701 885/605/605 231/611/611
f 239/612/612 885/605/605 870/1028/1028
f 189/477/477 1147/524/524 188/530/530
f 182/518/518 1147/524/524 183/497/497
f 887/794/794 886/966/966 492/967/967
f 182/518/518 886/966/966 873/523/523
f 874/521/521 887/794/794 492/967/967
f 871/795/795 887/794/794 818/952/952
f 1014/340/340 1148/331/331 17/195/195
f 930/326/326 888/385/385 41/327/327
f 668/596/596 888/385/385 95/386/386
f 953/2/2 1149/381/381 58/3/3
f 941/217/217 1149/381/381 124/430/430
f 78/190/190 889/356/356 73/210/210
f 562/637/637 889/356/356 77/192/192
f 277/640/640 890/646/646 276/608/608
f 891/692/692 271/654/654 303/695/695
f 297/685/685 891/692/692 303/695/695
f 305/647/647 890/646/646 891/692/692
f 546/1008/1008 1150/1023/1023 534/973/973
f 1090/597/597 1150/1023/1023 544/1022/1022
f 676/604/604 892/1000/1000 678/672/672
f 680/1148/1149 892/1000/1000 1091/1027/1027
f 686/993/993 893/680/680 288/619/619
f 1134/987/987 893/680/680 687/988/988
f 795/1238/1240 894/1100/1101 616/1099/1100
f 720/1154/1155 894/1100/1101 715/1176/1177
f 1010/70/70 895/908/908 1009/918/918
f 896/909/909 895/908/908 459/763/763
f 469/762/762 896/909/909 459/763/763
f 1117/910/910 896/909/909 472/913/913
f 1050/814/1250 1049/1064/1251 1053/816/1252
f 904/90/1253 911/20/1254 913/21/1255
f 992/181/1256 1160/558/1257 1336/183/1258
f 1016/294/1259 947/293/1260 946/446/1261
f 928/150/1262 927/56/1263 915/119/1264
f 916/156/1265 917/163/1266 901/164/1267
f 907/218/1268 917/163/1266 929/325/1269
f 924/52/1270 946/446/1261 902/128/1271
f 1070/1096/1272 1069/40/1273 1066/1117/1274
f 928/150/1262 910/58/1275 927/56/1263
f 917/163/1266 916/156/1265 929/325/1269
f 1087/1017/1276 944/418/1277 907/218/1268
f 909/50/1278 946/446/1261 924/52/1270
f 937/306/1279 949/344/1280 950/450/1281
f 941/217/1282 907/218/1268 944/418/1277
f 961/426/1283 943/481/1284 962/482/1285
f 946/446/1261 947/293/1260 902/128/1271
f 953/2/1286 961/426/1283 962/482/1285
f 923/280/1287 954/341/1288 963/336/1289
f 967/465/1290 953/2/1286 962/482/1285
f 1160/558/1257 973/543/1291 1159/545/1292
f 973/543/1291 1024/544/1293 1159/545/1292
f 1039/1021/1294 1089/595/1295 1083/949/1296
f 987/773/1297 986/767/1298 985/215/1299
f 979/554/1300 980/366/1301 981/510/1302
f 898/809/1303 1157/7/1304 1046/8/1305
f 1052/1066/1306 1107/100/1307 1059/98/1308
f 1007/742/1309 1008/764/1310 1006/892/1311
f 1047/1057/1312 1052/1066/1306 1049/1064/1251
f 1026/515/1313 1025/514/1314 1027/480/1315
f 1047/1057/1312 1048/105/1316 1107/100/1307
f 1054/1065/1317 1051/815/1318 1053/816/1252
f 1057/939/1319 1051/815/1318 1129/1070/1320
f 1068/1089/1321 1067/1110/1322 991/1088/1323
f 1067/1110/1322 1068/1089/1321 1109/1115/1324
f 1069/40/1273 1071/41/1325 1066/1117/1274
f 1087/1017/1276 907/218/1268 929/325/1269
f 1111/1167/1326 1110/1098/1327 1070/1096/1272
f 1106/1187/1328 1104/1177/1329 1105/1083/1330
f 1107/100/1307 1052/1066/1306 1047/1057/1312
f 1109/1115/1324 1064/1114/1331 1067/1110/1322
f 1009/918/1332 1116/1131/1333 1117/910/1334
f 1104/1177/1329 1143/946/1335 1142/1179/1336
f 1129/1070/1320 1051/815/1318 1054/1065/1317
f 1148/331/1337 921/102/1338 922/103/1339
f 1198/1248/1340 2302/1249/251 2301/1250/252
f 1198/1248/1340 2301/1250/252 2300/1251/1341
f 1183/1252/1342 1371/1253/1343 1374/1254/1344
f 2303/1255/248 1470/1256/1345 2304/1257/826
f 1198/1248/1340 1464/1258/1346 2302/1249/251
f 1471/1259/1347 1202/1260/1348 2304/1257/826
f 1392/1261/1349 1396/1262/1350 1185/1263/1351
f 1484/1264/1352 1486/1265/1353 1202/1260/1348
f 2262/1266/1354 2261/1267/1355 1675/1268/1356
f 1190/1269/1357 1434/1270/1358 1843/1271/1359
f 1850/1272/1360 2307/1273/849 2306/1274/829
f 1180/1275/1361 1351/1276/1362 1350/1277/1363
f 1182/1278/1364 2328/1279/292 2327/1280/307
f 1204/1281/1365 1496/1282/1366 1489/1283/1367
f 1351/1276/1362 1180/1275/1361 1352/1284/1368
f 1180/1275/1361 1354/1285/1369 1355/1286/1370
f 1187/1287/1371 1373/1288/1372 1370/1289/1373
f 1218/1290/1374 1568/1291/1375 1547/1292/1376
f 2847/1293/1377 2330/1294/1378 1399/1295/1379
f 1528/1296/1380 1521/1297/1381 1216/1298/1382
f 1392/1261/1349 1185/1263/1351 1437/1299/1383
f 1467/1300/1384 1199/1301/1385 1466/1302/1386
f 1503/1303/1387 1515/1304/1388 1267/1305/1389
f 1465/1306/1390 2303/1255/248 1464/1258/1346
f 1262/1307/1391 1504/1308/1392 1505/1309/1393
f 1517/1310/1394 1210/1311/1395 1505/1309/1393
f 1186/1312/1396 1396/1262/1350 1385/1313/1397
f 1434/1270/1358 1190/1269/1357 1422/1314/1398
f 1225/1315/1399 2316/1316/254 1226/1317/1400
f 2318/1318/304 2317/1319/255 1224/1320/1401
f 1181/1321/1402 1360/1322/1403 1361/1323/1404
f 1225/1315/1399 1596/1324/1405 1224/1320/1401
f 2180/1325/1406 2256/1326/1407 1195/1327/1408
f 1596/1324/1405 1228/1328/1409 1229/1329/1410
f 1180/1275/1361 1355/1286/1370 1352/1284/1368
f 2329/1330/1411 2867/1331/1412 1356/1332/1413
f 1361/1323/1404 1365/1333/1414 1181/1321/1402
f 2323/1334/1415 1190/1269/1357 1843/1271/1359
f 1346/1335/1416 1349/1336/1417 2325/1337/312
f 1349/1336/1417 2326/1338/313 2325/1337/312
f 1356/1332/1413 2867/1331/1412 1353/1339/1418
f 1372/1340/1419 1370/1289/1420 1184/1341/1421
f 2126/1342/1422 1681/1343/1423 2864/1344/1424
f 1459/1345/1425 1196/1346/1426 2183/1347/1427
f 1386/1348/1428 2865/1349/1429 2866/1350/1430
f 1181/1321/1402 1183/1252/1342 2831/1351/1431
f 2831/1351/1431 1337/1352/1432 1181/1321/1402
f 1386/1348/1428 2866/1350/1430 1377/1353/1433
f 2866/1350/1430 1376/1354/1434 1377/1353/1433
f 1351/1276/1362 1352/1284/1368 1182/1278/1364
f 2328/1279/292 1179/1355/1435 2869/1356/291
f 2564/1357/1436 2324/1358/1437 1679/1359/1438
f 2266/1360/541 2265/1361/185 1359/1362/1439
f 2868/1363/1440 2869/1356/291 1179/1355/1435
f 1351/1276/1362 2326/1338/313 1349/1336/1417
f 1187/1287/1371 1394/1364/1441 1373/1288/1372
f 1203/1365/1442 1492/1366/1443 1494/1367/1444
f 1213/1368/1445 1511/1369/1446 1207/1370/1447
f 1396/1262/1350 1186/1312/1396 1185/1263/1351
f 1186/1312/1396 1424/1371/1448 1423/1372/1449
f 2865/1349/1429 1388/1373/1450 1397/1374/1451
f 2286/1375/1452 2114/1376/1453 1342/1377/1454
f 2285/1378/1455 2284/1379/1456 1630/1380/1457
f 1187/1287/1371 1412/1381/1458 1378/1382/1459
f 1691/1383/1460 2827/1384/1461 1689/1385/1462
f 1371/1253/1343 1369/1386/1463 1184/1341/1421
f 2831/1351/1431 1374/1254/1344 2830/1387/1464
f 2281/1388/4 1625/1389/1465 2282/1390/5
f 1370/1289/1420 1371/1253/1343 1184/1341/1421
f 1369/1386/1463 1364/1391/1466 1184/1341/1421
f 2281/1388/4 1626/1392/1467 1625/1389/1465
f 2327/1280/307 2326/1338/313 1351/1276/1362
f 1534/1393/1468 1530/1394/1469 1214/1395/1470
f 1182/1278/1364 1179/1355/1435 2328/1279/292
f 1179/1355/1435 1352/1284/1368 1353/1339/1418
f 1180/1275/1361 1350/1277/1363 1382/1396/1471
f 1328/1397/1472 2035/1398/1473 2037/1399/1474
f 1179/1355/1435 1353/1339/1418 2868/1363/1440
f 1252/1400/1475 1248/1401/1476 1736/1402/1477
f 1161/1403/182 1361/1323/1404 1360/1322/1403
f 1417/1404/1478 1186/1312/1396 1381/1405/1479
f 2283/1406/1480 2282/1390/5 1625/1389/1465
f 1381/1405/1479 1186/1312/1396 1385/1313/1397
f 1404/1407/1481 1403/1408/1482 2267/1409/1483
f 1404/1407/1481 2267/1409/1483 2829/1410/1484
f 2829/1410/1484 1373/1288/1372 1394/1364/1441
f 1373/1288/1372 2830/1387/1464 1374/1254/1344
f 1183/1252/1342 1369/1386/1463 1371/1253/1343
f 1370/1289/1373 1408/1411/1485 1187/1287/1371
f 1181/1321/1402 1337/1352/1432 1360/1322/1403
f 1183/1252/1342 1374/1254/1344 2831/1351/1431
f 2263/1412/1486 1673/1413/1487 1357/1414/1488
f 1375/1415/1489 1189/1416/1490 1384/1417/1491
f 1382/1396/1471 1354/1285/1369 1180/1275/1361
f 1357/1414/1488 1359/1362/1439 2265/1361/185
f 2264/1418/184 2263/1412/1486 1357/1414/1488
f 2265/1361/185 2264/1418/184 1357/1414/1488
f 1365/1333/1414 1369/1386/1463 1183/1252/1342
f 2826/1419/1492 2827/1384/1461 1691/1383/1460
f 2867/1331/1412 2868/1363/1440 1353/1339/1418
f 1338/1420/87 2824/1421/118 1670/1422/1493
f 1179/1355/1435 1182/1278/1364 1352/1284/1368
f 1722/1423/1494 1670/1422/1493 1240/1424/1495
f 1361/1323/1404 1161/1403/182 2266/1360/541
f 1372/1340/1419 1184/1341/1421 1364/1391/1466
f 1351/1276/1362 1182/1278/1364 2327/1280/307
f 1181/1321/1402 1365/1333/1414 1183/1252/1342
f 2829/1410/1484 2830/1387/1464 1373/1288/1372
f 1336/1425/183 1161/1403/182 1360/1322/1403
f 2866/1350/1430 2329/1330/1411 1376/1354/1434
f 1673/1413/1487 2263/1412/1486 2262/1266/1496
f 1388/1373/1450 2865/1349/1429 1386/1348/1428
f 1191/1426/1497 1440/1427/1498 1447/1428/1499
f 2865/1349/1429 1397/1374/1451 2330/1294/1378
f 1397/1374/1451 1399/1295/1379 2330/1294/1378
f 2260/1429/1500 2864/1344/1424 1681/1343/1423
f 1378/1382/1459 1394/1364/1441 1187/1287/1371
f 2828/1430/1501 2267/1409/1483 1413/1431/1502
f 2829/1410/1484 1394/1364/1441 1404/1407/1481
f 1458/1432/1503 1197/1433/1504 1196/1346/1426
f 1423/1372/1449 1185/1263/1351 1186/1312/1396
f 1187/1287/1371 1408/1411/1485 1412/1381/1458
f 1260/1434/1505 1818/1435/1506 1808/1436/1507
f 1683/1437/1508 1335/1438/1509 2862/1439/1510
f 2267/1409/1483 1403/1408/1482 1413/1431/1502
f 1440/1427/1498 1191/1426/1497 2256/1326/1407
f 1430/1440/1511 1189/1416/1490 1422/1314/1398
f 2565/1441/1512 1432/1442/1513 1190/1269/1357
f 1424/1371/1448 1186/1312/1396 1417/1404/1478
f 1441/1443/1514 1191/1426/1497 1447/1428/1499
f 1189/1416/1490 1430/1440/1511 1381/1405/1479
f 1384/1417/1491 1189/1416/1490 1381/1405/1479
f 1189/1416/1490 1375/1415/1489 1434/1270/1358
f 1190/1269/1357 1432/1442/1513 1422/1314/1398
f 1842/1444/1515 2565/1441/1512 2322/1445/1516
f 1434/1270/1358 1422/1314/1398 1189/1416/1490
f 2565/1441/1512 1190/1269/1357 2323/1334/1415
f 1842/1444/1515 1432/1442/1513 2565/1441/1512
f 1433/1446/1517 1192/1447/1518 1441/1443/1514
f 1191/1426/1497 1441/1443/1514 1194/1448/1519
f 1195/1327/1408 2179/1449/1520 2180/1325/1406
f 1423/1372/1449 1437/1299/1383 1185/1263/1351
f 1459/1345/1425 1191/1426/1497 1194/1448/1519
f 1457/1450/1521 1193/1451/1522 1844/1452/1523
f 1433/1446/1517 1842/1444/1515 1192/1447/1518
f 1192/1447/1518 1458/1432/1503 1194/1448/1519
f 1446/1453/1524 1844/1452/1525 1188/1454/1526
f 1420/1455/1527 1446/1453/1524 1188/1454/1526
f 2321/1456/1528 1846/1457/1529 2322/1445/1516
f 1192/1447/1518 1846/1457/1529 1458/1432/1503
f 1539/1458/1530 1538/1459/1531 1321/1460/1532
f 1249/1461/1533 1702/1462/1534 1251/1463/1535
f 1692/1464/1536 1243/1465/1537 1239/1466/1538
f 1692/1464/1536 1696/1467/1539 1243/1465/1537
f 2268/1468/1540 1687/1469/1541 2827/1384/1461
f 2256/1326/1407 1459/1345/1425 1195/1327/1408
f 1457/1450/1521 1438/1470/1542 1193/1451/1522
f 1509/1471/1543 1208/1472/1544 1514/1473/1545
f 1599/1474/1546 2109/1475/1547 1229/1329/1410
f 1596/1324/1405 2319/1476/1548 1224/1320/1401
f 1192/1447/1518 1194/1448/1519 1441/1443/1514
f 1459/1345/1425 1194/1448/1519 1458/1432/1503
f 1196/1346/1426 1197/1433/1504 2110/1477/1549
f 1459/1345/1425 1458/1432/1503 1196/1346/1426
f 1461/1478/1550 2183/1347/1427 1196/1346/1426
f 1846/1457/1529 1197/1433/1504 1458/1432/1503
f 1196/1346/1426 1460/1479/1551 1461/1478/1550
f 2321/1456/1528 1197/1433/1504 1846/1457/1529
f 2109/1475/1547 1599/1474/1546 2320/1480/1552
f 1522/1481/1553 2311/1482/200 1168/1483/204
f 1466/1302/1386 1199/1301/1385 2299/1484/1554
f 1199/1301/1385 1462/1485/1555 1463/1486/1556
f 1463/1486/1556 1198/1248/1340 2300/1251/1341
f 1198/1248/1340 1463/1486/1556 1464/1258/1346
f 2300/1251/1341 2299/1484/1554 1463/1486/1556
f 1199/1301/1385 1463/1486/1556 2299/1484/1554
f 2303/1255/248 2302/1249/251 1464/1258/1346
f 1574/1487/1557 1570/1488/1558 2297/1489/1559
f 1469/1490/1560 1199/1301/1385 1467/1300/1384
f 1470/1256/1345 1471/1259/1347 2304/1257/826
f 2299/1484/1554 1348/1491/1561 1466/1302/1386
f 1847/1492/1562 1348/1491/1561 2298/1493/1563
f 1462/1485/1555 1469/1490/1560 1201/1494/1564
f 1467/1300/1384 1200/1495/1565 1468/1496/1566
f 1570/1488/1558 1221/1497/1567 1200/1495/1565
f 1507/1498/1568 1528/1296/1380 1207/1370/1447
f 1473/1499/1569 1201/1494/1564 1474/1500/1570
f 1462/1485/1555 1199/1301/1385 1469/1490/1560
f 2303/1255/248 1465/1306/1390 1470/1256/1345
f 1201/1494/1564 1465/1306/1571 1462/1485/1555
f 1465/1306/1571 1201/1494/1564 1472/1501/1572
f 1473/1499/1569 1472/1501/1572 1201/1494/1564
f 1469/1490/1560 1474/1500/1570 1201/1494/1564
f 1200/1495/1565 1221/1497/1567 1569/1502/1573
f 1549/1503/1574 1270/1504/1575 1548/1505/1576
f 2307/1273/849 1498/1506/1577 2308/1507/839
f 1486/1265/1353 2305/1508/828 1202/1260/1348
f 2306/1274/829 2305/1508/828 1486/1265/1353
f 1206/1509/1578 1493/1510/1579 1501/1511/1580
f 1215/1512/1581 1480/1513/1582 1531/1514/1583
f 2304/1257/826 1202/1260/1348 2305/1508/828
f 1484/1264/1352 1202/1260/1348 1471/1259/1347
f 1487/1515/1584 1204/1281/1365 1482/1516/1585
f 1204/1281/1365 1489/1283/1367 1490/1517/1586
f 1204/1281/1365 1490/1517/1586 1482/1516/1585
f 1500/1518/1587 1492/1366/1443 1205/1519/1588
f 2307/1273/849 1497/1520/1589 1498/1506/1577
f 1204/1281/1365 1487/1515/1584 1500/1518/1587
f 1495/1521/1590 1491/1522/1591 1205/1519/1588
f 1492/1366/1443 1203/1365/1442 1205/1519/1588
f 1495/1521/1590 1205/1519/1588 1203/1365/1442
f 1496/1282/1366 1205/1519/1588 1491/1522/1591
f 1508/1523/1592 1203/1365/1442 1494/1367/1444
f 1347/1524/841 2309/1525/843 1262/1307/1391
f 1500/1518/1587 1496/1282/1366 1204/1281/1365
f 1850/1272/1360 1497/1520/1589 2307/1273/849
f 2308/1507/839 1498/1506/1577 1504/1308/1392
f 2308/1507/839 1504/1308/1392 2309/1525/843
f 1496/1282/1366 1500/1518/1587 1205/1519/1588
f 1206/1509/1578 1501/1511/1580 1857/1526/1593
f 1493/1510/1579 1206/1509/1578 1512/1527/1594
f 1527/1528/1595 1520/1529/1596 1168/1483/204
f 1852/1530/1597 1267/1305/1389 1515/1304/1388
f 1210/1311/1395 1519/1531/1598 1347/1524/841
f 1215/1512/1581 1857/1526/1593 1488/1532/1599
f 1300/1533/1600 1991/1534/1601 2004/1535/1602
f 1515/1304/1388 1510/1536/1603 1208/1472/1544
f 1208/1472/1544 1510/1536/1603 1495/1521/1590
f 1207/1370/1447 1512/1527/1594 1206/1509/1578
f 1512/1527/1594 1207/1370/1447 1511/1369/1446
f 1304/1537/1604 2009/1538/1605 1987/1539/1606
f 1207/1370/1447 1206/1509/1578 1507/1498/1568
f 1511/1369/1446 1270/1504/1575 1512/1527/1594
f 1213/1368/1445 1548/1505/1576 1511/1369/1446
f 1514/1473/1545 1208/1472/1544 1495/1521/1590
f 1208/1472/1544 1509/1471/1543 1515/1304/1388
f 1495/1521/1590 1203/1365/1442 1514/1473/1545
f 1508/1523/1592 1514/1473/1545 1203/1365/1442
f 1502/1540/1607 1263/1541/1608 1853/1542/1609
f 1269/1543/1610 2312/1544/95 2311/1482/200
f 1210/1311/1395 1517/1310/1394 1529/1545/1611
f 1209/1546/1612 1526/1547/1613 1503/1303/1387
f 1520/1529/1596 1522/1481/1553 1168/1483/204
f 1519/1531/1598 1210/1311/1395 1518/1548/1614
f 1262/1307/1391 1210/1311/1395 1347/1524/841
f 1347/1524/841 1519/1531/1598 2310/1549/261
f 1524/1550/1615 1525/1551/1616 1211/1552/1617
f 1523/1553/1618 1269/1543/1610 1522/1481/1553
f 1525/1551/1616 1520/1529/1596 1211/1552/1617
f 2167/1554/1619 1269/1543/1610 1268/1555/1620
f 1211/1552/1617 1532/1556/1621 1524/1550/1615
f 1211/1552/1617 1520/1529/1596 1518/1548/1622
f 1518/1548/1622 1526/1547/1613 1211/1552/1617
f 1211/1552/1617 1526/1547/1613 1532/1556/1621
f 1214/1395/1470 1532/1556/1621 1526/1547/1613
f 1168/1483/204 2310/1549/261 1527/1528/1595
f 1519/1531/1598 1527/1528/1595 2310/1549/261
f 1507/1498/1568 1215/1512/1581 1531/1514/1583
f 1216/1298/1382 1213/1368/1445 1207/1370/1447
f 1580/1557/1623 1223/1558/1624 1586/1559/1625
f 1210/1311/1395 1529/1545/1611 1518/1548/1614
f 1209/1546/1612 1856/1560/1626 1534/1393/1468
f 1536/1561/1627 1219/1562/1628 1551/1563/1629
f 1216/1298/1382 1207/1370/1447 1528/1296/1380
f 1214/1395/1470 1526/1547/1613 1209/1546/1612
f 1209/1546/1612 1267/1305/1389 1856/1560/1626
f 1530/1394/1469 1532/1556/1621 1214/1395/1470
f 1209/1546/1612 1534/1393/1468 1214/1395/1470
f 1232/1564/1630 1609/1565/1631 1230/1566/1632
f 1539/1458/1530 1321/1460/1532 2100/1567/1633
f 1270/1504/1575 1549/1503/1574 1513/1568/1634
f 1507/1498/1568 1206/1509/1578 1857/1526/1593
f 1480/1513/1582 1215/1512/1581 1488/1532/1599
f 1212/1569/1635 1213/1368/1445 1216/1298/1382
f 1230/1566/1632 2112/1570/1636 1598/1571/1637
f 1858/1572/1638 1543/1573/1639 1219/1562/1628
f 1221/1497/1567 1566/1574/1640 1478/1575/1641
f 1555/1576/1642 1557/1577/1643 1218/1290/1374
f 1218/1290/1374 1557/1577/1643 1559/1578/1644
f 1559/1578/1644 1561/1579/1645 1218/1290/1374
f 1965/1580/1646 1213/1368/1445 1212/1569/1635
f 1551/1563/1629 1219/1562/1628 1543/1573/1639
f 1219/1562/1628 1536/1561/1627 1550/1581/1647
f 1550/1581/1647 1217/1582/1648 1219/1562/1628
f 1858/1572/1638 1219/1562/1628 1217/1582/1648
f 1604/1583/1649 1235/1584/1650 1232/1564/1630
f 1237/1585/1651 2096/1586/1652 1318/1587/1653
f 1616/1588/1654 1617/1589/1655 1233/1590/1656
f 1574/1487/1557 2296/1591/1657 1577/1592/1658
f 1218/1290/1374 1547/1292/1376 1555/1576/1642
f 1578/1593/1659 1575/1594/1660 2295/1595/1661
f 1563/1596/1662 1222/1597/1663 2293/1598/1664
f 1561/1579/1645 1568/1291/1375 1218/1290/1374
f 1564/1599/1665 1216/1298/1382 1521/1297/1381
f 1222/1597/1663 1558/1600/1666 1578/1593/1659
f 1971/1601/1667 1967/1602/1668 1212/1569/1635
f 1287/1603/1669 1285/1604/1670 1897/1605/1671
f 1478/1575/1641 1569/1502/1573 1221/1497/1567
f 1566/1574/1640 1220/1606/1672 1567/1607/1673
f 1200/1495/1565 1847/1492/1562 1570/1488/1558
f 1220/1606/1672 1566/1574/1640 1221/1497/1567
f 1571/1608/1674 1567/1607/1673 1220/1606/1672
f 1200/1495/1565 1569/1502/1573 1468/1496/1566
f 2297/1489/1559 1570/1488/1558 2298/1493/1563
f 1220/1606/1672 1221/1497/1567 1570/1488/1558
f 1574/1487/1557 1571/1608/1674 1220/1606/1672
f 1577/1592/1658 2295/1595/1661 1575/1594/1660
f 1570/1488/1558 1574/1487/1557 1220/1606/1672
f 2296/1591/1657 1574/1487/1557 2297/1489/1559
f 2295/1595/1661 2294/1609/1675 1578/1593/1659
f 2295/1595/1661 1577/1592/1658 2296/1591/1657
f 1222/1597/1663 1578/1593/1659 2294/1609/1675
f 2293/1598/1664 1222/1597/1663 2294/1609/1675
f 1558/1600/1666 1222/1597/1663 1563/1596/1662
f 1583/1610/1676 1223/1558/1624 1580/1557/1623
f 1223/1558/1624 1583/1610/1676 2108/1611/1677
f 2104/1612/1678 1563/1596/1662 2293/1598/1664
f 1586/1559/1625 1223/1558/1624 1585/1613/1679
f 1305/1614/1680 2050/1615/1681 2064/1616/1682
f 2216/1617/1683 1310/1618/1684 2238/1619/1685
f 2078/1620/1686 2074/1621/1687 1313/1622/1688
f 1226/1317/1400 1595/1623/1689 1225/1315/1399
f 1225/1315/1399 1224/1320/1401 2317/1319/255
f 2319/1476/1548 2318/1318/304 1224/1320/1401
f 2316/1316/254 1225/1315/1399 2317/1319/255
f 1225/1315/1399 1595/1623/1689 1596/1324/1405
f 2315/1624/301 2111/1625/1690 2316/1316/254
f 1226/1317/1400 1231/1626/1691 1600/1627/1692
f 1228/1328/1409 1596/1324/1405 1595/1623/1689
f 2566/1628/1693 2319/1476/1548 1596/1324/1405
f 1228/1328/1409 1598/1571/1637 1227/1629/1694
f 1196/1346/1426 2110/1477/1549 1460/1479/1551
f 1229/1329/1410 1228/1328/1409 1227/1629/1694
f 1600/1627/1692 1595/1623/1689 1226/1317/1400
f 1229/1329/1410 1227/1629/1694 1599/1474/1546
f 1596/1324/1405 1229/1329/1410 2566/1628/1693
f 1595/1623/1689 1598/1571/1637 1228/1328/1409
f 1230/1566/1632 1598/1571/1637 1597/1630/1695
f 1597/1630/1695 1606/1631/1696 1232/1564/1630
f 2321/1456/1528 1599/1474/1546 1197/1433/1504
f 1231/1626/1691 1226/1317/1400 2111/1625/1690
f 1233/1590/1656 1234/1632/1697 1616/1588/1654
f 2314/1633/271 1605/1634/1698 2315/1624/301
f 1236/1635/1699 1610/1636/1700 1616/1588/1654
f 1612/1637/1701 1235/1584/1650 1604/1583/1649
f 1603/1638/1702 1600/1627/1692 1231/1626/1691
f 1605/1634/1698 1231/1626/1691 2315/1624/301
f 1603/1638/1702 1231/1626/1691 1605/1634/1698
f 1618/1639/1703 1622/1640/1704 2313/1641/226
f 1618/1639/1703 1236/1635/1699 1322/1642/1705
f 1232/1564/1630 1606/1631/1696 1604/1583/1649
f 1236/1635/1699 1601/1643/1706 1603/1638/1702
f 1234/1632/1697 1607/1644/1707 1601/1643/1706
f 1235/1584/1650 1609/1565/1631 1232/1564/1630
f 1597/1630/1695 1232/1564/1630 1230/1566/1632
f 1271/1645/1708 2258/1646/1709 1553/1647/1710
f 1234/1632/1697 1611/1648/1711 1607/1644/1707
f 1611/1648/1711 1901/1649/1712 1287/1603/1669
f 1601/1643/1706 1236/1635/1699 1616/1588/1654
f 1234/1632/1697 1233/1590/1656 1611/1648/1711
f 1320/1650/1713 1268/1555/1620 2097/1651/1714
f 2312/1544/95 2167/1554/1619 6/1652/96
f 2257/1653/1715 1233/1590/1656 1617/1589/1655
f 1859/1654/1716 1271/1645/1708 1217/1582/1648
f 1608/1655/1717 1609/1565/1631 1235/1584/1650
f 1334/1656/1718 1901/1649/1712 1611/1648/1711
f 1608/1655/1717 1235/1584/1650 1612/1637/1701
f 1279/1657/1719 1876/1658/1720 1281/1659/1721
f 1230/1566/1632 1609/1565/1631 1615/1660/1722
f 1605/1634/1698 1322/1642/1705 1603/1638/1702
f 1605/1634/1698 2314/1633/271 1622/1640/1704
f 1601/1643/1706 1616/1588/1654 1234/1632/1697
f 1617/1589/1655 1610/1636/1700 1319/1661/1723
f 1319/1661/1723 2257/1653/1715 1617/1589/1655
f 2097/1651/1714 1319/1661/1723 1618/1639/1703
f 1553/1647/1710 1858/1572/1638 1271/1645/1708
f 1872/1662/1724 1901/1649/1712 1333/1663/1725
f 2099/1664/1726 2313/1641/226 6/1652/96
f 1610/1636/1700 1236/1635/1699 1618/1639/1703
f 2112/1570/1636 1599/1474/1546 1227/1629/1694
f 2313/1641/226 1622/1640/1704 2314/1633/271
f 1322/1642/1705 1622/1640/1704 1618/1639/1703
f 1305/1614/1680 2063/1665/1727 2050/1615/1681
f 1636/1666/1728 1634/1667/1729 2279/1668/13
f 2281/1388/4 2280/1669/14 1637/1670/1730
f 1627/1671/1731 2283/1406/1480 1625/1389/1465
f 2278/1672/29 1636/1666/1728 2279/1668/13
f 2284/1379/1456 1628/1673/1732 1630/1380/1457
f 2283/1406/1480 1627/1671/1731 2284/1379/1456
f 1634/1667/1729 2280/1669/14 2279/1668/13
f 2285/1378/1455 1630/1380/1457 1653/1674/1733
f 1626/1392/1467 2281/1388/4 1637/1670/1730
f 2278/1672/29 899/1675/32 1641/1676/1734
f 1641/1676/1734 1636/1666/1728 2278/1672/29
f 2240/1677/1735 2124/1678/1736 2275/1679/857
f 2285/1378/1455 1650/1680/1737 2286/1375/1452
f 1650/1680/1737 2285/1378/1455 1653/1674/1733
f 1980/1681/1738 1982/1682/1739 1296/1683/1740
f 1296/1683/1740 1975/1684/1741 1980/1681/1738
f 2118/1685/1742 2277/1686/34 900/1687/373
f 900/1687/373 2119/1688/1743 2118/1685/1742
f 1250/1689/1744 1730/1690/1745 1729/1691/1746
f 1667/1692/1747 1641/1676/1734 899/1675/32
f 2277/1686/34 1667/1692/1747 899/1675/32
f 1689/1385/1462 2827/1384/1461 1687/1469/1541
f 1695/1693/1748 1241/1694/1749 1690/1695/1750
f 2824/1421/118 2825/1696/1751 1670/1422/1493
f 1240/1424/1495 1670/1422/1493 2825/1696/1751
f 1693/1697/1752 2825/1696/1751 2826/1419/1492
f 1721/1698/1753 1239/1466/1538 1720/1699/1754
f 1676/1700/1755 1675/1268/1356 2261/1267/1355
f 1335/1438/1509 1676/1700/1755 2261/1267/1355
f 1843/1271/1359 1679/1359/1438 2324/1358/1437
f 2129/1701/1756 2260/1429/1500 2130/1702/1757
f 2862/1439/1510 1684/1703/1758 1683/1437/1508
f 2128/1704/1759 2862/1439/1510 2863/1705/1760
f 2260/1429/1500 2129/1701/1756 2863/1705/1760
f 1692/1464/1536 1239/1466/1538 1693/1697/1752
f 1241/1694/1749 1689/1385/1462 1690/1695/1750
f 1689/1385/1462 1241/1694/1749 1691/1383/1460
f 1692/1464/1536 1691/1383/1460 1241/1694/1749
f 2825/1696/1751 1693/1697/1752 1240/1424/1495
f 1694/1706/1761 1243/1465/1537 1696/1467/1539
f 1693/1697/1752 1239/1466/1538 1240/1424/1495
f 2826/1419/1492 1691/1383/1460 1693/1697/1752
f 1242/1707/1762 1703/1708/1763 1699/1709/1764
f 1707/1710/1765 1249/1461/1533 1726/1711/1766
f 1239/1466/1538 1243/1465/1537 1697/1712/1767
f 1242/1707/1762 1699/1709/1764 1244/1713/1768
f 1696/1467/1539 1692/1464/1536 1241/1694/1749
f 1697/1712/1767 1243/1465/1537 1694/1706/1761
f 1241/1694/1749 1695/1693/1748 1696/1467/1539
f 1695/1693/1748 1242/1707/1762 1244/1713/1768
f 1694/1706/1761 1244/1713/1768 1699/1709/1764
f 1694/1706/1761 1696/1467/1539 1244/1713/1768
f 1695/1693/1748 1244/1713/1768 1696/1467/1539
f 1242/1707/1762 1706/1714/1769 1703/1708/1763
f 2272/1715/59 2271/1716/57 2140/1717/1770
f 1700/1718/1771 1699/1709/1772 1245/1719/1773
f 1714/1720/1774 1247/1721/1775 1702/1462/1534
f 1706/1714/1769 1242/1707/1762 2139/1722/1776
f 1713/1723/1777 1245/1719/1773 1699/1709/1772
f 1715/1724/1778 1246/1725/1779 1714/1720/1774
f 1245/1719/1773 1704/1726/1780 1716/1727/1781
f 1248/1401/1476 1737/1728/1782 1739/1729/1783
f 1707/1710/1765 1717/1730/1784 1249/1461/1533
f 2269/1731/112 1719/1732/1785 2141/1733/1786
f 1746/1734/1787 1253/1735/1788 1723/1736/1789
f 1704/1726/1780 1245/1719/1773 1713/1723/1777
f 1247/1721/1775 1714/1720/1774 1246/1725/1779
f 1700/1718/1771 1245/1719/1773 1715/1724/1778
f 1716/1727/1781 1715/1724/1778 1245/1719/1773
f 1716/1727/1781 1248/1401/1476 1246/1725/1779
f 1248/1401/1476 1716/1727/1781 1704/1726/1780
f 1715/1724/1778 1716/1727/1781 1246/1725/1779
f 1724/1737/1790 1250/1689/1744 1713/1723/1777
f 1249/1461/1533 1717/1730/1784 1702/1462/1534
f 1702/1462/1534 1247/1721/1775 1251/1463/1535
f 1249/1461/1533 2140/1717/1770 1726/1711/1766
f 1697/1712/1767 1720/1699/1754 1239/1466/1538
f 1719/1732/1785 2269/1731/112 2142/1738/1791
f 1239/1466/1538 1721/1698/1753 1240/1424/1495
f 1240/1424/1495 1721/1698/1753 1722/1423/1494
f 1254/1739/1792 1753/1740/1793 1747/1741/1794
f 1250/1689/1744 1704/1726/1780 1713/1723/1777
f 1730/1690/1745 1250/1689/1744 1724/1737/1790
f 1251/1463/1535 1732/1742/1795 1725/1743/1796
f 2273/1744/127 2272/1715/59 2143/1745/1797
f 2271/1716/57 2270/1746/126 1726/1711/1766
f 2141/1733/1786 1726/1711/1766 2270/1746/126
f 1324/1747/1798 1723/1736/1789 1258/1748/1799
f 1250/1689/1744 1729/1691/1746 1736/1402/1477
f 1778/1749/1800 1258/1748/1799 1723/1736/1789
f 1704/1726/1780 1736/1402/1477 1248/1401/1476
f 1730/1690/1745 1728/1750/1801 1323/1751/1802
f 1732/1742/1795 1251/1463/1535 1247/1721/1775
f 1249/1461/1533 1251/1463/1535 1725/1743/1796
f 1739/1729/1783 1246/1725/1779 1248/1401/1476
f 2274/1752/88 2273/1744/127 2144/1753/1803
f 2146/1754/1804 1247/1721/1775 1739/1729/1783
f 1250/1689/1744 1736/1402/1477 1704/1726/1780
f 1252/1400/1475 1736/1402/1477 1729/1691/1746
f 1729/1691/1746 1730/1690/1745 1323/1751/1802
f 1729/1691/1746 1323/1751/1802 2151/1755/1805
f 1248/1401/1476 1252/1400/1475 1737/1728/1782
f 1778/1749/1800 1723/1736/1789 1253/1735/1788
f 1246/1725/1779 1739/1729/1783 1247/1721/1775
f 1742/1756/1806 1737/1728/1782 1252/1400/1475
f 2151/1755/1805 1742/1756/1806 1252/1400/1475
f 1760/1757/1807 1253/1735/1788 1746/1734/1787
f 2077/1758/1808 1316/1759/1809 2080/1760/1810
f 1760/1757/1807 1749/1761/1811 1253/1735/1788
f 1779/1762/1812 1255/1763/1813 1757/1764/1814
f 2253/1765/1815 1778/1749/1800 1253/1735/1788
f 1767/1766/1816 1332/1767/1817 1765/1768/1818
f 1948/1769/1819 1916/1770/1820 1327/1771/1821
f 1747/1741/1794 1771/1772/1822 1254/1739/1792
f 1753/1740/1793 1254/1739/1792 1311/1773/1823
f 1315/1774/1824 1750/1775/1825 1311/1773/1823
f 1763/1776/1826 1255/1763/1813 1761/1777/1827
f 1763/1776/1826 1757/1764/1814 1255/1763/1813
f 1781/1778/1828 1761/1777/1827 1255/1763/1813
f 1752/1779/1829 1773/1780/1830 1257/1781/1831
f 1255/1763/1813 1779/1762/1812 1782/1782/1832
f 1332/1767/1817 2248/1783/1833 2253/1765/1815
f 1254/1739/1792 1771/1772/1822 1752/1779/1829
f 1256/1784/1834 1258/1748/1799 1778/1749/1800
f 1772/1785/1835 1257/1781/1831 1773/1780/1830
f 2248/1783/1833 2249/1786/1836 1331/1787/1837
f 1868/1788/1838 1275/1789/1839 1864/1790/1840
f 2253/1765/1815 1253/1735/1788 1749/1761/1811
f 2148/1791/1841 1258/1748/1799 1256/1784/1834
f 2149/1792/1842 1258/1748/1799 2148/1791/1841
f 2149/1792/1842 1324/1747/1798 1258/1748/1799
f 1782/1782/1832 1781/1778/1828 1255/1763/1813
f 1839/1793/1843 2162/1794/1844 1259/1795/1845
f 1259/1795/1845 1834/1796/1846 1839/1793/1843
f 1795/1797/1847 1259/1795/1845 1792/1798/1848
f 1272/1799/1849 1860/1800/1850 1862/1801/1851
f 1259/1795/1845 1795/1797/1847 1784/1802/1852
f 1261/1803/1853 1792/1798/1848 2162/1794/1844
f 1873/1804/1854 1866/1805/1855 1274/1806/1856
f 1188/1454/1526 2163/1807/1857 2159/1808/1858
f 1193/1451/1522 1845/1809/1859 1844/1452/1523
f 1818/1435/1506 1260/1434/1505 1826/1810/1860
f 1260/1434/1505 2163/1807/1857 1826/1810/1860
f 1784/1802/1852 1832/1811/1861 1259/1795/1845
f 1259/1795/1845 1832/1811/1861 1834/1796/1846
f 1326/1812/1862 2182/1813/1863 2179/1449/1520
f 1284/1814/1864 1894/1815/1865 1838/1816/1866
f 1261/1803/1853 1907/1817/1867 1792/1798/1848
f 1891/1818/1868 1897/1605/1671 1285/1604/1670
f 1839/1793/1843 1836/1819/1869 1261/1803/1853
f 1273/1820/1870 1333/1663/1725 2258/1646/1709
f 2178/1821/1871 1840/1822/1872 1193/1451/1522
f 1192/1447/1518 1842/1444/1515 2322/1445/1516
f 2323/1334/1415 1843/1271/1359 2324/1358/1437
f 1193/1451/1522 1840/1822/1872 1845/1809/1859
f 2163/1807/1857 1260/1434/1505 2159/1808/1858
f 2322/1445/1516 1846/1457/1529 1192/1447/1518
f 1599/1474/1546 2321/1456/1528 2320/1480/1552
f 1570/1488/1558 1847/1492/1562 2298/1493/1563
f 1467/1300/1384 1847/1492/1562 1200/1495/1565
f 1504/1308/1392 1262/1307/1391 2309/1525/843
f 1210/1311/1395 1262/1307/1391 1505/1309/1393
f 1851/1823/1873 1513/1568/1634 1263/1541/1608
f 1852/1530/1597 1516/1824/1874 1267/1305/1389
f 1502/1540/1607 1851/1823/1873 1263/1541/1608
f 1854/1825/1875 1853/1542/1609 1264/1826/1876
f 1549/1503/1574 1265/1827/1877 1513/1568/1634
f 1854/1825/1875 1264/1826/1876 2165/1828/1878
f 1264/1826/1876 1853/1542/1609 1263/1541/1608
f 1263/1541/1608 1265/1827/1877 1264/1826/1876
f 2165/1828/1878 1264/1826/1876 1265/1827/1877
f 1513/1568/1634 1265/1827/1877 1263/1541/1608
f 1266/1829/1879 1855/1830/1880 2165/1828/1878
f 1266/1829/1879 1265/1827/1877 1549/1503/1574
f 1291/1831/1881 1921/1832/1882 1925/1833/1883
f 1856/1560/1626 1267/1305/1389 1516/1824/1874
f 1503/1303/1387 1267/1305/1389 1209/1546/1612
f 1268/1555/1620 2096/1586/1652 2097/1651/1714
f 1522/1481/1553 1269/1543/1610 2311/1482/200
f 1268/1555/1620 1269/1543/1610 1523/1553/1618
f 1507/1498/1568 1857/1526/1593 1215/1512/1581
f 1512/1527/1594 1270/1504/1575 1513/1568/1634
f 1548/1505/1576 1270/1504/1575 1511/1369/1446
f 1271/1645/1708 1858/1572/1638 1217/1582/1648
f 1217/1582/1648 1860/1800/1850 1859/1654/1716
f 1273/1820/1870 2258/1646/1709 1859/1654/1716
f 1277/1834/1884 1866/1805/1855 1870/1835/1885
f 1217/1582/1648 1550/1581/1647 1860/1800/1850
f 1859/1654/1716 1272/1799/1849 1273/1820/1870
f 1275/1789/1839 1861/1836/1886 1565/1837/1887
f 1272/1799/1849 1859/1654/1716 1860/1800/1850
f 1272/1799/1849 1277/1834/1884 1869/1838/1888
f 1333/1663/1725 1233/1590/1656 1238/1839/1889
f 1275/1789/1839 1274/1806/1856 1861/1836/1886
f 1275/1789/1839 1565/1837/1887 1540/1840/1890
f 1861/1836/1886 1274/1806/1856 1862/1801/1851
f 1540/1840/1890 1864/1790/1840 1275/1789/1839
f 1873/1804/1854 1275/1789/1839 1868/1788/1838
f 1277/1834/1884 1272/1799/1849 1862/1801/1851
f 1890/1841/1891 1261/1803/1853 1836/1819/1869
f 1862/1801/1851 1274/1806/1856 1866/1805/1855
f 1540/1840/1890 1321/1460/1532 1867/1842/1892
f 1870/1835/1885 1278/1843/1893 1865/1844/1894
f 1869/1838/1888 1273/1820/1870 1272/1799/1849
f 1274/1806/1856 1275/1789/1839 1873/1804/1854
f 1870/1835/1885 1866/1805/1855 1276/1845/1895
f 1896/1846/1896 1899/1847/1897 1286/1848/1898
f 1276/1845/1895 1866/1805/1855 1871/1849/1899
f 1866/1805/1855 1277/1834/1884 1862/1801/1851
f 1277/1834/1884 1865/1844/1894 1869/1838/1888
f 1870/1835/1885 1276/1845/1895 2169/1850/1900
f 1277/1834/1884 1870/1835/1885 1865/1844/1894
f 1282/1851/1901 1276/1845/1895 1871/1849/1899
f 1871/1849/1899 1883/1852/1902 1282/1851/1901
f 1280/1853/1903 1281/1659/1721 1876/1658/1720
f 1613/1854/1904 1882/1855/1905 1285/1604/1670
f 1901/1649/1712 1613/1854/1904 1287/1603/1669
f 1273/1820/1870 1869/1838/1888 1872/1662/1724
f 1876/1658/1720 1865/1844/1894 1278/1843/1893
f 1875/1856/1906 1279/1657/1719 2168/1857/1907
f 1280/1853/1903 1876/1658/1720 1278/1843/1893
f 1279/1657/1719 1875/1856/1906 1876/1658/1720
f 1290/1858/1908 1280/1853/1903 1278/1843/1893
f 1887/1859/1909 1281/1659/1721 1877/1860/1910
f 1908/1861/1911 1290/1858/1908 1278/1843/1893
f 1280/1853/1903 1877/1860/1910 1281/1659/1721
f 1282/1851/1901 1884/1862/1912 2169/1850/1900
f 1878/1863/1913 1288/1864/1914 1907/1817/1867
f 1279/1657/1719 1281/1659/1721 1882/1855/1905
f 1282/1851/1901 1883/1852/1902 1879/1865/1915
f 1893/1866/1916 1284/1814/1864 1838/1816/1866
f 1889/1867/1917 1281/1659/1721 1887/1859/1909
f 1281/1659/1721 1889/1867/1917 1882/1855/1905
f 1282/1851/1901 1879/1865/1915 1884/1862/1912
f 1908/1861/1911 1884/1862/1918 1289/1868/1919
f 1905/1869/1920 1288/1864/1914 1900/1870/1921
f 1291/1831/1881 1946/1871/1922 1954/1872/1923
f 1888/1873/1924 1836/1819/1869 1284/1814/1864
f 1290/1858/1908 1890/1841/1891 1877/1860/1910
f 1878/1863/1913 1261/1803/1853 1890/1841/1891
f 2173/1874/1925 2172/1875/1926 1283/1876/1927
f 2171/1877/1928 1891/1818/1929 1283/1876/1927
f 1891/1818/1929 1892/1878/1930 1283/1876/1927
f 1284/1814/1864 1893/1866/1916 1881/1879/1931
f 1888/1873/1924 1284/1814/1864 1881/1879/1931
f 1284/1814/1864 1836/1819/1869 1894/1815/1865
f 1885/1880/1932 1898/1881/1933 1286/1848/1898
f 1882/1855/1905 1891/1818/1868 1285/1604/1670
f 1287/1603/1669 1897/1605/1671 1612/1637/1934
f 1286/1848/1898 1899/1847/1897 1885/1880/1932
f 1903/1882/1935 1286/1848/1898 1898/1881/1933
f 1908/1861/1911 1289/1868/1919 1878/1863/1913
f 1611/1648/1711 1287/1603/1669 1612/1637/1934
f 1285/1604/1670 1287/1603/1669 1613/1854/1904
f 1334/1656/1718 1611/1648/1711 1233/1590/1656
f 1896/1846/1896 1286/1848/1898 1926/1883/1936
f 1288/1864/1914 1905/1869/1920 1797/1884/1937
f 1907/1817/1867 1288/1864/1914 1797/1884/1937
f 1288/1864/1914 1878/1863/1913 1289/1868/1919
f 1878/1863/1913 1907/1817/1867 1261/1803/1853
f 1884/1862/1918 1900/1870/1921 1289/1868/1919
f 1288/1864/1914 1289/1868/1919 1900/1870/1921
f 1908/1861/1911 1878/1863/1913 1290/1858/1908
f 2169/1850/1900 1908/1861/1911 1278/1843/1893
f 1890/1841/1891 1290/1858/1908 1878/1863/1913
f 1877/1860/1910 1280/1853/1903 1290/1858/1908
f 1944/1885/1938 1948/1769/1819 1327/1771/1821
f 1327/1771/1821 1918/1886/1939 1913/1887/1940
f 1327/1771/1821 1913/1887/1940 1911/1888/1941
f 1927/1889/1942 1926/1883/1936 1286/1848/1898
f 1929/1890/1943 1292/1891/1944 1914/1892/1945
f 1293/1893/1946 1925/1833/1883 1923/1894/1947
f 1293/1893/1946 1923/1894/1947 1917/1895/1948
f 1291/1831/1881 1925/1833/1883 1924/1896/1949
f 1286/1848/1898 1903/1882/1935 1927/1889/1942
f 1930/1897/1950 1914/1892/1945 1292/1891/1944
f 1931/1898/1951 1942/1899/1952 1293/1893/1946
f 1953/1900/1953 1291/1831/1881 1960/1901/1954
f 2249/1786/1836 2215/1902/1955 1331/1787/1837
f 1941/1903/1956 2187/1904/1957 1266/1829/1879
f 1938/1905/1958 1931/1898/1951 1292/1891/1944
f 1938/1905/1958 1292/1891/1944 1929/1890/1943
f 1930/1897/1950 1292/1891/1944 1931/1898/1951
f 2166/1906/1959 1950/1907/1960 1266/1829/1879
f 1942/1899/1952 1924/1896/1949 1293/1893/1946
f 1924/1896/1949 1946/1871/1922 1291/1831/1881
f 1925/1833/1883 1293/1893/1946 1924/1896/1949
f 1931/1898/1951 1293/1893/1946 1917/1895/1948
f 1294/1908/1961 1957/1909/1962 1958/1910/1963
f 1951/1911/1964 1957/1909/1962 1295/1912/1965
f 1291/1831/1881 1953/1900/1953 1921/1832/1882
f 1266/1829/1879 1950/1907/1960 1941/1903/1956
f 1968/1913/1966 1295/1912/1965 1966/1914/1967
f 1960/1901/1954 1291/1831/1881 1961/1915/1968
f 1295/1912/1965 1957/1909/1962 1294/1908/1961
f 1212/1569/1635 1294/1908/1961 1958/1910/1963
f 1966/1914/1967 1295/1912/1965 1294/1908/1961
f 1951/1911/1964 1295/1912/1965 1959/1916/1969
f 1969/1917/1970 1959/1916/1969 1295/1912/1965
f 1961/1915/1968 1291/1831/1881 1954/1872/1923
f 1213/1368/1445 1965/1580/1646 1548/1505/1576
f 1212/1569/1635 1958/1910/1963 1965/1580/1646
f 1966/1914/1967 1294/1908/1961 1967/1602/1668
f 1294/1908/1961 1212/1569/1635 1967/1602/1668
f 1212/1569/1635 1216/1298/1382 1971/1601/1667
f 1968/1913/1966 1297/1918/1971 1969/1917/1970
f 1968/1913/1966 1969/1917/1970 1295/1912/1965
f 1216/1298/1382 1564/1599/1665 1971/1601/1667
f 1297/1918/1971 1974/1919/1972 1952/1920/1973
f 1296/1683/1740 2010/1921/1974 1975/1684/1741
f 1982/1682/1739 1981/1922/1975 1296/1683/1740
f 2014/1923/1976 1991/1534/1601 1300/1533/1600
f 1969/1917/1970 1297/1918/1971 1952/1920/1973
f 1968/1913/1966 1974/1919/1972 1297/1918/1971
f 1996/1924/1977 1296/1683/1740 1989/1925/1978
f 1296/1683/1740 1981/1922/1975 1989/1925/1978
f 1306/1926/1979 2069/1927/1980 2218/1928/1981
f 2005/1929/1982 1301/1930/1983 2062/1931/1984
f 1302/1932/1985 2026/1933/1986 2000/1934/1987
f 1301/1930/1983 1994/1935/1988 1991/1534/1601
f 2003/1936/1989 1302/1932/1985 2028/1937/1990
f 2246/1938/1991 1331/1787/1837 2215/1902/1955
f 1993/1939/1992 2028/1937/1990 1302/1932/1985
f 2004/1535/1602 2012/1940/1993 1300/1533/1600
f 2008/1941/1994 1299/1942/1995 2006/1943/1996
f 2006/1943/1996 1299/1942/1995 2190/1944/1997
f 1301/1930/1983 1304/1537/1604 1994/1935/1988
f 2007/1945/1998 1330/1946/1999 2008/1941/1994
f 2073/1947/2000 2058/1948/2001 1307/1949/2002
f 1299/1942/1995 2058/1948/2001 2190/1944/1997
f 1296/1683/1740 1996/1924/1977 2010/1921/1974
f 1300/1533/1600 2012/1940/1993 2235/1950/2003
f 1300/1533/1600 2013/1951/2004 2014/1923/1976
f 2222/1952/2005 1343/1953/2006 2288/1954/2007
f 1304/1537/1604 2005/1929/1982 2009/1538/1605
f 2016/1955/2008 2015/1956/2009 1298/1957/2010
f 2033/1958/2011 1303/1959/2012 2021/1960/2013
f 2002/1961/2014 1302/1932/1985 2000/1934/1987
f 2021/1960/2013 1303/1959/2012 2068/1962/2015
f 1993/1939/1992 1302/1932/1985 2002/1961/2014
f 2003/1936/1989 2026/1933/1986 1302/1932/1985
f 2071/1963/2016 1254/1739/1792 2070/1964/2017
f 1257/1781/1831 2057/1965/2018 2218/1928/1981
f 1298/1957/2010 2034/1966/2019 2016/1955/2008
f 2190/1944/1997 2058/1948/2001 1298/1957/2010
f 2037/1399/1474 1303/1959/2012 2033/1958/2011
f 2058/1948/2001 1299/1942/1995 1330/1946/1999
f 2071/1963/2016 1312/1967/2020 2079/1968/2021
f 1303/1959/2012 2037/1399/1474 2035/1398/1473
f 2037/1399/1474 2038/1969/2022 1328/1397/1472
f 2042/1970/2023 1328/1397/1472 2040/1971/2024
f 2058/1948/2001 2034/1966/2019 1298/1957/2010
f 1750/1775/1825 1315/1774/1824 2080/1760/1810
f 2193/1972/2025 2236/1973/2026 1308/1974/2027
f 2061/1975/2028 1313/1622/1688 2059/1976/2029
f 1994/1935/1988 1304/1537/1604 1987/1539/1606
f 2005/1929/1982 1304/1537/1604 1301/1930/1983
f 2062/1931/1984 1309/1977/2030 1314/1978/2031
f 1657/1979/2032 2063/1665/1727 1305/1614/1680
f 1307/1949/2002 2072/1980/2033 1308/1974/2027
f 2070/1964/2017 1254/1739/1792 1752/1779/1829
f 2030/1981/2034 2067/1982/2035 1306/1926/1979
f 2058/1948/2001 1330/1946/1999 2072/1980/2033
f 2058/1948/2001 2072/1980/2033 1307/1949/2002
f 2047/1983/2036 2204/1984/2037 1329/1985/2038
f 1991/1534/1601 2062/1931/1984 1301/1930/1983
f 2062/1931/1984 2048/1986/2039 1309/1977/2030
f 1314/1978/2031 2050/1615/1681 2005/1929/1982
f 2117/1987/2040 1305/1614/1680 1623/1988/2041
f 2064/1616/1682 1309/1977/2030 2075/1989/2042
f 1623/1988/2041 1305/1614/1680 2216/1617/1683
f 1306/1926/1979 2067/1982/2035 2056/1990/2043
f 1312/1967/2020 1303/1959/2012 2079/1968/2021
f 2069/1927/1980 1306/1926/1979 2056/1990/2043
f 2030/1981/2034 1306/1926/1979 2057/1965/2018
f 2218/1928/1981 1752/1779/1829 1257/1781/1831
f 1312/1967/2020 2056/1990/2043 2068/1962/2015
f 2071/1963/2016 1315/1774/1824 1311/1773/1823
f 1312/1967/2020 2071/1963/2016 2070/1964/2017
f 2219/1991/2044 2072/1980/2033 1330/1946/1999
f 2041/1992/2045 2073/1947/2000 1307/1949/2002
f 2041/1992/2045 1307/1949/2002 1308/1974/2027
f 1313/1622/1688 2074/1621/1687 2014/1923/2046
f 2075/1989/2042 1309/1977/2030 2048/1986/2039
f 1314/1978/2031 2064/1616/1682 2050/1615/1681
f 2061/1975/2028 1329/1985/2038 2206/1993/2047
f 2288/1954/2007 2287/1994/2048 2223/1995/2049
f 2223/1995/2049 2113/1996/2050 1310/1618/1684
f 1753/1740/1793 1311/1773/1823 1750/1775/1825
f 1254/1739/1792 2071/1963/2016 1311/1773/1823
f 2056/1990/2043 1312/1967/2020 2070/1964/2017
f 1303/1959/2012 1312/1967/2020 2068/1962/2015
f 1317/1997/2051 2035/1398/1473 1328/1397/1472
f 2059/1976/2029 1313/1622/1688 2014/1923/2046
f 2078/1620/1686 1313/1622/1688 2061/1975/2028
f 2062/1931/1984 1314/1978/2031 2005/1929/1982
f 2064/1616/1682 1314/1978/2031 1309/1977/2030
f 2035/1398/1473 2079/1968/2021 1303/1959/2012
f 1315/1774/1824 2079/1968/2021 2077/1758/1808
f 2079/1968/2021 1315/1774/1824 2071/1963/2016
f 2080/1760/1810 1315/1774/1824 2077/1758/1808
f 1316/1759/1809 1317/1997/2051 2081/1998/2052
f 2083/1999/2053 2080/1760/1810 1316/1759/1809
f 1317/1997/2051 1316/1759/1809 2077/1758/1808
f 2085/2000/2054 1317/1997/2051 2077/1758/1808
f 2081/1998/2052 2083/1999/2053 1316/1759/1809
f 2035/1398/1473 1317/1997/2051 2085/2000/2054
f 1318/1587/1653 2095/2001/2055 1553/1647/1710
f 2095/2001/2055 1318/1587/1653 2096/1586/1652
f 1553/1647/1710 1238/1839/1889 1318/1587/1653
f 2257/1653/1715 1318/1587/1653 1238/1839/1889
f 2097/1651/1714 2096/1586/1652 1237/1585/1651
f 2098/2002/2056 1268/1555/1620 1523/1553/1618
f 1319/1661/1723 2097/1651/1714 1237/1585/1651
f 1320/1650/1713 2097/1651/1714 1618/1639/1703
f 1268/1555/1620 2098/2002/2056 2096/1586/1652
f 1319/1661/1723 1237/1585/1651 2257/1653/1715
f 1618/1639/1703 1319/1661/1723 1610/1636/1700
f 2099/1664/1726 1618/1639/1703 2313/1641/226
f 2167/1554/1619 1320/1650/1713 6/1652/96
f 6/1652/96 1320/1650/1713 2099/1664/1726
f 1618/1639/1703 2099/1664/1726 1320/1650/1713
f 1867/1842/1892 1321/1460/1532 1538/1459/1531
f 1540/1840/1890 2100/1567/1633 1321/1460/1532
f 2293/1598/1664 2292/2003/2057 2104/1612/1678
f 2105/2004/2058 2104/1612/1678 2292/2003/2057
f 2292/2003/2057 2291/2005/2059 2105/2004/2058
f 2291/2005/2059 2210/2006/2060 2211/2007/2061
f 1223/1558/1624 2108/1611/1677 1585/1613/1679
f 2320/1480/1552 2566/1628/1693 2109/1475/1547
f 1229/1329/1410 2109/1475/1547 2566/1628/1693
f 1197/1433/1504 1599/1474/1546 2110/1477/1549
f 2316/1316/254 2111/1625/1690 1226/1317/1400
f 2315/1624/301 1231/1626/1691 2111/1625/1690
f 1603/1638/1702 1322/1642/1705 1236/1635/1699
f 1622/1640/1704 1322/1642/1705 1605/1634/1698
f 1598/1571/1637 2112/1570/1636 1227/1629/1694
f 1615/1660/1722 2112/1570/1636 1230/1566/1632
f 1628/1673/1732 2284/1379/1456 1627/1671/1731
f 1650/1680/1737 2114/1376/1453 2286/1375/1452
f 1305/1614/1680 2117/1987/2040 1657/1979/2032
f 2119/1688/1743 900/1687/373 2276/2008/1126
f 2228/2009/2062 2275/1679/857 2124/1678/1736
f 2119/1688/1743 2276/2008/1126 2228/2009/2062
f 2847/1293/2063 2126/1342/1422 2864/1344/1424
f 2862/1439/1510 2128/1704/1759 1684/1703/1758
f 2130/1702/1757 2260/1429/1500 1681/1343/1423
f 1695/1693/1748 2139/1722/1776 1242/1707/1762
f 1726/1711/1766 2140/1717/1770 2271/1716/57
f 1725/1743/1796 2140/1717/1770 1249/1461/1533
f 2269/1731/112 2141/1733/1786 2270/1746/126
f 1338/1420/87 2142/1738/1791 2269/1731/112
f 2140/1717/1770 2143/1745/1797 2272/1715/59
f 2146/1754/1804 1732/1742/1795 1247/1721/1775
f 2247/2010/2064 2148/1791/1841 1256/1784/1834
f 1772/1785/1835 2148/1791/1841 1257/1781/1831
f 1324/1747/1798 2149/1792/1842 1728/1750/1801
f 2151/1755/1805 1323/1751/1802 2150/2011/2065
f 1728/1750/1801 2150/2011/2065 1323/1751/1802
f 1252/1400/1475 1729/1691/1746 2151/1755/1805
f 1728/1750/1801 1731/2012/2066 1324/1747/1798
f 1723/1736/1789 1324/1747/1798 1731/2012/2066
f 1188/1454/1526 2159/1808/1858 1420/1455/1527
f 1808/1436/1507 2159/1808/1858 1260/1434/1505
f 1259/1795/1845 2162/1794/1844 1792/1798/1848
f 1839/1793/1843 1261/1803/1853 2162/1794/1844
f 1844/1452/1525 2163/1807/1857 1188/1454/1526
f 1265/1827/1877 1266/1829/1879 2165/1828/1878
f 1266/1829/1879 1549/1503/1574 2166/1906/1959
f 1269/1543/1610 2167/1554/1619 2312/1544/95
f 1320/1650/1713 2167/1554/1619 1268/1555/1620
f 1882/1855/1905 2168/1857/1907 1279/1657/1719
f 1870/1835/1885 2169/1850/1900 1278/1843/1893
f 1282/1851/1901 2169/1850/1900 1276/1845/1895
f 2172/1875/1926 2171/1877/1928 1283/1876/1927
f 2176/2013/2067 2173/1874/1925 1283/1876/1927
f 1325/2014/2068 1838/1816/1866 1835/2015/2069
f 2173/1874/1925 1838/1816/1866 1325/2014/2068
f 1326/1812/1862 2181/2016/2070 2175/2017/2071
f 1892/1878/1930 2176/2013/2067 1283/1876/1927
f 2177/2018/2072 1325/2014/2068 1835/2015/2069
f 2173/1874/1925 1325/2014/2068 2182/1813/1863
f 1438/1470/1542 2178/1821/1871 1193/1451/1522
f 1326/1812/1862 2179/1449/1520 1195/1327/1408
f 2181/2016/2070 1326/1812/1862 1195/1327/1408
f 2182/1813/1863 1326/1812/1862 2175/2017/2071
f 2183/1347/1427 1195/1327/1408 1459/1345/1425
f 2182/1813/1863 1325/2014/2068 2177/2018/2072
f 1195/1327/1408 2183/1347/1427 2181/2016/2070
f 1266/1829/1879 2187/1904/1957 1855/1830/1880
f 1918/1886/1939 1327/1771/1821 1916/1770/1820
f 1944/1885/1938 1327/1771/1821 1911/1888/1941
f 2015/1956/2009 2190/1944/1997 1298/1957/2010
f 2040/1971/2024 1328/1397/1472 2038/1969/2022
f 1317/1997/2051 1328/1397/1472 2042/1970/2023
f 2193/1972/2025 1308/1974/2027 2194/2019/2073
f 2221/2020/2074 2194/2019/2073 1308/1974/2027
f 2203/2021/2075 1317/1997/2051 2042/1970/2023
f 2203/2021/2075 2081/1998/2052 1317/1997/2051
f 1329/1985/2038 2204/1984/2037 2289/2022/2076
f 1344/2023/2077 1329/1985/2038 2289/2022/2076
f 2047/1983/2036 1329/1985/2038 2061/1975/2028
f 1329/1985/2038 1344/2023/2077 2206/1993/2047
f 2290/2024/2078 2210/2006/2060 2291/2005/2059
f 2291/2005/2059 2211/2007/2061 2105/2004/2058
f 2057/1965/2018 1257/1781/1831 1331/1787/1837
f 1305/1614/1680 2064/1616/1682 2216/1617/1683
f 1310/1618/1684 2216/1617/1683 2064/1616/1682
f 1306/1926/1979 2218/1928/1981 2057/1965/2018
f 2008/1941/1994 1330/1946/1999 1299/1942/1995
f 2219/1991/2044 1330/1946/1999 2007/1945/1998
f 2221/2020/2074 1308/1974/2027 2072/1980/2033
f 2223/1995/2049 2222/1952/2005 2288/1954/2007
f 2113/1996/2050 2223/1995/2049 2287/1994/2048
f 2223/1995/2049 1310/1618/1684 2239/2025/2079
f 2245/2026/2080 1339/2027/89 2274/1752/88
f 1342/1377/2081 2113/1996/2050 2287/1994/2048
f 2275/1679/857 2228/2009/2062 2276/2008/1126
f 1300/1533/1600 2235/1950/2003 2013/1951/2004
f 1308/1974/2027 2236/1973/2026 2041/1992/2045
f 1257/1781/1831 2247/2010/2064 1331/1787/1837
f 1331/1787/1837 2247/2010/2064 2248/1783/1833
f 1310/1618/1684 2113/1996/2050 2238/1619/1685
f 2064/1616/1682 2239/2025/2079 1310/1618/1684
f 1341/2028/858 2240/1677/1735 2275/1679/857
f 2144/1753/1803 2245/2026/2080 2274/1752/88
f 2057/1965/2018 1331/1787/1837 2246/1938/1991
f 2148/1791/1841 2247/2010/2064 1257/1781/1831
f 2248/1783/1833 2247/2010/2064 1256/1784/1834
f 1256/1784/1834 1778/1749/1800 2253/1765/1815
f 1332/1767/1817 2250/2029/2082 2248/1783/1833
f 1332/1767/1817 2253/1765/1815 1749/1761/1811
f 1256/1784/1834 2253/1765/1815 2248/1783/1833
f 1765/1768/1818 1332/1767/1817 1749/1761/1811
f 1332/1767/1817 1767/1766/1816 2250/2029/2082
f 1459/1345/1425 2256/1326/1407 1191/1426/1497
f 1318/1587/1653 2257/1653/1715 1237/1585/1651
f 1233/1590/1656 2257/1653/1715 1238/1839/1889
f 1553/1647/1710 2258/1646/1709 1238/1839/1889
f 1859/1654/1716 2258/1646/1709 1271/1645/1708
f 2258/1646/1709 1333/1663/1725 1238/1839/1889
f 1872/1662/1724 1333/1663/1725 1273/1820/1870
f 1233/1590/1656 1333/1663/1725 1334/1656/1718
f 1901/1649/1712 1334/1656/1718 1333/1663/1725
f 1395/2030/2083 1385/1313/2084 1384/1417/2085
f 1683/1437/2086 1335/1438/2087 1411/2031/2088
f 1367/2032/2089 1677/2033/2090 1676/1700/2091
f 1485/2034/2092 1473/1499/2093 1484/1264/2094
f 1365/1333/2095 1366/2035/2096 1363/2036/2097
f 1490/1517/2098 1486/1265/2099 1850/1272/2100
f 1678/2037/2101 1411/2031/2088 1335/1438/2087
f 1462/1485/2102 1463/1486/2103 1464/1258/2104
f 1474/1500/2105 1473/1499/2093 1476/2038/2106
f 1414/2039/2107 1416/2040/2108 1443/2041/2109
f 1478/1575/2110 1545/2042/2111 1566/1574/2112
f 1475/2043/2113 1483/2044/2114 1488/1532/2115
f 1392/1261/2116 1387/2045/2117 1390/2046/2118
f 1700/1718/2119 1697/1712/2120 1705/2047/2121
f 1499/2048/2122 1491/1522/2123 1498/1506/2124
f 1380/2049/2125 1375/1415/2126 1383/2050/2127
f 1352/1284/2128 1353/1339/2129 1355/1286/2130
f 1346/1335/2131 1671/2051/2132 2564/1357/2133
f 1697/1712/2120 1700/1718/2119 1694/1706/2134
f 1556/2052/2135 1557/1577/2136 1579/2053/2137
f 1395/2030/2083 1384/1417/2085 1362/2054/2138
f 1469/1490/2139 1468/1496/2140 1467/1300/2141
f 1395/2030/2083 1387/2045/2117 1385/1313/2084
f 1378/1382/2142 1394/1364/2143 1403/1408/2144
f 1389/2055/2145 1393/2056/2146 1392/1261/2116
f 1363/2036/2097 1358/2057/2147 1359/1362/2148
f 1600/1627/2149 1602/2058/2150 1603/1638/2151
f 1354/1285/2152 1356/1332/2153 1368/2059/2154
f 1410/2060/2155 1372/1340/2156 1408/1411/2157
f 1686/2061/2158 2128/1704/2159 1684/1703/2160
f 1433/1446/2161 1432/1442/2162 1431/2062/2163
f 1346/1335/2131 1672/2063/2164 1671/2051/2132
f 1396/1262/2165 1387/2045/2117 1392/1261/2116
f 1382/1396/2166 1354/1285/2152 1380/2049/2125
f 1366/2035/2096 1364/1391/2167 1367/2032/2089
f 1376/1354/2168 1356/1332/2153 2329/1330/2169
f 1364/1391/2167 1366/2035/2096 1369/1386/2170
f 1388/1373/2171 1387/2045/2117 1386/1348/2172
f 1362/2054/2138 1368/2059/2154 1376/1354/2168
f 1395/2030/2083 1362/2054/2138 1377/1353/2173
f 1391/2064/2174 1397/1374/2175 1399/1295/2176
f 1368/2059/2154 1380/2049/2125 1354/1285/2152
f 1353/1339/2129 1356/1332/2153 1355/1286/2130
f 1363/2036/2097 1361/1323/2177 1365/1333/2095
f 1371/1253/2178 1374/1254/2179 1373/1288/2180
f 1356/1332/2153 1376/1354/2168 1368/2059/2154
f 1431/2062/2163 1417/1404/2181 1405/2065/2182
f 1375/1415/2126 1380/2049/2125 1379/2066/2183
f 1400/2067/2184 1399/1295/2176 1401/2068/2185
f 1383/2050/2127 1382/1396/2166 1380/2049/2125
f 1849/2069/2186 1478/1575/2110 1479/2070/2187
f 1680/2071/2188 2564/1357/2133 1671/2051/2132
f 1554/2072/2189 2096/1586/2190 2095/2001/2191
f 1390/2046/2118 1397/1374/2175 1391/2064/2174
f 1405/2065/2182 1441/1443/2192 1433/1446/2161
f 1389/2055/2145 1390/2046/2118 1391/2064/2174
f 1387/2045/2117 1396/1262/2165 1385/1313/2084
f 1733/2073/2193 2143/1745/2194 2144/1753/2195
f 2066/2074/2196 1665/2075/2197 2217/2076/2198
f 1435/2077/2199 1423/1372/2200 1437/1299/2201
f 1442/2078/2202 1452/2079/2203 1450/2080/2204
f 1351/1276/2205 1672/2063/2164 1349/1336/2206
f 1626/1392/2207 1625/1389/2208 1627/1671/2209
f 1646/2081/2210 1653/1674/2211 1650/1680/2212
f 1387/2045/2117 1388/1373/2171 1390/2046/2118
f 1593/2082/2213 1588/2083/2214 1592/2084/2215
f 1635/2085/2216 1631/2086/2217 1624/2087/2218
f 1631/2086/2217 1628/1673/2219 1624/2087/2218
f 1638/2088/2220 1629/2089/2221 1631/2086/2217
f 1628/1673/2219 1631/2086/2217 1632/2090/2222
f 1387/2045/2117 1377/1353/2173 1386/1348/2172
f 1384/1417/2085 1379/2066/2183 1362/2054/2138
f 1362/2054/2138 1379/2066/2183 1368/2059/2154
f 1919/2091/2223 1922/2092/2224 1923/1894/2225
f 1914/1892/2226 1912/2093/2227 1930/1897/2228
f 2268/1468/2229 1416/2040/2108 1841/2094/2230
f 1367/2032/2089 1673/1413/2231 1358/2057/2147
f 1415/2095/2232 1413/1431/2233 2828/1430/2234
f 1674/2096/2235 1361/1323/2177 1363/2036/2097
f 1369/1386/2170 1366/2035/2096 1365/1333/2095
f 1401/2068/2185 1399/1295/2176 2847/1293/2236
f 1371/1253/2178 1373/1288/2180 1370/1289/2237
f 1376/1354/2168 1377/1353/2173 1362/2054/2138
f 1381/1405/2238 1384/1417/2085 1385/1313/2084
f 2266/1360/2239 1674/2096/2235 1359/1362/2148
f 1358/2057/2147 1363/2036/2097 1366/2035/2096
f 1379/2066/2183 1380/2049/2125 1368/2059/2154
f 1688/2097/2240 2134/2098/2241 2133/2099/2242
f 1720/1699/2243 1718/2100/2244 1697/1712/2120
f 1722/1423/2245 1670/1422/2246 1338/1420/2247
f 1359/1362/2148 1673/1413/2231 1357/1414/2248
f 1354/1285/2152 1355/1286/2130 1356/1332/2153
f 1367/2032/2089 1676/1700/2091 1675/1268/2249
f 1358/2057/2147 1366/2035/2096 1367/2032/2089
f 2135/2101/2250 2134/2098/2241 1455/2102/2251
f 1382/1396/2166 1680/2071/2188 1350/1277/2252
f 1402/2103/2253 2126/1342/2254 1681/1343/2255
f 1336/1425/2256 1337/1352/2257 1360/1322/2258
f 1407/2104/2259 1389/2055/2145 1406/2105/2260
f 1416/2040/2108 2268/1468/2229 1687/1469/2261
f 1389/2055/2145 1392/1261/2116 1390/2046/2118
f 1377/1353/2173 1387/2045/2117 1395/2030/2083
f 1508/1523/2262 1502/1540/2263 1851/1823/2264
f 1400/2067/2184 1406/2105/2260 1391/2064/2174
f 1384/1417/2085 1375/1415/2126 1379/2066/2183
f 1431/2062/2163 1430/1440/2265 1417/1404/2181
f 1397/1374/2175 1390/2046/2118 1388/1373/2171
f 1419/2106/2266 1420/1455/2267 1407/2104/2259
f 1408/1411/2157 1412/1381/2268 1410/2060/2155
f 1399/1295/2176 1400/2067/2184 1391/2064/2174
f 1391/2064/2174 1406/2105/2260 1389/2055/2145
f 1400/2067/2184 1401/2068/2185 1402/2103/2253
f 1400/2067/2184 1402/2103/2253 1398/2107/2269
f 1401/2068/2185 2847/1293/2236 2126/1342/2254
f 1841/2094/2230 1415/2095/2232 2828/1430/2234
f 1370/1289/2270 1408/1411/2157 1372/1340/2156
f 1378/1382/2142 1426/2108/2271 1412/1381/2268
f 1404/1407/2272 1403/1408/2144 1394/1364/2143
f 1389/2055/2145 1407/2104/2259 1393/2056/2146
f 1406/2105/2260 1400/2067/2184 1419/2106/2266
f 1420/1455/2267 1446/1453/2273 1407/2104/2259
f 1419/2106/2266 1400/2067/2184 1398/2107/2269
f 1410/2060/2155 1411/2031/2088 1372/1340/2156
f 1824/2109/2274 1427/2110/2275 1819/2111/2276
f 1676/1700/2091 1677/2033/2090 1678/2037/2101
f 1409/2112/2277 1410/2060/2155 1412/1381/2268
f 1411/2031/2088 1410/2060/2155 2127/2113/2278
f 1426/2108/2271 1429/2114/2279 1428/2115/2280
f 1378/1382/2142 1403/1408/2144 1421/2116/2281
f 1413/1431/2233 1415/2095/2232 1425/2117/2282
f 1421/2116/2281 1425/2117/2282 1414/2039/2107
f 1421/2116/2281 1436/2118/2283 1429/2114/2279
f 1413/1431/2233 1425/2117/2282 1403/1408/2144
f 1414/2039/2107 1415/2095/2232 1416/2040/2108
f 1421/2116/2281 1429/2114/2279 1426/2108/2271
f 1452/2079/2203 1442/2078/2202 1454/2119/2284
f 1417/1404/2181 1430/1440/2265 1381/1405/2238
f 1417/1404/2181 1424/1371/2285 1405/2065/2182
f 1440/1427/2286 1424/1371/2285 1418/2120/2287
f 1446/1453/2273 1445/2121/2288 1393/2056/2146
f 1437/1299/2201 1445/2121/2288 1435/2077/2199
f 1407/2104/2259 1406/2105/2260 1419/2106/2266
f 1446/1453/2273 1393/2056/2146 1407/2104/2259
f 1787/2122/2289 1785/2123/2290 1776/2124/2291
f 1419/2106/2266 1398/2107/2269 1420/1455/2267
f 1421/2116/2281 1426/2108/2271 1378/1382/2142
f 1412/1381/2268 1426/2108/2271 1428/2115/2280
f 1418/2120/2287 1423/1372/2200 1435/2077/2199
f 1424/1371/2285 1423/1372/2200 1418/2120/2287
f 1425/2117/2282 1415/2095/2232 1414/2039/2107
f 1421/2116/2281 1403/1408/2144 1425/2117/2282
f 1828/2125/2292 1412/1381/2268 1428/2115/2280
f 1685/2126/2293 1683/1437/2086 1411/2031/2088
f 1793/2127/2294 1808/1436/2295 1806/2128/2296
f 1421/2116/2281 1414/2039/2107 1436/2118/2283
f 1412/1381/2268 1828/2125/2292 1409/2112/2277
f 1427/2110/2275 1428/2115/2280 1429/2114/2279
f 1442/2078/2202 1450/2080/2204 1448/2129/2297
f 1718/2100/2244 1719/1732/2298 1707/1710/2299
f 1422/1314/2300 1430/1440/2265 1431/2062/2163
f 1432/1442/2162 1422/1314/2300 1431/2062/2163
f 1405/2065/2182 1433/1446/2161 1431/2062/2163
f 1383/2050/2127 1375/1415/2126 1434/1270/2301
f 1383/2050/2127 1843/1271/2302 1679/1359/2303
f 1435/2077/2199 1444/2130/2304 1418/2120/2287
f 1445/2121/2288 1437/1299/2201 1393/2056/2146
f 1436/2118/2283 1448/2129/2297 1429/2114/2279
f 1436/2118/2283 1414/2039/2107 1443/2041/2109
f 1437/1299/2201 1392/1261/2116 1393/2056/2146
f 1831/2131/2305 1838/1816/2306 1837/2132/2307
f 1444/2130/2304 1445/2121/2288 1457/1450/2308
f 1424/1371/2285 1447/1428/2309 1405/2065/2182
f 1444/2130/2304 1456/2133/2310 1418/2120/2287
f 1819/2111/2276 1427/2110/2275 1823/2134/2311
f 1443/2041/2109 1448/2129/2297 1436/2118/2283
f 1442/2078/2202 1455/2102/2251 1454/2119/2284
f 1418/2120/2287 1456/2133/2310 1440/1427/2286
f 1444/2130/2304 1457/1450/2308 1438/1470/2312
f 1445/2121/2288 1444/2130/2304 1435/2077/2199
f 1445/2121/2288 1446/1453/2273 1439/2135/2313
f 1446/1453/2273 1844/1452/2314 1439/2135/2313
f 1447/1428/2309 1424/1371/2285 1440/1427/2286
f 1441/1443/2192 1405/2065/2182 1447/1428/2309
f 1450/2080/2204 2161/2136/2315 1448/2129/2297
f 1442/2078/2202 1448/2129/2297 2135/2101/2250
f 1807/2137/2316 1811/2138/2317 1801/2139/2318
f 1791/2140/2319 1817/2141/2320 2156/2142/2321
f 1448/2129/2297 2161/2136/2315 1429/2114/2279
f 1452/2079/2203 2153/2143/2322 1450/2080/2204
f 1450/2080/2204 2153/2143/2322 1449/2144/2323
f 1775/2145/2324 1451/2146/2325 1454/2119/2284
f 1748/2147/2326 1735/2148/2327 1759/2149/2328
f 1454/2119/2284 1451/2146/2325 1452/2079/2203
f 1453/2150/2329 1454/2119/2284 1455/2102/2251
f 1456/2133/2310 1444/2130/2304 2180/1325/2330
f 1457/1450/2308 1445/2121/2288 1439/2135/2313
f 2171/1877/2331 1614/2151/2332 2172/1875/2333
f 2098/2002/2334 1554/2072/2189 2094/2152/2335
f 1508/1523/2262 1514/1473/2336 1509/1471/2337
f 1597/1630/2338 1600/1627/2149 1598/1571/2339
f 1599/1474/2340 1619/2153/2341 2112/1570/2342
f 1464/1258/2104 1465/1306/2343 1462/1485/2102
f 1466/1302/2344 1467/1300/2141 1847/1492/2345
f 1479/2070/2187 1477/2154/2346 1475/2043/2113
f 1466/1302/2344 1847/1492/2345 1348/1491/2347
f 1472/1501/2348 1465/1306/2349 1470/1256/2350
f 1471/1259/2351 1473/1499/2093 1472/1501/2348
f 1469/1490/2139 1474/1500/2105 1468/1496/2140
f 1472/1501/2348 1470/1256/2350 1471/1259/2351
f 1477/2154/2346 1474/1500/2105 1476/2038/2106
f 1482/1516/2352 1485/2034/2092 1484/1264/2094
f 1477/2154/2346 1468/1496/2140 1474/1500/2105
f 1559/1578/2353 1561/1579/2354 1562/2155/2355
f 1475/2043/2113 1476/2038/2106 1483/2044/2114
f 1473/1499/2093 1471/1259/2351 1484/1264/2094
f 1569/1502/2356 1468/1496/2140 1479/2070/2187
f 1477/2154/2346 1476/2038/2106 1475/2043/2113
f 1545/2042/2111 1567/1607/2357 1566/1574/2112
f 1557/1577/2136 1559/1578/2353 1579/2053/2137
f 1479/2070/2187 1468/1496/2140 1477/2154/2346
f 1849/2069/2186 1479/2070/2187 1848/2156/2358
f 1564/1599/2359 2101/2157/2360 1568/1291/2361
f 1506/2158/2362 1488/1532/2115 1483/2044/2114
f 1487/1515/2363 1485/2034/2092 1482/1516/2352
f 1475/2043/2113 1488/1532/2115 1848/2156/2358
f 1485/2034/2092 1487/1515/2363 1483/2044/2114
f 1473/1499/2093 1485/2034/2092 1476/2038/2106
f 1482/1516/2352 1484/1264/2094 1486/1265/2099
f 1483/2044/2114 1476/2038/2106 1485/2034/2092
f 1483/2044/2114 1487/1515/2363 1481/2159/2364
f 1482/1516/2352 1486/1265/2099 1490/1517/2098
f 1481/2159/2364 1487/1515/2363 1492/1366/2365
f 1489/1283/2366 1497/1520/2367 1496/1282/2368
f 1494/1367/2369 1493/1510/2370 1501/1511/2371
f 1527/1528/2372 1520/1529/2373 1519/1531/2374
f 1489/1283/2366 1490/1517/2098 1850/1272/2100
f 1494/1367/2369 1501/1511/2371 1492/1366/2365
f 1513/1568/2375 1512/1527/2376 1851/1823/2264
f 1708/2160/2377 1710/2161/2378 1706/1714/2379
f 1492/1366/2365 1501/1511/2371 1481/2159/2364
f 1508/1523/2262 1851/1823/2264 1494/1367/2369
f 1491/1522/2123 1496/1282/2368 1497/1520/2367
f 1491/1522/2123 1497/1520/2367 1498/1506/2124
f 1491/1522/2123 1499/2048/2122 1495/1521/2380
f 1510/1536/2381 1495/1521/2380 1499/2048/2122
f 1500/1518/2382 1492/1366/2365 1487/1515/2363
f 1506/2158/2362 1481/2159/2364 1501/1511/2371
f 1499/2048/2122 1498/1506/2124 1504/1308/2383
f 1499/2048/2122 1504/1308/2383 1505/1309/2384
f 1505/1309/2384 1510/1536/2381 1499/2048/2122
f 1503/1303/2385 1517/1310/2386 1529/1545/2387
f 1506/2158/2362 1483/2044/2114 1481/2159/2364
f 1544/2162/2388 1531/1514/2389 1546/2163/2390
f 1494/1367/2369 1851/1823/2264 1493/1510/2370
f 1852/1530/2391 1502/1540/2263 1508/1523/2262
f 1515/1304/2392 1510/1536/2381 1503/1303/2385
f 1510/1536/2381 1517/1310/2386 1503/1303/2385
f 1501/1511/2371 1857/1526/2393 1506/2158/2362
f 1528/1296/2394 1531/1514/2389 1507/1498/2395
f 2209/2164/2396 2290/2024/2397 2210/2006/2398
f 1537/2165/2399 1534/1393/2400 1536/1561/2401
f 1509/1471/2337 1852/1530/2391 1508/1523/2262
f 1852/1530/2391 1509/1471/2337 1515/1304/2392
f 1852/1530/2391 1516/1824/2402 1853/1542/2403
f 1551/1563/2404 1530/1394/2405 1552/2166/2406
f 1510/1536/2381 1505/1309/2384 1517/1310/2386
f 1518/1548/2407 1519/1531/2374 1520/1529/2373
f 1546/2163/2390 1547/1292/2408 1555/1576/2409
f 1546/2163/2390 1555/1576/2409 1541/2167/2410
f 1522/1481/2411 1525/1551/2412 1520/1529/2373
f 1522/1481/2411 2094/2152/2335 1525/1551/2412
f 1534/1393/2400 1530/1394/2405 1536/1561/2401
f 1524/1550/2413 1525/1551/2412 2094/2152/2335
f 1526/1547/2414 1529/1545/2387 1518/1548/2415
f 1589/2168/2416 1588/2083/2214 1586/1559/2417
f 1526/1547/2414 1503/1303/2385 1529/1545/2387
f 1531/1514/2389 1544/2162/2388 1480/1513/2418
f 1528/1296/2394 1521/1297/2419 1531/1514/2389
f 1542/2169/2420 1958/1910/2421 1965/1580/2422
f 1530/1394/2405 1532/1556/2423 1552/2166/2406
f 1537/2165/2399 1535/2170/2424 1539/1458/2425
f 1565/1837/2426 1550/1581/2427 1860/1800/2428
f 1533/2171/2429 1534/1393/2400 1537/2165/2399
f 1516/1824/2402 1854/1825/2430 1853/1542/2403
f 1565/1837/2426 1535/2170/2424 1550/1581/2427
f 1536/1561/2401 1530/1394/2405 1551/1563/2404
f 2164/2172/2431 1533/2171/2429 1539/1458/2425
f 1537/2165/2399 1536/1561/2401 1535/2170/2424
f 1943/2173/2432 1959/1916/2433 1951/1911/2434
f 1754/2174/2435 1753/1740/2436 2147/2175/2437
f 1539/1458/2425 1533/2171/2429 1537/2165/2399
f 1756/2176/2438 1709/2177/2439 1774/2178/2440
f 1480/1513/2418 1544/2162/2388 1545/2042/2111
f 1567/1607/2357 1556/2052/2135 1571/1608/2441
f 1546/2163/2390 1521/1297/2419 1547/1292/2408
f 2107/2179/2442 1581/2180/2443 1590/2181/2444
f 1864/1790/2445 1863/2182/2446 1867/1842/2447
f 1535/2170/2424 1536/1561/2401 1550/1581/2427
f 1554/2072/2189 1552/2166/2406 1524/1550/2413
f 1849/2069/2186 1480/1513/2418 1545/2042/2111
f 1544/2162/2388 1546/2163/2390 1541/2167/2410
f 1544/2162/2388 1541/2167/2410 1545/2042/2111
f 1546/2163/2390 1531/1514/2389 1521/1297/2419
f 1562/2155/2355 1558/1600/2448 1559/1578/2353
f 1547/1292/2408 1521/1297/2419 1564/1599/2359
f 1542/2169/2420 1548/1505/2449 1549/1503/2450
f 2164/2172/2431 1538/1459/2451 1855/1830/2452
f 1854/1825/2430 1856/1560/2453 1533/2171/2429
f 1535/2170/2424 1565/1837/2426 2100/1567/2454
f 1551/1563/2404 1552/2166/2406 1543/1573/2455
f 1552/2166/2406 1554/2072/2189 1543/1573/2455
f 1524/1550/2413 1552/2166/2406 1532/1556/2423
f 2095/2001/2191 1553/1647/2456 1543/1573/2455
f 1571/1608/2441 1575/1594/2457 1577/1592/2458
f 1557/1577/2136 1572/2183/2459 1555/1576/2409
f 1545/2042/2111 1541/2167/2410 1567/1607/2357
f 1555/1576/2409 1572/2183/2459 1541/2167/2410
f 1579/2053/2137 1578/1593/2460 1575/1594/2457
f 2106/2184/2461 1584/2185/2462 1583/1610/2463
f 1563/1596/2464 1558/1600/2448 1562/2155/2355
f 2211/2007/2465 2106/2184/2461 2237/2186/2466
f 2012/1940/2467 1983/2187/2468 1982/1682/2469
f 1576/2188/2470 1580/1557/2471 1561/1579/2354
f 1562/2155/2355 1561/1579/2354 1560/2189/2472
f 1584/2185/2462 2104/1612/2473 2103/2190/2474
f 1563/1596/2464 1562/2155/2355 2103/2190/2474
f 2101/2157/2360 1581/2180/2443 1576/2188/2470
f 1710/2161/2378 1708/2160/2377 1701/2191/2475
f 1572/2183/2459 1556/2052/2135 1567/1607/2357
f 1561/1579/2354 1568/1291/2361 1576/2188/2470
f 1547/1292/2408 1564/1599/2359 1568/1291/2361
f 1569/1502/2356 1479/2070/2187 1478/1575/2110
f 1572/2183/2459 1557/1577/2136 1556/2052/2135
f 1567/1607/2357 1541/2167/2410 1572/2183/2459
f 1580/1557/2471 1576/2188/2470 1573/2192/2476
f 1593/2082/2213 2233/2193/2477 1594/2194/2478
f 1571/1608/2441 1556/2052/2135 1575/1594/2457
f 1561/1579/2354 1580/1557/2471 1560/2189/2472
f 1573/2192/2476 1576/2188/2470 1581/2180/2443
f 1577/1592/2458 1574/1487/2479 1571/1608/2441
f 1578/1593/2460 1579/2053/2137 1558/1600/2448
f 1579/2053/2137 1559/1578/2353 1558/1600/2448
f 1575/1594/2457 1556/2052/2135 1579/2053/2137
f 1584/2185/2462 1560/2189/2472 1583/1610/2463
f 1560/2189/2472 1580/1557/2471 1583/1610/2463
f 2107/2179/2442 1590/2181/2444 1589/2168/2416
f 1967/1602/2480 1581/2180/2443 1971/1601/2481
f 2204/1984/2482 2205/2195/2483 2047/1983/2484
f 1560/2189/2472 1584/2185/2462 2103/2190/2474
f 2105/2004/2485 2104/1612/2473 1584/2185/2462
f 1593/2082/2213 1585/1613/2486 1588/2083/2214
f 1640/2196/2487 1654/2197/2488 1643/2198/2489
f 1583/1610/2463 2108/1611/2490 1582/2199/2491
f 1585/1613/2486 1586/1559/2417 1588/2083/2214
f 1586/1559/2417 1580/1557/2471 1573/2192/2476
f 1587/2200/2492 1588/2083/2214 1589/2168/2416
f 1984/2201/2493 1592/2084/2215 1588/2083/2214
f 1593/2082/2213 1594/2194/2478 1585/1613/2486
f 1587/2200/2492 1589/2168/2416 1590/2181/2444
f 1589/2168/2416 1586/1559/2417 1573/2192/2476
f 1913/1887/2494 1911/1888/2495 1915/2202/2496
f 1967/1602/2480 1966/1914/2497 1590/2181/2444
f 1635/2085/2216 1624/2087/2218 1645/2203/2498
f 1656/2204/2499 1654/2197/2488 1640/2196/2487
f 1715/1724/2500 1705/2047/2121 1714/1720/2501
f 1585/1613/2486 1594/2194/2478 2108/1611/2490
f 1591/2205/2502 1593/2082/2213 2188/2206/2503
f 1583/1610/2463 1582/2199/2491 2106/2184/2461
f 1600/1627/2149 1597/1630/2338 1602/2058/2150
f 1600/1627/2149 1595/1623/2504 1598/1571/2339
f 1460/1479/2505 1615/1660/2506 1619/2153/2341
f 1602/2058/2150 1597/1630/2338 1606/1631/2507
f 1619/2153/2341 1615/1660/2506 2112/1570/2342
f 1603/1638/2151 1602/2058/2150 1601/1643/2508
f 1602/2058/2150 1606/1631/2507 1607/1644/2509
f 1606/1631/2507 1604/1583/2510 1607/1644/2509
f 1621/2207/2511 1615/1660/2506 1460/1479/2505
f 1602/2058/2150 1607/1644/2509 1601/1643/2508
f 1611/1648/2512 1607/1644/2509 1604/1583/2510
f 1608/1655/2513 1620/2208/2514 1614/2151/2332
f 1620/2208/2514 1615/1660/2506 1621/2207/2511
f 1604/1583/2510 1612/1637/2515 1611/1648/2512
f 1928/2209/2516 1770/2210/2517 1936/2211/2518
f 1795/1797/2519 1768/2212/2520 1796/2213/2521
f 2175/2017/2522 2174/2214/2523 2181/2016/2524
f 1615/1660/2506 1620/2208/2514 1609/1565/2525
f 1610/1636/2526 1616/1588/2527 1617/1589/2528
f 2095/2001/2191 1543/1573/2455 1554/2072/2189
f 1619/2153/2341 2110/1477/2529 1460/1479/2505
f 1620/2208/2514 1608/1655/2513 1609/1565/2525
f 1620/2208/2514 1621/2207/2511 1614/2151/2332
f 1621/2207/2511 2174/2214/2523 1614/2151/2332
f 1621/2207/2511 1460/1479/2505 1461/1478/2530
f 1663/2215/2531 2229/2216/2532 1664/2217/2533
f 1630/1380/2534 1646/2081/2210 1624/2087/2218
f 1627/1671/2209 1628/1673/2219 1626/1392/2207
f 1624/2087/2218 1628/1673/2219 1630/1380/2534
f 1669/2218/2535 1639/2219/2536 1638/2088/2220
f 1639/2219/2536 1652/2220/2537 1641/1676/2538
f 1646/2081/2210 1645/2203/2498 1624/2087/2218
f 1628/1673/2219 1632/2090/2222 1626/1392/2207
f 1635/2085/2216 1638/2088/2220 1631/2086/2217
f 1631/2086/2217 1629/2089/2221 1632/2090/2222
f 1634/1667/2539 1629/2089/2221 1636/1666/2540
f 1641/1676/2538 1652/2220/2537 1666/2221/2541
f 1632/2090/2222 1629/2089/2221 1634/1667/2539
f 1626/1392/2207 1632/2090/2222 1637/1670/2542
f 1635/2085/2216 1643/2198/2489 1633/2222/2543
f 1645/2203/2498 1642/2223/2544 1643/2198/2489
f 1638/2088/2220 1639/2219/2536 1629/2089/2221
f 1634/1667/2539 2280/1669/2545 1637/1670/2542
f 1637/1670/2542 1632/2090/2222 1634/1667/2539
f 1629/2089/2221 1639/2219/2536 1636/1666/2540
f 1635/2085/2216 1633/2222/2543 1638/2088/2220
f 1641/1676/2538 1636/1666/2540 1639/2219/2536
f 1659/2224/2546 1652/2220/2537 1669/2218/2535
f 1640/2196/2487 2117/1987/2547 1657/1979/2548
f 1667/1692/2549 1658/2225/2550 2277/1686/2551
f 2115/2226/2552 1642/2223/2544 1648/2227/2553
f 1650/1680/2212 1647/2228/2554 1648/2227/2553
f 1660/2229/2555 1659/2224/2546 1633/2222/2543
f 1640/2196/2487 1643/2198/2489 2115/2226/2552
f 2046/2230/2556 2045/2231/2557 2039/2232/2558
f 1654/2197/2488 1651/2233/2559 1660/2229/2555
f 1645/2203/2498 1643/2198/2489 1635/2085/2216
f 1645/2203/2498 1646/2081/2210 1642/2223/2544
f 1646/2081/2210 1648/2227/2553 1642/2223/2544
f 1630/1380/2534 1653/1674/2211 1646/2081/2210
f 1648/2227/2553 1647/2228/2554 1649/2234/2560
f 2113/1996/2561 2116/2235/2562 1647/2228/2554
f 1649/2234/2560 2115/2226/2552 1648/2227/2553
f 2114/1376/2563 1647/2228/2554 1650/1680/2212
f 1656/2204/2499 1640/2196/2487 1657/1979/2548
f 2117/1987/2547 1649/2234/2560 2116/2235/2562
f 1648/2227/2553 1646/2081/2210 1650/1680/2212
f 1661/2236/2564 1660/2229/2555 1651/2233/2559
f 1976/2237/2565 1972/2238/2566 1955/2239/2567
f 1666/2221/2541 1667/1692/2549 1641/1676/2538
f 1652/2220/2537 1659/2224/2546 1644/2240/2568
f 1643/2198/2489 1660/2229/2555 1633/2222/2543
f 1656/2204/2499 2217/2076/2198 1654/2197/2488
f 1661/2236/2564 1665/2075/2197 1663/2215/2531
f 2117/1987/2547 2116/2235/2562 1623/1988/2569
f 1654/2197/2488 2217/2076/2198 1651/2233/2559
f 1655/2241/2570 1656/2204/2499 1657/1979/2548
f 1668/2242/2571 1666/2221/2541 1652/2220/2537
f 1660/2229/2555 1661/2236/2564 1659/2224/2546
f 1659/2224/2546 1669/2218/2535 1633/2222/2543
f 1654/2197/2488 1660/2229/2555 1643/2198/2489
f 1659/2224/2546 1661/2236/2564 1644/2240/2568
f 1664/2217/2533 1644/2240/2568 1663/2215/2531
f 1663/2215/2531 1644/2240/2568 1661/2236/2564
f 1737/1728/2572 1734/2243/2573 1741/2244/2574
f 1651/2233/2559 1665/2075/2197 1661/2236/2564
f 1668/2242/2571 1644/2240/2568 1664/2217/2533
f 1662/2245/2575 1663/2215/2531 1665/2075/2197
f 2118/1685/2576 2277/1686/2551 1658/2225/2550
f 1922/2092/2224 1944/1885/2577 1947/2246/2578
f 1666/2221/2541 1668/2242/2571 1658/2225/2550
f 1666/2221/2541 1658/2225/2550 1667/1692/2549
f 1658/2225/2550 1668/2242/2571 2120/2247/2579
f 1668/2242/2571 1652/2220/2537 1644/2240/2568
f 1669/2218/2535 1638/2088/2220 1633/2222/2543
f 1669/2218/2535 1652/2220/2537 1639/2219/2536
f 1679/1359/2303 2564/1357/2133 1680/2071/2188
f 1351/1276/2205 1350/1277/2252 1672/2063/2164
f 1672/2063/2164 1346/1335/2131 1349/1336/2206
f 1672/2063/2164 1350/1277/2252 1671/2051/2132
f 2262/1266/2580 1673/1413/2231 1675/1268/2249
f 1358/2057/2147 1673/1413/2231 1359/1362/2148
f 1674/2096/2235 1363/2036/2097 1359/1362/2148
f 2266/1360/2239 1361/1323/2177 1674/2096/2235
f 1675/1268/2249 1673/1413/2231 1367/2032/2089
f 1372/1340/2156 1678/2037/2101 1677/2033/2090
f 1364/1391/2167 1372/1340/2156 1677/2033/2090
f 1367/2032/2089 1364/1391/2167 1677/2033/2090
f 1678/2037/2101 1335/1438/2087 1676/1700/2091
f 1678/2037/2101 1372/1340/2156 1411/2031/2088
f 1383/2050/2127 1679/1359/2303 1680/2071/2188
f 1680/2071/2188 1382/1396/2166 1383/2050/2127
f 1671/2051/2132 1350/1277/2252 1680/2071/2188
f 1793/2127/2294 1806/2128/2296 1804/2248/2581
f 1682/2249/2582 1686/2061/2158 1684/1703/2160
f 1398/2107/2269 2158/2250/2583 1420/1455/2267
f 1684/1703/2160 1683/1437/2086 1685/2126/2293
f 1824/2109/2274 1819/2111/2276 1829/2251/2584
f 1685/2126/2293 1682/2249/2582 1684/1703/2160
f 2127/2113/2278 1409/2112/2277 1685/2126/2293
f 1815/2252/2585 1812/2253/2586 1805/2254/2587
f 1416/2040/2108 2133/2099/2242 1443/2041/2109
f 2133/2099/2242 1416/2040/2108 1687/1469/2261
f 1698/2255/2588 1690/1695/2589 1695/1693/2590
f 1687/1469/2261 1689/1385/2591 1690/1695/2589
f 1687/1469/2261 1690/1695/2589 1688/2097/2240
f 1688/2097/2240 2136/2256/2592 2134/2098/2241
f 1703/1708/2593 1701/2191/2475 1708/2160/2377
f 1693/1697/2594 1692/1464/2595 1691/1383/2596
f 1700/1718/2119 1699/1709/2597 1694/1706/2134
f 2136/2256/2592 1688/2097/2240 1690/1695/2589
f 1717/1730/2598 1705/2047/2121 1718/2100/2244
f 1455/2102/2251 2137/2257/2599 1453/2150/2329
f 1698/2255/2588 1695/1693/2590 2139/1722/2600
f 1705/2047/2121 1702/1462/2601 1714/1720/2501
f 1703/1708/2593 1713/1723/2602 1701/2191/2475
f 1758/2258/2603 1775/2145/2324 1453/2150/2329
f 1727/2259/2604 1711/2260/2605 1712/2261/2606
f 1712/2261/2606 1710/2161/2378 1701/2191/2475
f 1741/2244/2574 1734/2243/2573 1744/2262/2607
f 1705/2047/2121 1717/1730/2598 1702/1462/2601
f 1698/2255/2588 2137/2257/2599 2136/2256/2592
f 1710/2161/2378 1709/2177/2439 1706/1714/2379
f 1699/1709/2597 1713/1723/2602 1703/1708/2593
f 1725/1743/2608 2140/1717/2609 2143/1745/2194
f 1706/1714/2379 1703/1708/2593 1708/2160/2377
f 2138/2263/2610 2137/2257/2599 1706/1714/2379
f 1781/1778/2611 1761/1777/2612 1783/2264/2613
f 1760/1757/2614 1749/1761/2615 1765/1768/2616
f 1756/2176/2438 1751/2265/2617 1758/2258/2603
f 1712/2261/2606 1774/2178/2440 1710/2161/2378
f 1948/1769/2618 2001/2266/2619 1933/2267/2620
f 1727/2259/2604 1723/1736/2621 1746/1734/2622
f 1713/1723/2602 1724/1737/2623 1701/2191/2475
f 1701/2191/2475 1724/1737/2623 1712/2261/2606
f 1705/2047/2121 1715/1724/2500 1700/1718/2119
f 1725/1743/2608 2145/2268/2624 1732/1742/2625
f 2145/2268/2624 1745/2269/2626 2146/1754/2627
f 1717/1730/2598 1718/2100/2244 1707/1710/2299
f 1719/1732/2298 2141/1733/2628 1707/1710/2299
f 1718/2100/2244 1705/2047/2121 1697/1712/2120
f 2142/1738/2629 1722/1423/2245 1338/1420/2247
f 1719/1732/2298 1718/2100/2244 1720/1699/2243
f 1720/1699/2243 1721/1698/2630 1719/1732/2298
f 1719/1732/2298 1721/1698/2630 2142/1738/2629
f 1712/2261/2606 1731/2012/2631 1727/2259/2604
f 1746/1734/2622 1748/2147/2326 1727/2259/2604
f 1730/1690/2632 1731/2012/2631 1724/1737/2623
f 1738/2270/2633 1742/1756/2634 1747/1741/2635
f 2245/2026/2636 2092/2271/2637 2144/1753/2195
f 1712/2261/2606 1724/1737/2623 1731/2012/2631
f 1731/2012/2631 1723/1736/2621 1727/2259/2604
f 1730/1690/2632 1728/1750/2638 1731/2012/2631
f 2227/2272/2639 1745/2269/2626 2092/2271/2637
f 1734/2243/2573 1737/1728/2572 1739/1729/2640
f 2146/1754/2627 1745/2269/2626 1744/2262/2607
f 1746/1734/2622 1735/2148/2327 1748/2147/2326
f 1765/1768/2616 1766/2273/2641 1762/2274/2642
f 1740/2275/2643 1742/1756/2634 1741/2244/2574
f 1750/1775/2644 1754/2174/2435 2080/1760/2645
f 1734/2243/2573 1739/1729/2640 2146/1754/2627
f 1747/1741/2635 1742/1756/2634 1740/2275/2643
f 2147/2175/2437 2093/2276/2646 1754/2174/2435
f 2147/2175/2437 1740/2275/2643 1744/2262/2607
f 1742/1756/2634 1737/1728/2572 1741/2244/2574
f 1753/1740/2436 1747/1741/2635 1740/2275/2643
f 2082/2277/2647 2084/2278/2648 2087/2279/2649
f 1744/2262/2607 1740/2275/2643 1741/2244/2574
f 1744/2262/2607 1745/2269/2626 1743/2280/2650
f 2227/2272/2639 2089/2281/2651 1743/2280/2650
f 1733/2073/2193 1745/2269/2626 2145/2268/2624
f 1727/2259/2604 1748/2147/2326 1711/2260/2605
f 2150/2011/2652 1738/2270/2633 1773/1780/2653
f 1751/2265/2617 1756/2176/2438 1755/2282/2654
f 1711/2260/2605 1748/2147/2326 1755/2282/2654
f 2255/2283/2655 2185/2284/2656 1904/2285/2657
f 1771/1772/2658 1738/2270/2633 1747/1741/2635
f 2026/1933/2659 2033/1958/2660 2031/2286/2661
f 1759/2149/2328 1755/2282/2654 1748/2147/2326
f 1746/1734/2622 1760/1757/2614 1735/2148/2327
f 1750/1775/2644 1753/1740/2436 1754/2174/2435
f 2018/2287/2662 1948/1769/2618 2020/2288/2663
f 2084/2278/2648 2083/1999/2664 2080/1760/2645
f 1755/2282/2654 1756/2176/2438 1711/2260/2605
f 2152/2289/2665 1757/1764/2666 1786/2290/2667
f 1712/2261/2606 1711/2260/2605 1774/2178/2440
f 1709/2177/2439 1756/2176/2438 1758/2258/2603
f 1751/2265/2617 1788/2291/2668 1775/2145/2324
f 1735/2148/2327 1760/1757/2614 1762/2274/2642
f 1758/2258/2603 2138/2263/2610 1709/2177/2439
f 1454/2119/2284 1453/2150/2329 1775/2145/2324
f 1755/2282/2654 2152/2289/2665 1751/2265/2617
f 1757/1764/2666 1759/2149/2328 1763/1776/2669
f 1763/1776/2669 1762/2274/2642 1761/1777/2612
f 1769/2292/2670 1766/2273/2641 1764/2293/2671
f 2184/2294/2672 1797/1884/2673 1796/2213/2521
f 1762/2274/2642 1763/1776/2669 1735/2148/2327
f 1761/1777/2612 1762/2274/2642 1766/2273/2641
f 1763/1776/2669 1759/2149/2328 1735/2148/2327
f 1785/2123/2290 1786/2290/2667 1779/1762/2674
f 1765/1768/2616 1762/2274/2642 1760/1757/2614
f 1765/1768/2616 1767/1766/2675 1764/2293/2671
f 1783/2264/2613 1761/1777/2612 1769/2292/2670
f 1766/2273/2641 1765/1768/2616 1764/2293/2671
f 1764/2293/2671 1770/2210/2517 1769/2292/2670
f 2169/1850/2676 1908/1861/2677 1884/1862/2678
f 1784/1802/2679 1783/2264/2613 1768/2212/2520
f 1860/1800/2428 1862/1801/2680 1861/1836/2681
f 1769/2292/2670 1761/1777/2612 1766/2273/2641
f 1769/2292/2670 1770/2210/2517 1768/2212/2520
f 1795/1797/2519 1784/1802/2679 1768/2212/2520
f 1906/2295/2682 1896/1846/2683 1905/1869/2684
f 1752/1779/2685 1773/1780/2653 1771/1772/2658
f 2149/1792/2686 2150/2011/2652 1772/1785/2687
f 1773/1780/2653 1738/2270/2633 1771/1772/2658
f 1772/1785/2687 2148/1791/2688 2149/1792/2686
f 1774/2178/2440 1709/2177/2439 1710/2161/2378
f 1774/2178/2440 1711/2260/2605 1756/2176/2438
f 1779/1762/2674 1776/2124/2291 1785/2123/2290
f 1758/2258/2603 1751/2265/2617 1775/2145/2324
f 1789/2296/2689 1780/2297/2690 2154/2298/2691
f 1794/2299/2692 1830/2300/2693 1791/2140/2319
f 2156/2142/2321 2157/2301/2694 1782/1782/2695
f 1794/2299/2692 1777/2302/2696 1784/1802/2679
f 1786/2290/2667 1785/2123/2290 1780/2297/2690
f 1777/2302/2696 1782/1782/2695 1781/1778/2611
f 1788/2291/2668 1789/2296/2689 1775/2145/2324
f 1790/2303/2697 1451/2146/2325 1789/2296/2689
f 1781/1778/2611 1783/2264/2613 1777/2302/2696
f 2157/2301/2694 1776/2124/2291 1779/1762/2674
f 1791/2140/2319 2156/2142/2321 1794/2299/2692
f 1783/2264/2613 1784/1802/2679 1777/2302/2696
f 1768/2212/2520 1783/2264/2613 1769/2292/2670
f 1779/1762/2674 1786/2290/2667 1757/1764/2666
f 1785/2123/2290 1787/2122/2289 1780/2297/2690
f 1757/1764/2666 2152/2289/2665 1759/2149/2328
f 2152/2289/2665 1786/2290/2667 1788/2291/2668
f 2131/2304/2698 1815/2252/2585 1402/2103/2253
f 1798/2305/2699 1793/2127/2294 1804/2248/2581
f 1775/2145/2324 1789/2296/2689 1451/2146/2325
f 1788/2291/2668 1786/2290/2667 1780/2297/2690
f 1451/2146/2325 2153/2143/2322 1452/2079/2203
f 1788/2291/2668 1780/2297/2690 1789/2296/2689
f 1822/2306/2700 1819/2111/2276 1823/2134/2311
f 2155/2307/2701 1813/2308/2702 1790/2303/2697
f 1794/2299/2692 1799/2309/2703 1777/2302/2696
f 1794/2299/2692 1784/1802/2679 1832/1811/2704
f 1787/2122/2289 1776/2124/2291 1798/2305/2699
f 1787/2122/2289 1804/2248/2581 2155/2307/2701
f 1777/2302/2696 1799/2309/2703 1782/1782/2695
f 1825/2310/2705 1791/2140/2319 1827/2311/2706
f 1795/1797/2519 1796/2213/2521 1792/1798/2707
f 1791/2140/2319 1830/2300/2693 1827/2311/2706
f 1832/1811/2704 1834/1796/2708 1833/2312/2709
f 1796/2213/2521 1797/1884/2673 1792/1798/2707
f 1796/2213/2521 1768/2212/2520 1770/2210/2517
f 2155/2307/2701 2154/2298/2691 1787/2122/2289
f 1803/2313/2710 1802/2314/2711 1800/2315/2712
f 2157/2301/2694 2156/2142/2321 1800/2315/2712
f 1799/2309/2703 1794/2299/2692 2156/2142/2321
f 1798/2305/2699 1776/2124/2291 1802/2314/2711
f 1803/2313/2710 1798/2305/2699 1802/2314/2711
f 1813/2308/2702 1822/2306/2700 1790/2303/2697
f 1686/2061/2158 2130/1702/2713 2129/1701/2714
f 1798/2305/2699 1803/2313/2710 1793/2127/2294
f 1802/2314/2711 2157/2301/2694 1800/2315/2712
f 1808/1436/2295 1793/2127/2294 1818/1435/2715
f 1803/2313/2710 1800/2315/2712 1817/2141/2320
f 1804/2248/2581 1787/2122/2289 1798/2305/2699
f 1806/2128/2296 1807/2137/2316 1804/2248/2581
f 1805/2254/2587 1807/2137/2316 1806/2128/2296
f 2160/2316/2716 2230/2317/2717 1815/2252/2585
f 1804/2248/2581 1807/2137/2316 1801/2139/2318
f 1806/2128/2296 1808/1436/2295 1805/2254/2587
f 1811/2138/2317 1813/2308/2702 1801/2139/2318
f 1820/2318/2718 1816/2319/2719 1814/2320/2720
f 2158/2250/2583 2160/2316/2716 1808/1436/2295
f 1829/2251/2584 1816/2319/2719 1682/2249/2582
f 1810/2321/2721 1820/2318/2718 1814/2320/2720
f 1807/2137/2316 1805/2254/2587 1812/2253/2586
f 1812/2253/2586 1814/2320/2720 1807/2137/2316
f 2155/2307/2701 1801/2139/2318 1813/2308/2702
f 1811/2138/2317 1814/2320/2720 1809/2322/2722
f 1807/2137/2316 1814/2320/2720 1811/2138/2317
f 1812/2253/2586 1815/2252/2585 1810/2321/2721
f 1790/2303/2697 1822/2306/2700 1449/2144/2323
f 1811/2138/2317 1809/2322/2722 1813/2308/2702
f 1814/2320/2720 1816/2319/2719 1809/2322/2722
f 1814/2320/2720 1812/2253/2586 1810/2321/2721
f 1820/2318/2718 2132/2323/2723 1686/2061/2158
f 2160/2316/2716 2158/2250/2583 2230/2317/2717
f 1816/2319/2719 1819/2111/2276 1809/2322/2722
f 1682/2249/2582 1816/2319/2719 1820/2318/2718
f 1803/2313/2710 1818/1435/2715 1793/2127/2294
f 1844/1452/2724 2163/1807/2725 1845/1809/2726
f 1808/1436/2295 2159/1808/2727 2158/2250/2583
f 1818/1435/2715 1803/2313/2710 1826/1810/2728
f 1819/2111/2276 1822/2306/2700 1809/2322/2722
f 1427/2110/2275 1828/2125/2292 1428/2115/2280
f 1686/2061/2158 1682/2249/2582 1820/2318/2718
f 1686/2061/2158 2132/2323/2723 2130/1702/2713
f 1817/2141/2320 1791/2140/2319 1825/2310/2705
f 1826/1810/2728 1825/2310/2705 1821/2324/2729
f 1822/2306/2700 1813/2308/2702 1809/2322/2722
f 1449/2144/2323 1822/2306/2700 1823/2134/2311
f 1449/2144/2323 2161/2136/2315 1450/2080/2204
f 1427/2110/2275 1429/2114/2279 1823/2134/2311
f 1685/2126/2293 1409/2112/2277 1824/2109/2274
f 1685/2126/2293 1829/2251/2584 1682/2249/2582
f 1825/2310/2705 1826/1810/2728 1817/2141/2320
f 1825/2310/2705 1827/2311/2706 1821/2324/2729
f 1817/2141/2320 1826/1810/2728 1803/2313/2710
f 1840/1822/2730 1837/2132/2307 1835/2015/2731
f 1833/2312/2709 1831/2131/2305 1837/2132/2307
f 1824/2109/2274 1409/2112/2277 1828/2125/2292
f 1828/2125/2292 1427/2110/2275 1824/2109/2274
f 1829/2251/2584 1819/2111/2276 1816/2319/2719
f 1829/2251/2584 1685/2126/2293 1824/2109/2274
f 1830/2300/2693 1833/2312/2709 1827/2311/2706
f 1821/2324/2729 1827/2311/2706 1840/1822/2730
f 1882/1855/2732 2168/1857/2733 1613/1854/2734
f 1830/2300/2693 1794/2299/2692 1832/1811/2704
f 1830/2300/2693 1832/1811/2704 1833/2312/2709
f 1840/1822/2730 1827/2311/2706 1837/2132/2307
f 1831/2131/2305 1833/2312/2709 1834/1796/2708
f 1839/1793/2735 1894/1815/2736 1834/1796/2708
f 2178/1821/2737 2177/2018/2738 1438/1470/2312
f 1837/2132/2307 1827/2311/2706 1833/2312/2709
f 1837/2132/2307 1838/1816/2306 1835/2015/2731
f 2177/2018/2738 2182/1813/2739 2179/1449/2740
f 1834/1796/2708 1894/1815/2736 1831/2131/2305
f 1876/1658/2741 1865/1844/2742 1875/1856/2743
f 1840/1822/2730 1845/1809/2726 1821/2324/2729
f 1841/2094/2230 2828/1430/2234 2268/1468/2229
f 1416/2040/2108 1415/2095/2232 1841/2094/2230
f 1842/1444/2744 1432/1442/2162 1433/1446/2161
f 1383/2050/2127 1434/1270/2301 1843/1271/2302
f 1844/1452/2314 1457/1450/2308 1439/2135/2313
f 1845/1809/2726 1826/1810/2728 1821/2324/2729
f 1848/2156/2358 1479/2070/2187 1475/2043/2113
f 1488/1532/2115 1480/1513/2418 1848/2156/2358
f 1849/2069/2186 1545/2042/2111 1478/1575/2110
f 1848/2156/2358 1480/1513/2418 1849/2069/2186
f 2306/1274/2745 1850/1272/2100 1486/1265/2099
f 1850/1272/2100 1497/1520/2367 1489/1283/2366
f 1851/1823/2264 1512/1527/2376 1493/1510/2370
f 1852/1530/2391 1853/1542/2403 1502/1540/2263
f 2164/2172/2431 1539/1458/2425 1538/1459/2451
f 1863/2182/2446 1914/1892/2226 1929/1890/2746
f 1542/2169/2420 1549/1503/2450 2166/1906/2747
f 1856/1560/2453 1854/1825/2430 1516/1824/2402
f 1856/1560/2453 1534/1393/2400 1533/2171/2429
f 2094/2152/2335 1523/1553/2748 2098/2002/2334
f 1857/1526/2393 1488/1532/2115 1506/2158/2362
f 1858/1572/2749 1543/1573/2455 1553/1647/2456
f 1860/1800/2428 1861/1836/2681 1565/1837/2426
f 1872/1662/2750 2168/1857/2733 1875/1856/2743
f 1867/1842/2447 1540/1840/2751 1864/1790/2445
f 1895/2325/2752 1918/1886/2753 1913/1887/2494
f 1879/1865/2754 1899/1847/2755 1885/1880/2756
f 2170/2326/2757 1863/2182/2446 1864/1790/2445
f 2186/2327/2758 1937/2328/2759 1855/1830/2452
f 1942/1899/2760 1940/2329/2761 1931/1898/2762
f 1869/1838/2763 1875/1856/2743 1865/1844/2742
f 1875/1856/2743 1869/1838/2763 1872/1662/2750
f 1888/1873/2764 1836/1819/2765 1890/1841/2766
f 1868/1788/2767 1871/1849/2768 1880/2330/2769
f 1871/1849/2768 1868/1788/2767 1873/1804/2770
f 1873/1804/2770 1866/1805/2771 1871/1849/2768
f 1868/1788/2767 1880/2330/2769 1886/2331/2772
f 1880/2330/2769 1874/2332/2773 1886/2331/2772
f 1887/1859/2774 1881/1879/2775 1888/1873/2764
f 1883/1852/2776 1879/1865/2754 1885/1880/2756
f 1884/1862/2678 1900/1870/2777 1879/1865/2754
f 1868/1788/2767 1886/2331/2772 2170/2326/2757
f 1889/1867/2778 1892/1878/2779 1881/1879/2775
f 1871/1849/2768 1883/1852/2776 1880/2330/2769
f 1874/2332/2773 1880/2330/2769 1883/1852/2776
f 1883/1852/2776 1885/1880/2756 1874/2332/2773
f 1900/1870/2777 1899/1847/2755 1879/1865/2754
f 1874/2332/2773 1885/1880/2756 1898/1881/2780
f 1898/1881/2780 1895/2325/2752 1909/2333/2781
f 1887/1859/2774 1888/1873/2764 1877/1860/2782
f 1881/1879/2775 1887/1859/2774 1889/1867/2778
f 1877/1860/2782 1888/1873/2764 1890/1841/2766
f 1893/1866/2783 1892/1878/2779 2176/2013/2784
f 1889/1867/2778 1882/1855/2785 1891/1818/2786
f 1608/1655/2513 2171/1877/2331 1891/1818/2787
f 1891/1818/2786 1892/1878/2779 1889/1867/2778
f 1892/1878/2779 1893/1866/2783 1881/1879/2775
f 2173/1874/2788 1838/1816/2306 2176/2013/2784
f 1894/1815/2736 1839/1793/2735 1836/1819/2765
f 1894/1815/2736 1838/1816/2306 1831/2131/2305
f 1910/2334/2789 1898/1881/2780 1909/2333/2781
f 1895/2325/2752 1913/1887/2494 1909/2333/2781
f 1906/2295/2682 2184/2294/2672 1928/2209/2516
f 1608/1655/2513 1891/1818/2787 1897/1605/2790
f 1612/1637/2791 1608/1655/2513 1897/1605/2790
f 1910/2334/2789 1909/2333/2781 1902/2335/2792
f 1903/1882/2793 1895/2325/2752 1898/1881/2780
f 1896/1846/2683 1899/1847/2755 1900/1870/2777
f 1770/2210/2517 1928/2209/2516 2184/2294/2672
f 1900/1870/2777 1905/1869/2684 1896/1846/2683
f 1613/1854/2734 1872/1662/2750 1901/1649/2794
f 1902/2335/2792 1912/2093/2227 1910/2334/2789
f 1911/1888/2495 1922/2092/2224 1915/2202/2496
f 1932/2336/2795 1920/2337/2796 1918/1886/2753
f 1895/2325/2752 1903/1882/2793 1932/2336/2795
f 1932/2336/2795 1903/1882/2793 1927/1889/2797
f 1926/1883/2798 1896/1846/2683 1906/2295/2682
f 1904/2285/2657 1906/2295/2682 1928/2209/2516
f 1905/1869/2684 1797/1884/2673 1906/2295/2682
f 1907/1817/2799 1792/1798/2707 1797/1884/2673
f 1898/1881/2780 1910/2334/2789 1874/2332/2773
f 1913/1887/2494 1915/2202/2496 1909/2333/2781
f 1886/2331/2772 1874/2332/2773 1910/2334/2789
f 1910/2334/2789 1912/2093/2227 1886/2331/2772
f 2055/2338/2800 2011/2339/2801 2025/2340/2802
f 1886/2331/2772 1914/1892/2226 2170/2326/2757
f 1886/2331/2772 1912/2093/2227 1914/1892/2226
f 1909/2333/2781 1915/2202/2496 1902/2335/2792
f 1863/2182/2446 1929/1890/2746 1867/1842/2447
f 1938/1905/2803 1931/1898/2762 1940/2329/2761
f 1919/2091/2223 1930/1897/2228 1902/2335/2792
f 1919/2091/2223 1902/2335/2792 1915/2202/2496
f 1944/1885/2577 1922/2092/2224 1911/1888/2495
f 2255/2283/2655 1904/2285/2657 1934/2341/2804
f 1930/1897/2228 1917/1895/2805 1931/1898/2762
f 1921/1832/2806 1925/1833/2807 1923/1894/2225
f 1916/1770/2808 1918/1886/2753 1920/2337/2796
f 1902/2335/2792 1930/1897/2228 1912/2093/2227
f 1917/1895/2805 1919/2091/2223 1923/1894/2225
f 2020/2288/2663 1948/1769/2618 1916/1770/2808
f 1947/2246/2578 1933/2267/2620 1964/2342/2809
f 1922/2092/2224 1919/2091/2223 1915/2202/2496
f 1947/2246/2578 1944/1885/2577 1933/2267/2620
f 1923/1894/2225 1922/2092/2224 1921/1832/2806
f 1942/1899/2760 1924/1896/2810 1943/2173/2432
f 1954/1872/2811 1959/1916/2433 1946/1871/2812
f 1946/1871/2812 1943/2173/2432 1924/1896/2810
f 1964/2342/2809 1962/2343/2813 1960/1901/2814
f 1926/1883/2798 1906/2295/2682 1904/2285/2657
f 2213/2344/2815 2053/2345/2816 1920/2337/2796
f 1927/1889/2797 1926/1883/2798 2185/2284/2656
f 1934/2341/2804 1904/2285/2657 1928/2209/2516
f 1934/2341/2804 1928/2209/2516 1936/2211/2518
f 1867/1842/2447 1937/2328/2759 2186/2327/2758
f 1867/1842/2447 1929/1890/2746 1937/2328/2759
f 1930/1897/2228 1919/2091/2223 1917/1895/2805
f 1937/2328/2759 1929/1890/2746 1938/1905/2803
f 1932/2336/2795 1918/1886/2753 1895/2325/2752
f 1932/2336/2795 1927/1889/2797 1920/2337/2796
f 1963/2346/2817 1998/2347/2818 1997/2348/2819
f 1935/2349/2820 2185/2284/2656 2255/2283/2655
f 1934/2341/2804 1936/2211/2518 1767/1766/2675
f 2023/2350/2821 1916/1770/2808 1920/2337/2796
f 1764/2293/2671 1767/1766/2675 1936/2211/2518
f 1936/2211/2518 1770/2210/2517 1764/2293/2671
f 1937/2328/2759 2187/1904/2822 1855/1830/2452
f 1950/1907/2823 1949/2351/2824 1945/2352/2825
f 1941/1903/2826 1940/2329/2761 1939/2353/2827
f 1943/2173/2432 1949/2351/2824 1939/2353/2827
f 1940/2329/2761 1941/1903/2826 1938/1905/2803
f 1940/2329/2761 1942/1899/2760 1939/2353/2827
f 1941/1903/2826 1937/2328/2759 1938/1905/2803
f 1942/1899/2760 1943/2173/2432 1939/2353/2827
f 1939/2353/2827 1950/1907/2823 1941/1903/2826
f 1922/2092/2224 1947/2246/2578 1921/1832/2806
f 1933/2267/2620 1944/1885/2577 1948/1769/2618
f 1957/1909/2828 1945/2352/2825 1951/1911/2434
f 1949/2351/2824 1943/2173/2432 1951/1911/2434
f 1947/2246/2578 1953/1900/2829 1921/1832/2806
f 1956/2354/2830 1999/2355/2831 1998/2347/2818
f 2018/2287/2662 2001/2266/2619 1948/1769/2618
f 1949/2351/2824 1950/1907/2823 1939/2353/2827
f 1949/2351/2824 1951/1911/2434 1945/2352/2825
f 1945/2352/2825 1542/2169/2420 1950/1907/2823
f 1945/2352/2825 1957/1909/2828 1958/1910/2421
f 1984/2201/2493 1974/1919/2832 1977/2356/2833
f 1972/2238/2566 1973/2357/2834 1961/1915/2835
f 1953/1900/2829 1947/2246/2578 1964/2342/2809
f 1581/2180/2443 1967/1602/2480 1590/2181/2444
f 1968/1913/2836 1587/2200/2492 1590/2181/2444
f 1943/2173/2432 1946/1871/2812 1959/1916/2433
f 1961/1915/2835 1960/1901/2814 1955/2239/2567
f 1979/2358/2837 1977/2356/2833 1970/2359/2838
f 1986/2360/2839 1963/2346/2817 1990/2361/2840
f 1962/2343/2813 1956/2354/2830 1963/2346/2817
f 1997/2348/2819 1990/2361/2840 1963/2346/2817
f 1945/2352/2825 1958/1910/2421 1542/2169/2420
f 1542/2169/2420 1965/1580/2422 1548/1505/2449
f 1954/1872/2811 1969/1917/2841 1959/1916/2433
f 1960/1901/2814 1962/2343/2813 1955/2239/2567
f 1952/1920/2842 1954/1872/2811 1961/1915/2835
f 1973/2357/2834 1977/2356/2833 1974/1919/2832
f 1962/2343/2813 1963/2346/2817 1955/2239/2567
f 1956/2354/2830 1962/2343/2813 1964/2342/2809
f 1961/1915/2835 1955/2239/2567 1972/2238/2566
f 1963/2346/2817 1986/2360/2839 1976/2237/2565
f 1953/1900/2829 1964/2342/2809 1960/1901/2814
f 1964/2342/2809 1933/2267/2620 1956/2354/2830
f 1966/1914/2497 1968/1913/2836 1590/2181/2444
f 1968/1913/2836 1974/1919/2832 1587/2200/2492
f 1969/1917/2841 1954/1872/2811 1952/1920/2842
f 2188/2206/2503 1592/2084/2215 1979/2358/2837
f 1970/2359/2838 1972/2238/2566 1985/2362/2843
f 1971/1601/2481 1581/2180/2443 1564/1599/2359
f 1961/1915/2835 1973/2357/2834 1952/1920/2842
f 1976/2237/2565 1985/2362/2843 1972/2238/2566
f 1952/1920/2842 1973/2357/2834 1974/1919/2832
f 1972/2238/2566 1970/2359/2838 1973/2357/2834
f 1984/2201/2493 1587/2200/2492 1974/1919/2832
f 1980/1681/2844 1979/2358/2837 1985/2362/2843
f 1976/2237/2565 1986/2360/2839 1975/1684/2845
f 1955/2239/2567 1963/2346/2817 1976/2237/2565
f 2188/2206/2503 1593/2082/2213 1592/2084/2215
f 1977/2356/2833 1973/2357/2834 1970/2359/2838
f 2233/2193/2477 2231/2363/2846 2189/2364/2847
f 2239/2025/2848 2075/1989/2849 2064/1616/2850
f 1979/2358/2837 1592/2084/2215 1977/2356/2833
f 1979/2358/2837 1980/1681/2844 1978/2365/2851
f 1980/1681/2844 1982/1682/2469 1978/2365/2851
f 1975/1684/2845 1980/1681/2844 1985/2362/2843
f 1978/2365/2851 1982/1682/2469 2232/2366/2852
f 2009/1538/2853 2051/2367/2854 2049/2368/2855
f 2232/2366/2852 1591/2205/2502 2188/2206/2503
f 2060/2369/2856 2059/1976/2857 2047/1983/2484
f 1989/1925/2858 1987/1539/2859 1994/1935/2860
f 1990/2361/2840 1988/2370/2861 1995/2371/2862
f 1984/2201/2493 1588/2083/2214 1587/2200/2492
f 1984/2201/2493 1977/2356/2833 1592/2084/2215
f 1970/2359/2838 1985/2362/2843 1979/2358/2837
f 1976/2237/2565 1975/1684/2845 1985/2362/2843
f 2010/1921/2863 1975/1684/2845 1986/2360/2839
f 2037/1399/2864 2038/1969/2865 2029/2372/2866
f 2054/2373/2867 2028/1937/2868 2003/1936/2869
f 1994/1935/2860 2004/1535/2870 1989/1925/2858
f 1989/1925/2858 1996/1924/2871 2006/1943/2872
f 1986/2360/2839 1995/2371/2862 2010/1921/2863
f 2191/2374/2873 1993/1939/2874 2028/1937/2868
f 1994/1935/2860 1991/1534/2875 2004/1535/2870
f 2008/1941/2876 1987/1539/2859 2006/1943/2872
f 1995/2371/2862 1988/2370/2861 2015/1956/2877
f 1999/2355/2831 1956/2354/2830 1933/2267/2620
f 1989/1925/2858 2004/1535/2870 1981/1922/2878
f 1995/2371/2862 1986/2360/2839 1990/2361/2840
f 2190/1944/2879 1992/2375/2880 2015/1956/2877
f 1989/1925/2858 2006/1943/2872 1987/1539/2859
f 1992/2375/2880 2010/1921/2863 1995/2371/2862
f 1990/2361/2840 2191/2374/2873 1988/2370/2861
f 1997/2348/2819 1998/2347/2818 1993/1939/2874
f 1993/1939/2874 1998/2347/2818 1999/2355/2831
f 1998/2347/2818 1963/2346/2817 1956/2354/2830
f 1999/2355/2831 2002/1961/2881 1993/1939/2874
f 1999/2355/2831 1933/2267/2620 2001/2266/2619
f 2001/2266/2619 2002/1961/2881 1999/2355/2831
f 2018/2287/2662 2019/2376/2882 2001/2266/2619
f 2002/1961/2881 2001/2266/2619 2000/1934/2883
f 1988/2370/2861 2016/1955/2884 2015/1956/2877
f 2024/2377/2885 2000/1934/2883 2019/2376/2882
f 2012/1940/2467 1981/1922/2878 2004/1535/2870
f 2074/1621/2886 1991/1534/2875 2062/1931/2887
f 2065/2378/2888 1655/2241/2570 2063/1665/2889
f 1996/1924/2871 1992/2375/2880 2006/1943/2872
f 2034/1966/2890 2032/2379/2891 2036/2380/2892
f 2008/1941/2876 2009/1538/2853 1987/1539/2859
f 2052/2381/2893 2051/2367/2854 2219/1991/2894
f 2009/1538/2853 2049/2368/2855 2005/1929/2895
f 2008/1941/2876 2007/1945/2896 2009/1538/2853
f 1996/1924/2871 2010/1921/2863 1992/2375/2880
f 2019/2376/2882 2018/2287/2662 2011/2339/2801
f 2053/2345/2816 2023/2350/2821 1920/2337/2796
f 2012/1940/2467 1982/1682/2469 1981/1922/2878
f 2231/2363/2846 2235/1950/2897 2189/2364/2847
f 2076/2382/2898 2206/1993/2899 2078/1620/2900
f 2012/1940/2467 2235/1950/2897 1983/2187/2468
f 2013/1951/2901 2014/1923/2902 2059/1976/2857
f 2074/1621/2886 2014/1923/2902 1991/1534/2875
f 2015/1956/2877 1992/2375/2880 1995/2371/2862
f 2034/1966/2890 2016/1955/2884 2032/2379/2891
f 2026/1933/2659 2021/1960/2903 2033/1958/2660
f 2050/1615/2904 2049/2368/2855 2017/2383/2905
f 2051/2367/2854 2052/2381/2893 2017/2383/2905
f 2001/2266/2619 2019/2376/2882 2000/1934/2883
f 2011/2339/2801 2018/2287/2662 2020/2288/2663
f 2024/2377/2885 2026/1933/2659 2000/1934/2883
f 2027/2384/2906 2024/2377/2885 2019/2376/2882
f 2011/2339/2801 2020/2288/2663 2025/2340/2802
f 2020/2288/2663 1916/1770/2808 2023/2350/2821
f 2031/2286/2661 2032/2379/2891 2003/1936/2869
f 2019/2376/2882 2055/2338/2800 2027/2384/2906
f 2053/2345/2816 2215/1902/2907 2214/2385/2908
f 2023/2350/2821 2025/2340/2802 2020/2288/2663
f 2213/2344/2815 2254/2386/2909 2053/2345/2816
f 2021/1960/2903 2024/2377/2885 2027/2384/2906
f 2019/2376/2882 2011/2339/2801 2055/2338/2800
f 2022/2387/2910 2025/2340/2802 2214/2385/2908
f 2026/1933/2659 2031/2286/2661 2003/1936/2869
f 2024/2377/2885 2021/1960/2903 2026/1933/2659
f 2025/2340/2802 2022/2387/2910 2030/1981/2911
f 1993/1939/2874 2191/2374/2873 1997/2348/2819
f 2054/2373/2867 2016/1955/2884 1988/2370/2861
f 2031/2286/2661 2029/2372/2866 2032/2379/2891
f 2055/2338/2800 2030/1981/2911 2067/1982/2912
f 2003/1936/2869 2032/2379/2891 2016/1955/2884
f 2029/2372/2866 2031/2286/2661 2033/1958/2660
f 2033/1958/2660 2037/1399/2864 2029/2372/2866
f 2043/2388/2913 2039/2232/2558 2045/2231/2557
f 2032/2379/2891 2029/2372/2866 2036/2380/2892
f 2084/2278/2648 2080/1760/2645 1754/2174/2435
f 2039/2232/2558 2043/2388/2913 2040/1971/2914
f 2036/2380/2892 2038/1969/2865 2040/1971/2914
f 2070/1964/2915 2069/1927/2916 1752/1779/2917
f 2029/2372/2866 2038/1969/2865 2036/2380/2892
f 2073/1947/2918 2034/1966/2890 2220/2389/2919
f 2200/2390/2920 2125/2391/2921 2202/2392/2922
f 2043/2388/2913 2220/2389/2919 2040/1971/2914
f 2039/2232/2558 2040/1971/2914 2042/1970/2923
f 1665/2075/2197 2192/2393/2924 1662/2245/2575
f 2195/2394/2925 2046/2230/2556 2039/2232/2558
f 2040/1971/2914 2220/2389/2919 2036/2380/2892
f 2045/2231/2557 2236/1973/2926 2043/2388/2913
f 2125/2391/2921 2121/2395/2927 1664/2217/2533
f 2043/2388/2913 2236/1973/2926 2041/1992/2928
f 2044/2396/2929 2045/2231/2557 2201/2397/2930
f 2121/2395/2927 2118/1685/2576 2120/2247/2579
f 2224/2398/2931 1341/2028/2932 2225/2399/2933
f 2234/2400/2934 2208/2401/2935 2189/2364/2847
f 2289/2022/2936 1345/2402/2937 2204/1984/2482
f 2076/2382/2898 2222/1952/2938 1343/1953/2939
f 2049/2368/2855 2050/1615/2904 2005/1929/2895
f 2049/2368/2855 2051/2367/2854 2017/2383/2905
f 2017/2383/2905 2052/2381/2893 2065/2378/2888
f 2051/2367/2854 2009/1538/2853 2007/1945/2896
f 2066/2074/2196 1655/2241/2570 2052/2381/2893
f 2214/2385/2908 2023/2350/2821 2053/2345/2816
f 2246/1938/2940 2057/1965/2941 2022/2387/2910
f 2054/2373/2867 2003/1936/2869 2016/1955/2884
f 2054/2373/2867 2191/2374/2873 2028/1937/2868
f 2055/2338/2800 2067/1982/2912 2027/2384/2906
f 2055/2338/2800 2025/2340/2802 2030/1981/2911
f 2067/1982/2912 2056/1990/2942 2068/1962/2943
f 2030/1981/2911 2022/2387/2910 2057/1965/2941
f 2013/1951/2901 2059/1976/2857 2234/2400/2934
f 2059/1976/2857 2061/1975/2944 2047/1983/2484
f 2106/2184/2461 1582/2199/2491 2237/2186/2466
f 2204/1984/2482 1345/2402/2937 2212/2403/2945
f 1343/1953/2939 2206/1993/2899 2076/2382/2898
f 2063/1665/2889 1655/2241/2570 1657/1979/2548
f 2050/1615/2904 2017/2383/2905 2063/1665/2889
f 2065/2378/2888 2063/1665/2889 2017/2383/2905
f 2052/2381/2893 1655/2241/2570 2065/2378/2888
f 1656/2204/2499 1655/2241/2570 2217/2076/2198
f 2192/2393/2924 2194/2019/2946 2193/1972/2947
f 2067/1982/2912 2068/1962/2943 2027/2384/2906
f 2068/1962/2943 2021/1960/2903 2027/2384/2906
f 2056/1990/2948 2069/1927/2916 2070/1964/2915
f 2085/2000/2949 2035/1398/2950 2079/1968/2951
f 2052/2381/2893 2221/2020/2952 2066/2074/2196
f 2043/2388/2913 2041/1992/2928 2220/2389/2919
f 2058/1948/2953 2034/1966/2890 2073/1947/2918
f 2072/1980/2954 2221/2020/2952 2219/1991/2894
f 2192/2393/2924 1665/2075/2197 2194/2019/2946
f 2062/1931/2887 2048/1986/2955 2074/1621/2886
f 2048/1986/2955 2075/1989/2849 2076/2382/2898
f 2239/2025/2848 2222/1952/2938 2076/2382/2898
f 2076/2382/2898 2078/1620/2900 2048/1986/2955
f 2042/1970/2923 2195/2394/2925 2039/2232/2558
f 2061/1975/2944 2078/1620/2900 2206/1993/2899
f 2078/1620/2900 2074/1621/2886 2048/1986/2955
f 2125/2391/2921 2200/2390/2920 2122/2404/2956
f 2091/2405/2957 2088/2406/2958 2090/2407/2959
f 2252/2408/2960 2081/1998/2961 2083/1999/2664
f 2199/2409/2962 2195/2394/2925 2203/2021/2963
f 2196/2410/2964 2197/2411/2965 2199/2409/2962
f 2086/2412/2966 2091/2405/2957 2090/2407/2959
f 2082/2277/2647 2083/1999/2664 2084/2278/2648
f 2087/2279/2649 2086/2412/2966 2090/2407/2959
f 2084/2278/2648 1754/2174/2435 2093/2276/2646
f 2085/2000/2949 2079/1968/2951 2077/1758/2967
f 2226/2413/2968 2245/2026/2636 1339/2027/2969
f 2093/2276/2646 2089/2281/2651 2087/2279/2649
f 2087/2279/2649 2090/2407/2959 2259/2414/2970
f 2087/2279/2649 2089/2281/2651 2086/2412/2966
f 2081/1998/2961 2252/2408/2960 2251/2415/2971
f 1340/2416/2972 1341/2028/2932 2224/2398/2931
f 2086/2412/2966 2089/2281/2651 2092/2271/2637
f 2089/2281/2651 2093/2276/2646 1743/2280/2650
f 2087/2279/2649 2259/2414/2970 2082/2277/2647
f 2224/2398/2931 2088/2406/2958 2091/2405/2957
f 1339/2027/2969 1340/2416/2972 2091/2405/2957
f 1339/2027/2969 2091/2405/2957 2226/2413/2968
f 2091/2405/2957 2086/2412/2966 2226/2413/2968
f 1745/2269/2626 1733/2073/2193 2092/2271/2637
f 1743/2280/2650 2093/2276/2646 2147/2175/2437
f 2093/2276/2646 2087/2279/2649 2084/2278/2648
f 1523/1553/2748 2094/2152/2335 1522/1481/2411
f 1554/2072/2189 1524/1550/2413 2094/2152/2335
f 2096/1586/2190 1554/2072/2189 2098/2002/2334
f 2100/1567/2454 1539/1458/2425 1535/2170/2424
f 1565/1837/2426 1540/1840/2973 2100/1567/2454
f 2101/2157/2360 1576/2188/2470 1568/1291/2361
f 1564/1599/2359 1581/2180/2443 2101/2157/2360
f 2205/2195/2483 2209/2164/2396 2207/2417/2974
f 2237/2186/2466 2208/2401/2935 2207/2417/2974
f 2103/2190/2474 1562/2155/2355 1560/2189/2472
f 2103/2190/2474 2104/1612/2473 1563/1596/2464
f 2105/2004/2485 1584/2185/2462 2106/2184/2461
f 2105/2004/2485 2106/2184/2461 2211/2007/2465
f 1573/2192/2476 1581/2180/2443 2107/2179/2442
f 2107/2179/2442 1589/2168/2416 1573/2192/2476
f 2108/1611/2490 2237/2186/2466 1582/2199/2491
f 2110/1477/2529 1619/2153/2341 1599/1474/2340
f 1342/1377/2975 2113/1996/2561 2114/1376/2563
f 2216/1617/2976 1623/1988/2569 2238/1619/2977
f 2114/1376/2563 2113/1996/2561 1647/2228/2554
f 2115/2226/2552 1643/2198/2489 1642/2223/2544
f 1649/2234/2560 1640/2196/2487 2115/2226/2552
f 2116/2235/2562 2113/1996/2561 1623/1988/2569
f 1649/2234/2560 1647/2228/2554 2116/2235/2562
f 2117/1987/2547 1640/2196/2487 1649/2234/2560
f 2120/2247/2579 1668/2242/2571 1664/2217/2533
f 2120/2247/2579 1664/2217/2533 2121/2395/2927
f 2118/1685/2576 1658/2225/2550 2120/2247/2579
f 2118/1685/2576 2121/2395/2927 2119/1688/2978
f 2121/2395/2927 2123/2418/2979 2119/1688/2978
f 2125/2391/2921 2123/2418/2979 2121/2395/2927
f 2228/2009/2980 2119/1688/2978 2123/2418/2979
f 2196/2410/2964 2243/2419/2981 2198/2420/2982
f 2122/2404/2956 2123/2418/2979 2125/2391/2921
f 2225/2399/2933 1341/2028/2932 2240/1677/2983
f 2123/2418/2979 2122/2404/2956 2124/1678/2984
f 2198/2420/2982 2122/2404/2956 2200/2390/2920
f 2125/2391/2921 2229/2216/2532 2202/2392/2922
f 2126/1342/2254 1402/2103/2253 1401/2068/2185
f 2127/2113/2278 1410/2060/2155 1409/2112/2277
f 1685/2126/2293 1411/2031/2088 2127/2113/2278
f 2128/1704/2159 2129/1701/2714 2863/1705/2985
f 2129/1701/2714 2128/1704/2159 1686/2061/2158
f 2131/2304/2698 1681/1343/2255 2130/1702/2713
f 1810/2321/2721 2132/2323/2723 1820/2318/2718
f 2131/2304/2698 1402/2103/2253 1681/1343/2255
f 1815/2252/2585 2132/2323/2723 1810/2321/2721
f 2131/2304/2698 2130/1702/2713 2132/2323/2723
f 2132/2323/2723 1815/2252/2585 2131/2304/2698
f 2133/2099/2242 2134/2098/2241 1443/2041/2109
f 2133/2099/2242 1687/1469/2261 1688/2097/2240
f 2134/2098/2241 2135/2101/2250 1443/2041/2109
f 1455/2102/2251 2134/2098/2241 2136/2256/2592
f 2135/2101/2250 1448/2129/2297 1443/2041/2109
f 2135/2101/2250 1455/2102/2251 1442/2078/2202
f 2136/2256/2592 2137/2257/2599 1455/2102/2251
f 2136/2256/2592 1690/1695/2589 1698/2255/2588
f 2137/2257/2599 2138/2263/2610 1453/2150/2329
f 1698/2255/2588 1706/1714/2379 2137/2257/2599
f 2138/2263/2610 1758/2258/2603 1453/2150/2329
f 2138/2263/2610 1706/1714/2379 1709/2177/2439
f 1706/1714/2379 1698/2255/2588 2139/1722/2600
f 2141/1733/2628 1726/1711/2986 1707/1710/2299
f 2142/1738/2629 1721/1698/2630 1722/1423/2245
f 2143/1745/2194 1733/2073/2193 1725/1743/2608
f 2144/1753/2195 2143/1745/2194 2273/1744/2987
f 2144/1753/2195 2092/2271/2637 1733/2073/2193
f 2145/2268/2624 1725/1743/2608 1733/2073/2193
f 2145/2268/2624 2146/1754/2627 1732/1742/2625
f 1734/2243/2573 2146/1754/2627 1744/2262/2607
f 2147/2175/2437 1744/2262/2607 1743/2280/2650
f 2147/2175/2437 1753/1740/2436 1740/2275/2643
f 1773/1780/2653 1772/1785/2687 2150/2011/2652
f 2149/1792/2686 1728/1750/2638 2150/2011/2652
f 2150/2011/2652 2151/1755/2988 1738/2270/2633
f 2151/1755/2988 1742/1756/2634 1738/2270/2633
f 2152/2289/2665 1755/2282/2654 1759/2149/2328
f 2152/2289/2665 1788/2291/2668 1751/2265/2617
f 1790/2303/2697 1449/2144/2323 2153/2143/2322
f 2153/2143/2322 1451/2146/2325 1790/2303/2697
f 2154/2298/2691 1780/2297/2690 1787/2122/2289
f 1790/2303/2697 1789/2296/2689 2154/2298/2691
f 1801/2139/2318 2155/2307/2701 1804/2248/2581
f 2155/2307/2701 1790/2303/2697 2154/2298/2691
f 2156/2142/2321 1782/1782/2695 1799/2309/2703
f 2156/2142/2321 1817/2141/2320 1800/2315/2712
f 2157/2301/2694 1779/1762/2674 1782/1782/2695
f 2157/2301/2694 1802/2314/2711 1776/2124/2291
f 2158/2250/2583 2159/1808/2727 1420/1455/2267
f 1805/2254/2587 1808/1436/2295 2160/2316/2716
f 1815/2252/2585 1805/2254/2587 2160/2316/2716
f 1815/2252/2585 2230/2317/2717 1402/2103/2253
f 1823/2134/2311 1429/2114/2279 2161/2136/2315
f 2161/2136/2315 1449/2144/2323 1823/2134/2311
f 2163/1807/2725 1826/1810/2728 1845/1809/2726
f 1854/1825/2430 1533/2171/2429 2164/2172/2431
f 2164/2172/2431 1855/1830/2452 1854/1825/2430
f 1855/1830/2452 2165/1828/2989 1854/1825/2430
f 2166/1906/2747 1950/1907/2823 1542/2169/2420
f 1872/1662/2750 1613/1854/2734 2168/1857/2733
f 2170/2326/2757 1864/1790/2445 1868/1788/2767
f 2170/2326/2757 1914/1892/2226 1863/2182/2446
f 2171/1877/2331 1608/1655/2513 1614/2151/2332
f 2174/2214/2523 1621/2207/2511 1461/1478/2530
f 2175/2017/2522 2172/1875/2333 2174/2214/2523
f 2172/1875/2333 1614/2151/2332 2174/2214/2523
f 2173/1874/2990 2172/1875/2333 2175/2017/2522
f 2176/2013/2784 1838/1816/2306 1893/1866/2783
f 1840/1822/2730 1835/2015/2731 2178/1821/2737
f 1438/1470/2312 2177/2018/2738 2179/1449/2740
f 2178/1821/2737 1835/2015/2731 2177/2018/2738
f 2179/1449/2740 2180/1325/2330 1438/1470/2312
f 2180/1325/2330 1444/2130/2304 1438/1470/2312
f 1456/2133/2310 2180/1325/2330 2256/1326/2991
f 1461/1478/2530 2181/2016/2524 2174/2214/2523
f 2182/1813/2739 2173/1874/2990 2175/2017/2522
f 2181/2016/2524 1461/1478/2530 2183/1347/2992
f 2184/2294/2672 1796/2213/2521 1770/2210/2517
f 1906/2295/2682 1797/1884/2673 2184/2294/2672
f 2185/2284/2656 1926/1883/2798 1904/2285/2657
f 2185/2284/2656 2213/2344/2815 1927/1889/2797
f 1538/1459/2451 1867/1842/2447 2186/2327/2758
f 2186/2327/2758 1855/1830/2452 1538/1459/2451
f 1937/2328/2759 1941/1903/2826 2187/1904/2822
f 2231/2363/2846 1591/2205/2502 2232/2366/2852
f 2188/2206/2503 1979/2358/2837 1978/2365/2851
f 1594/2194/2478 2189/2364/2847 2208/2401/2935
f 2189/2364/2847 2235/1950/2897 2234/2400/2934
f 2190/1944/2879 2006/1943/2872 1992/2375/2880
f 2191/2374/2873 1990/2361/2840 1997/2348/2819
f 2191/2374/2873 2054/2373/2867 1988/2370/2861
f 2202/2392/2922 2192/2393/2924 2201/2397/2930
f 2192/2393/2924 2193/1972/2947 2044/2396/2929
f 2045/2231/2557 2044/2396/2929 2236/1973/2926
f 1665/2075/2197 2066/2074/2196 2194/2019/2946
f 2195/2394/2925 2197/2411/2965 2046/2230/2556
f 2196/2410/2964 2198/2420/2982 2197/2411/2965
f 2242/2421/2993 2240/1677/2983 2124/1678/2984
f 2197/2411/2965 2198/2420/2982 2046/2230/2556
f 2251/2415/2971 2196/2410/2964 2199/2409/2962
f 2046/2230/2556 2198/2420/2982 2200/2390/2920
f 2122/2404/2956 2243/2419/2981 2242/2421/2993
f 2197/2411/2965 2195/2394/2925 2199/2409/2962
f 2201/2397/2930 2046/2230/2556 2200/2390/2920
f 2202/2392/2922 1662/2245/2575 2192/2393/2924
f 2201/2397/2930 2045/2231/2557 2046/2230/2556
f 2201/2397/2930 2192/2393/2924 2044/2396/2929
f 1662/2245/2575 2202/2392/2922 2229/2216/2532
f 2201/2397/2930 2200/2390/2920 2202/2392/2922
f 2203/2021/2963 2195/2394/2925 2042/1970/2923
f 2203/2021/2963 2081/1998/2961 2199/2409/2962
f 2047/1983/2484 2205/2195/2483 2060/2369/2856
f 2060/2369/2856 2205/2195/2483 2207/2417/2974
f 2205/2195/2483 2204/1984/2482 2212/2403/2945
f 2206/1993/2899 1343/1953/2939 1344/2023/2994
f 2207/2417/2974 2208/2401/2935 2060/2369/2856
f 2207/2417/2974 2209/2164/2396 2102/2422/2995
f 2060/2369/2856 2208/2401/2935 2234/2400/2934
f 2237/2186/2466 2108/1611/2490 1594/2194/2478
f 2209/2164/2396 2210/2006/2398 2102/2422/2995
f 1345/2402/2937 2290/2024/2397 2212/2403/2945
f 2210/2006/2398 2211/2007/2465 2102/2422/2995
f 2102/2422/2995 2211/2007/2465 2237/2186/2466
f 2209/2164/2396 2205/2195/2483 2212/2403/2945
f 2212/2403/2945 2290/2024/2397 2209/2164/2396
f 2213/2344/2815 2185/2284/2656 1935/2349/2820
f 2213/2344/2815 1920/2337/2796 1927/1889/2797
f 2214/2385/2908 2025/2340/2802 2023/2350/2821
f 2214/2385/2908 2215/1902/2907 2022/2387/2910
f 2249/1786/2996 2215/1902/2907 2254/2386/2909
f 2217/2076/2198 1665/2075/2197 1651/2233/2559
f 2217/2076/2198 1655/2241/2570 2066/2074/2196
f 2218/1928/2997 1752/1779/2917 2069/1927/2916
f 2219/1991/2894 2051/2367/2854 2007/1945/2896
f 2052/2381/2893 2219/1991/2894 2221/2020/2952
f 2220/2389/2919 2034/1966/2890 2036/2380/2892
f 2220/2389/2919 2041/1992/2928 2073/1947/2918
f 2221/2020/2952 2194/2019/2946 2066/2074/2196
f 2223/1995/2998 2222/1952/2938 2239/2025/2848
f 2224/2398/2931 2091/2405/2957 1340/2416/2972
f 2088/2406/2958 2224/2398/2931 2225/2399/2933
f 2088/2406/2958 2244/2423/2999 2241/2424/3000
f 2122/2404/2956 2242/2421/2993 2124/1678/2984
f 2086/2412/2966 2092/2271/2637 2226/2413/2968
f 2227/2272/2639 1743/2280/2650 1745/2269/2626
f 2092/2271/2637 2089/2281/2651 2227/2272/2639
f 2228/2009/2980 2123/2418/2979 2124/1678/2984
f 2229/2216/2532 1663/2215/2531 1662/2245/2575
f 2125/2391/2921 1664/2217/2533 2229/2216/2532
f 1398/2107/2269 1402/2103/2253 2230/2317/2717
f 2230/2317/2717 2158/2250/2583 1398/2107/2269
f 1983/2187/2468 2231/2363/2846 2232/2366/2852
f 2231/2363/2846 2233/2193/2477 1591/2205/2502
f 2232/2366/2852 1982/1682/2469 1983/2187/2468
f 2188/2206/2503 1978/2365/2851 2232/2366/2852
f 2233/2193/2477 1593/2082/2213 1591/2205/2502
f 2189/2364/2847 1594/2194/2478 2233/2193/2477
f 2234/2400/2934 2059/1976/2857 2060/2369/2856
f 2234/2400/2934 2235/1950/2897 2013/1951/2901
f 2235/1950/2897 2231/2363/2846 1983/2187/2468
f 2236/1973/2926 2044/2396/2929 2193/1972/2947
f 2237/2186/2466 2207/2417/2974 2102/2422/2995
f 2237/2186/2466 1594/2194/2478 2208/2401/2935
f 2238/1619/2977 1623/1988/2569 2113/1996/2561
f 2239/2025/2848 2076/2382/2898 2075/1989/2849
f 2240/1677/2983 2242/2421/2993 2225/2399/2933
f 2241/2424/3000 2259/2414/2970 2088/2406/2958
f 2081/1998/2961 2251/2415/2971 2199/2409/2962
f 2244/2423/2999 2225/2399/2933 2242/2421/2993
f 2243/2419/2981 2251/2415/2971 2244/2423/2999
f 2243/2419/2981 2122/2404/2956 2198/2420/2982
f 2242/2421/2993 2243/2419/2981 2244/2423/2999
f 2244/2423/2999 2088/2406/2958 2225/2399/2933
f 2241/2424/3000 2244/2423/2999 2251/2415/2971
f 2226/2413/2968 2092/2271/2637 2245/2026/2636
f 2246/1938/2940 2022/2387/2910 2215/1902/2907
f 2249/1786/2996 2255/2283/2655 2250/2029/3001
f 2249/1786/2996 2250/2029/3001 2248/1783/3002
f 1935/2349/2820 2254/2386/2909 2213/2344/2815
f 1934/2341/2804 1767/1766/2675 2255/2283/2655
f 2251/2415/2971 2243/2419/2981 2196/2410/2964
f 2251/2415/2971 2252/2408/2960 2241/2424/3000
f 2252/2408/2960 2259/2414/2970 2241/2424/3000
f 2252/2408/2960 2083/1999/2664 2082/2277/2647
f 2254/2386/2909 2215/1902/2907 2053/2345/2816
f 1935/2349/2820 2249/1786/2996 2254/2386/2909
f 2255/2283/2655 2249/1786/2996 1935/2349/2820
f 2255/2283/2655 1767/1766/2675 2250/2029/3001
f 2256/1326/2991 1440/1427/2286 1456/2133/2310
f 2259/2414/2970 2090/2407/2959 2088/2406/2958
f 2259/2414/2970 2252/2408/2960 2082/2277/2647
f 2338/2425/3003 2452/2426/3004 2337/2427/3005
f 2338/2425/3003 2460/2428/3006 2346/2429/3007
f 2451/2430/3008 2358/2431/3009 2456/2432/3010
f 2580/2433/3011 2451/2430/3008 2569/2434/3012
f 2416/2435/3013 2415/2436/3014 2332/2437/3015
f 2455/2438/3016 2457/2439/3017 2567/2440/3018
f 2568/2441/3019 2569/2434/3012 2451/2430/3008
f 2568/2441/3019 2452/2426/3004 2567/2442/3018
f 2338/2425/3003 2346/2429/3007 2452/2426/3004
f 2358/2431/3009 2580/2433/3011 2333/2443/3020
f 2568/2441/3019 2451/2430/3008 2452/2426/3004
f 2337/2427/3005 2334/2444/3021 2340/2445/3022
f 2331/2446/3023 2416/2435/3013 2332/2437/3015
f 2415/2436/3014 2340/2445/3022 2341/2447/3024
f 2338/2425/3003 2344/2448/3025 2347/2449/3026
f 2578/2450/3027 2577/2451/3028 2493/2452/3029
f 2363/2453/3030 2349/2454/3031 2366/2455/3032
f 2456/2432/3010 2337/2427/3005 2452/2426/3004
f 2493/2452/3029 2392/2456/3033 2394/2457/3034
f 2455/2438/3016 2557/2458/3035 2336/2459/3036
f 2358/2431/3009 2451/2430/3008 2580/2433/3011
f 2318/2460/304 2557/2461/3035 2335/2462/3037
f 2335/2462/3037 2558/2463/114 2318/2460/304
f 2352/2464/3038 2461/2465/3039 2351/2466/3040
f 2337/2427/3005 2340/2445/3022 2343/2467/3041
f 8/2468/115 2362/2469/3042 1167/2470/277
f 1167/2470/277 2363/2453/3030 2377/2471/3043
f 2319/2472/1548 2566/2473/1693 2359/2474/3044
f 2337/2427/3005 2343/2467/3041 2338/2425/3003
f 2349/2454/3031 2362/2469/3042 2348/2475/3045
f 2373/2476/3046 2363/2453/3030 2368/2477/3047
f 2450/2478/3048 2575/2479/3049 2427/2480/3050
f 2367/2481/3051 2447/2482/3052 2365/2483/3053
f 2478/2484/3054 2491/2485/3055 2356/2486/3056
f 1166/2487/555 2559/2488/567 2422/2489/3057
f 2354/2490/3058 2464/2491/3059 2463/2492/3060
f 2359/2474/3044 2479/2493/3061 2414/2494/3062
f 2511/2495/3063 2383/2496/3064 2409/2497/3065
f 2345/2498/3066 2457/2439/3017 2453/2499/3067
f 2460/2428/3006 2567/2442/3018 2346/2429/3007
f 2336/2459/3036 2454/2500/3068 2455/2438/3016
f 2341/2447/3024 2340/2445/3022 2334/2444/3021
f 2387/2501/3069 2467/2502/3070 2469/2503/3071
f 2567/2440/3018 2557/2458/3035 2455/2438/3016
f 2557/2461/3035 2460/2428/3006 2335/2462/3037
f 2572/2504/3072 2386/2505/3073 2353/2506/3074
f 2449/2507/3075 2353/2506/3074 2465/2508/3076
f 2415/2436/3014 2339/2509/3077 2340/2445/3022
f 2333/2443/3020 2332/2437/3015 2341/2447/3024
f 2569/2510/3012 2568/2511/3019 2350/2512/3078
f 2350/2512/3078 2457/2439/3017 2345/2498/3066
f 2369/2513/3079 2343/2467/3041 2339/2509/3077
f 2339/2509/3077 2343/2467/3041 2340/2445/3022
f 2461/2465/3039 2570/2514/3080 2345/2498/3066
f 2567/2440/3018 2457/2439/3017 2568/2511/3019
f 2453/2499/3067 2351/2466/3040 2461/2465/3039
f 2571/2515/3081 2570/2514/3080 2461/2465/3039
f 2343/2467/3041 2342/2516/3082 2361/2517/3083
f 2557/2458/3035 2318/2518/304 2336/2459/3036
f 2413/2519/3084 2560/2520/299 2411/2521/3085
f 2546/2522/3086 2324/2523/1437 2564/2524/1436
f 2334/2444/3021 2358/2431/3009 2341/2447/3024
f 2347/2449/3026 2558/2463/114 2335/2462/3037
f 2444/2525/3087 2437/2526/3088 2550/2527/3089
f 2518/2528/3090 2390/2529/3091 2516/2530/3092
f 2344/2448/3025 2364/2531/3093 2349/2454/3031
f 2338/2425/3003 2335/2462/3037 2460/2428/3006
f 2347/2449/3026 2348/2475/3045 2558/2463/114
f 2383/2496/3064 2505/2532/3094 2409/2497/3065
f 2336/2459/3036 2319/2472/1548 2359/2474/3044
f 2319/2472/1548 2336/2459/3036 2318/2518/304
f 2337/2427/3005 2456/2432/3010 2334/2444/3021
f 2567/2442/3018 2452/2426/3004 2346/2429/3007
f 2469/2503/3071 2483/2533/3095 2387/2501/3069
f 2472/2534/3096 2487/2535/3097 2389/2536/3098
f 2361/2517/3083 2344/2448/3025 2338/2425/3003
f 2386/2505/3073 2461/2465/3039 2352/2464/3038
f 2354/2490/3058 2465/2508/3076 2353/2506/3074
f 2345/2498/3066 2453/2499/3067 2461/2465/3039
f 2570/2514/3080 2569/2510/3012 2350/2512/3078
f 2395/2537/3099 2357/2538/3100 2392/2456/3033
f 2352/2464/3038 2351/2466/3040 2459/2539/3101
f 2567/2442/3018 2460/2428/3006 2557/2461/3035
f 2338/2425/3003 2347/2449/3026 2335/2462/3037
f 2348/2475/3045 2347/2449/3026 2344/2448/3025
f 2349/2454/3031 2348/2475/3045 2344/2448/3025
f 2558/2463/114 2348/2475/3045 8/2468/115
f 2367/2481/3051 2369/2513/3079 2447/2482/3052
f 2362/2469/3042 2363/2453/3030 1167/2470/277
f 2457/2439/3017 2350/2512/3078 2568/2511/3019
f 2570/2514/3080 2350/2512/3078 2345/2498/3066
f 2453/2499/3067 2459/2539/3101 2351/2466/3040
f 2462/2540/3102 2352/2464/3038 2459/2539/3101
f 2459/2539/3101 2454/2500/3068 2414/2494/3062
f 2465/2508/3076 2355/2541/3103 2573/2542/3104
f 2353/2506/3074 2352/2464/3038 2462/2540/3102
f 2571/2515/3081 2386/2505/3073 2572/2504/3072
f 2353/2506/3074 2462/2540/3102 2354/2490/3058
f 2449/2507/3075 2572/2504/3072 2353/2506/3074
f 2464/2491/3059 2354/2490/3058 2462/2540/3102
f 2354/2490/3058 2463/2492/3060 2465/2508/3076
f 2355/2541/3103 2465/2508/3076 2463/2492/3060
f 2573/2542/3104 2449/2507/3075 2465/2508/3076
f 2355/2541/3103 2463/2492/3060 2467/2502/3070
f 2573/2542/3104 2355/2541/3103 2387/2501/3069
f 2437/2526/3088 2532/2543/3105 2438/2544/3106
f 2507/2545/3107 2459/2539/3101 2414/2494/3062
f 2321/2546/1528 2389/2536/3098 2320/2547/1552
f 2470/2548/3108 2476/2549/3109 2356/2486/3056
f 2373/2476/3046 2375/2550/3110 2377/2471/3043
f 2516/2530/3092 2322/2551/1516 2565/2552/1512
f 2515/2553/3111 2516/2530/3092 2390/2529/3091
f 2522/2554/3112 2356/2486/3056 2476/2549/3109
f 2475/2555/3113 2485/2556/3114 2390/2529/3091
f 2502/2557/3115 2385/2558/3116 2405/2559/3117
f 2356/2486/3056 2477/2560/3118 2478/2484/3054
f 2503/2561/3119 2383/2496/3064 2423/2562/3120
f 2450/2478/3048 2427/2480/3050 2426/2563/3121
f 2577/2451/3028 2391/2564/3122 2493/2452/3029
f 2379/2565/3123 2371/2566/3124 2373/2476/3046
f 2341/2447/3024 2358/2431/3009 2333/2443/3020
f 2456/2432/3010 2358/2431/3009 2334/2444/3021
f 2566/2473/1693 2488/2567/3125 2359/2474/3044
f 2336/2459/3036 2359/2474/3044 2454/2500/3068
f 2488/2567/3125 2320/2547/1552 2487/2535/3097
f 2579/2568/3126 2417/2569/3127 2331/2446/3023
f 2394/2457/3034 2579/2568/3126 2578/2450/3027
f 2343/2467/3041 2361/2517/3083 2338/2425/3003
f 2364/2531/3093 2361/2517/3083 2342/2516/3082
f 2348/2475/3045 2362/2469/3042 8/2468/115
f 2363/2453/3030 2362/2469/3042 2349/2454/3031
f 2364/2531/3093 2366/2455/3032 2349/2454/3031
f 2361/2517/3083 2364/2531/3093 2344/2448/3025
f 2367/2481/3051 2366/2455/3032 2364/2531/3093
f 2421/2570/3128 2369/2513/3079 2339/2509/3077
f 2363/2453/3030 2366/2455/3032 2368/2477/3047
f 2367/2481/3051 2364/2531/3093 2342/2516/3082
f 2366/2455/3032 2365/2483/3053 2368/2477/3047
f 2369/2513/3079 2367/2481/3051 2342/2516/3082
f 2365/2483/3053 2366/2455/3032 2367/2481/3051
f 2448/2571/3129 2374/2572/3130 2376/2573/3131
f 2559/2488/567 2375/2550/3110 2378/2574/3132
f 2343/2467/3041 2369/2513/3079 2342/2516/3082
f 2415/2436/3014 2421/2570/3128 2339/2509/3077
f 2417/2569/3127 2360/2575/3133 2416/2435/3013
f 2496/2576/3134 2448/2571/3129 2480/2577/3135
f 2374/2572/3130 2368/2477/3047 2365/2483/3053
f 1165/2578/284 2413/2519/3084 2550/2527/3089
f 2395/2537/3099 2391/2564/3122 2435/2579/3136
f 2380/2580/3137 2379/2565/3123 2373/2476/3046
f 2482/2581/3138 2380/2580/3137 2374/2572/3130
f 2373/2476/3046 2371/2566/3124 2375/2550/3110
f 2376/2573/3131 2374/2572/3130 2365/2483/3053
f 2372/2582/3139 2482/2581/3138 2374/2572/3130
f 2375/2550/3110 2371/2566/3124 2511/2495/3063
f 2559/2488/567 7/2583/364 2375/2550/3110
f 2447/2482/3052 2376/2573/3131 2365/2483/3053
f 2420/2584/3140 2448/2571/3129 2370/2585/3141
f 2417/2569/3127 2418/2586/3142 2360/2575/3133
f 2495/2587/3143 2496/2576/3134 2393/2588/3144
f 2481/2589/3145 2384/2590/3146 2381/2591/3147
f 2371/2566/3124 2379/2565/3123 2381/2591/3147
f 1167/2470/277 2377/2471/3043 7/2583/364
f 2373/2476/3046 2377/2471/3043 2363/2453/3030
f 2383/2496/3064 2511/2495/3063 2381/2591/3147
f 2409/2497/3065 2378/2574/3132 2511/2495/3063
f 2377/2471/3043 2375/2550/3110 7/2583/364
f 2380/2580/3137 2373/2476/3046 2368/2477/3047
f 2381/2591/3147 2379/2565/3123 2481/2589/3145
f 2374/2572/3130 2380/2580/3137 2368/2477/3047
f 2481/2589/3145 2379/2565/3123 2380/2580/3137
f 2372/2582/3139 2382/2592/3148 2384/2590/3146
f 2385/2558/3116 2502/2557/3115 2503/2561/3119
f 2496/2576/3134 2480/2577/3135 2393/2588/3144
f 2403/2593/3149 2501/2594/3150 2500/2595/3151
f 2423/2562/3120 2384/2590/3146 2385/2558/3116
f 2383/2496/3064 2381/2591/3147 2423/2562/3120
f 2384/2590/3146 2481/2589/3145 2482/2581/3138
f 2384/2590/3146 2382/2592/3148 2501/2594/3150
f 2500/2595/3151 2401/2596/3152 2403/2593/3149
f 2405/2559/3117 2385/2558/3116 2501/2594/3150
f 2384/2590/3146 2482/2581/3138 2372/2582/3139
f 2380/2580/3137 2482/2581/3138 2481/2589/3145
f 2461/2465/3039 2386/2505/3073 2571/2515/3081
f 2353/2506/3074 2386/2505/3073 2352/2464/3038
f 2573/2542/3104 2387/2501/3069 2574/2597/3153
f 2467/2502/3070 2387/2501/3069 2355/2541/3103
f 2393/2588/3144 2357/2538/3100 2495/2587/3143
f 2387/2501/3069 2483/2533/3095 2574/2597/3153
f 2483/2533/3154 2484/2598/3155 2427/2480/3050
f 2389/2536/3098 2321/2546/1528 2485/2556/3114
f 2322/2551/1516 2515/2553/3111 2321/2546/1528
f 2390/2529/3091 2485/2556/3114 2515/2553/3111
f 2537/2599/3156 2516/2530/3092 2565/2552/1512
f 2390/2529/3091 2520/2600/3157 2522/2554/3158
f 2472/2534/3096 2389/2536/3098 2486/2601/3159
f 2486/2601/3159 2389/2536/3098 2485/2556/3114
f 2320/2547/1552 2389/2536/3098 2487/2535/3097
f 2359/2474/3044 2488/2567/3125 2479/2493/3061
f 2320/2547/1552 2488/2567/3125 2566/2473/1693
f 2549/2602/3160 2446/2603/3161 2556/2604/3162
f 2549/2602/3160 2432/2605/3163 2547/2606/3164
f 2356/2486/3056 2491/2485/3055 2470/2548/3108
f 2492/2607/3165 2392/2456/3033 2393/2588/3144
f 2420/2584/3140 2480/2577/3135 2448/2571/3129
f 2391/2564/3122 2577/2451/3028 2576/2608/3166
f 2493/2452/3029 2395/2537/3099 2392/2456/3033
f 2436/2609/3167 2450/2478/3048 2426/2563/3121
f 2395/2537/3099 2435/2579/3136 2396/2610/3168
f 2393/2588/3144 2392/2456/3033 2357/2538/3100
f 2394/2457/3034 2392/2456/3033 2492/2607/3165
f 2398/2611/3169 2396/2610/3168 2399/2612/3170
f 2480/2577/3135 2420/2584/3140 2510/2613/3171
f 2579/2568/3126 2394/2457/3034 2492/2607/3165
f 2578/2450/3027 2493/2452/3029 2394/2457/3034
f 2493/2452/3029 2391/2564/3122 2395/2537/3099
f 2436/2609/3167 2391/2564/3122 2576/2608/3166
f 2400/2614/3172 2434/2615/3173 2399/2612/3170
f 2357/2538/3100 2395/2537/3099 2396/2610/3168
f 2399/2612/3170 2396/2610/3168 2494/2616/3174
f 2396/2610/3168 2398/2611/3169 2495/2587/3143
f 2494/2616/3174 2400/2614/3172 2399/2612/3170
f 2497/2617/3175 2398/2611/3169 2498/2618/3176
f 2497/2617/3175 2372/2582/3139 2496/2576/3134
f 2400/2614/3172 2494/2616/3174 2433/2619/3177
f 2398/2611/3169 2399/2612/3170 2397/2620/3178
f 2514/2621/3179 2388/2622/3180 2513/2623/3181
f 2402/2624/3182 2430/2625/3183 2401/2596/3152
f 2396/2610/3168 2495/2587/3143 2357/2538/3100
f 2495/2587/3143 2398/2611/3169 2496/2576/3134
f 2497/2617/3175 2496/2576/3134 2398/2611/3169
f 2448/2571/3129 2496/2576/3134 2372/2582/3139
f 2498/2618/3176 2398/2611/3169 2397/2620/3178
f 2372/2582/3139 2497/2617/3175 2382/2592/3148
f 2498/2618/3176 2397/2620/3178 2401/2596/3152
f 2401/2596/3152 2397/2620/3178 2434/2615/3173
f 2540/2626/3184 2525/2627/3185 2428/2628/3186
f 2401/2596/3152 2434/2615/3173 2402/2624/3182
f 2401/2596/3152 2499/2629/3187 2403/2593/3149
f 2425/2630/3188 2529/2631/3189 2543/2632/3190
f 2428/2628/3186 2526/2633/3191 2477/2560/3192
f 2431/2634/3193 2405/2559/3117 2403/2593/3149
f 2501/2594/3150 2403/2593/3149 2405/2559/3117
f 2497/2617/3175 2500/2595/3151 2382/2592/3148
f 2401/2596/3152 2500/2595/3151 2498/2618/3176
f 2402/2624/3182 2529/2631/3189 2528/2635/3194
f 2410/2636/3195 2412/2637/3196 2406/2638/3197
f 2384/2590/3146 2501/2594/3150 2385/2558/3116
f 2500/2595/3151 2501/2594/3150 2382/2592/3148
f 2431/2634/3193 2403/2593/3149 2499/2629/3187
f 2502/2557/3115 2405/2559/3117 2404/2639/3198
f 2404/2639/3198 2408/2640/3199 2502/2557/3115
f 1166/2487/555 2409/2497/3065 2411/2521/3085
f 2408/2640/3199 2504/2641/3200 2502/2557/3115
f 2383/2496/3064 2503/2561/3119 2505/2532/3094
f 2406/2638/3197 2408/2640/3199 2410/2636/3195
f 2561/2642/285 2437/2526/3088 2562/2643/411
f 1165/2578/284 2560/2520/299 2413/2519/3084
f 2439/2644/3201 2550/2527/3089 2413/2519/3084
f 2504/2641/3200 2442/2645/3202 2505/2532/3094
f 2431/2634/3193 2545/2646/3203 2404/2639/3198
f 2504/2641/3200 2408/2640/3199 2406/2638/3197
f 2505/2532/3094 2407/2647/3204 2409/2497/3065
f 2405/2559/3117 2431/2634/3193 2404/2639/3198
f 2524/2648/3205 2412/2637/3196 2539/2649/3206
f 2411/2521/3085 2409/2497/3065 2407/2647/3204
f 2422/2489/3057 2409/2497/3065 1166/2487/555
f 2404/2639/3198 2410/2636/3195 2408/2640/3199
f 2412/2637/3196 2410/2636/3195 2506/2650/3207
f 2411/2521/3085 2407/2647/3204 2413/2519/3084
f 1166/2487/555 2411/2521/3085 2560/2520/299
f 2412/2637/3196 2506/2650/3207 2539/2649/3206
f 2440/2651/3208 2325/2652/312 2563/2653/412
f 2442/2645/3202 2407/2647/3204 2505/2532/3094
f 2439/2644/3201 2443/2654/3209 2555/2655/3210
f 2359/2474/3044 2414/2494/3062 2454/2500/3068
f 2507/2545/3107 2414/2494/3062 2479/2493/3061
f 2332/2437/3015 2415/2436/3014 2341/2447/3024
f 2421/2570/3128 2415/2436/3014 2360/2575/3133
f 2417/2569/3127 2416/2435/3013 2331/2446/3023
f 2415/2436/3014 2416/2435/3013 2360/2575/3133
f 2492/2607/3165 2419/2656/3211 2579/2568/3126
f 2418/2586/3142 2370/2585/3141 2421/2570/3128
f 2417/2569/3127 2419/2656/3211 2418/2586/3142
f 2510/2613/3171 2419/2656/3211 2492/2607/3165
f 2579/2568/3126 2419/2656/3211 2417/2569/3127
f 2492/2607/3165 2393/2588/3144 2510/2613/3171
f 2370/2585/3141 2418/2586/3142 2420/2584/3140
f 2419/2656/3211 2420/2584/3140 2418/2586/3142
f 2480/2577/3135 2510/2613/3171 2393/2588/3144
f 2419/2656/3211 2510/2613/3171 2420/2584/3140
f 2418/2586/3142 2421/2570/3128 2360/2575/3133
f 2421/2570/3128 2370/2585/3141 2447/2482/3052
f 2559/2488/567 2378/2574/3132 2422/2489/3057
f 2409/2497/3065 2422/2489/3057 2378/2574/3132
f 2375/2550/3110 2511/2495/3063 2378/2574/3132
f 2381/2591/3147 2511/2495/3063 2371/2566/3124
f 2384/2590/3146 2423/2562/3120 2381/2591/3147
f 2503/2561/3119 2423/2562/3120 2385/2558/3116
f 2425/2630/3188 2535/2657/3212 2478/2484/3054
f 2425/2630/3188 2514/2621/3179 2424/2658/3213
f 2513/2623/3181 2512/2659/3214 2424/2658/3213
f 2514/2621/3179 2513/2623/3181 2424/2658/3213
f 2513/2623/3181 2388/2622/3180 2536/2660/3215
f 2535/2657/3212 2424/2658/3213 2534/2661/3216
f 2400/2614/3172 2388/2622/3180 2514/2621/3179
f 2428/2628/3186 2542/2662/3217 2526/2633/3191
f 2543/2632/3190 2400/2614/3172 2514/2621/3179
f 2426/2563/3121 2536/2660/3215 2433/2619/3177
f 2426/2563/3121 2433/2619/3177 2435/2579/3136
f 2483/2533/3154 2427/2480/3050 2575/2479/3049
f 2427/2480/3050 2484/2598/3155 2536/2660/3215
f 2321/2546/1528 2515/2553/3111 2485/2556/3114
f 2516/2530/3092 2515/2553/3111 2322/2551/1516
f 2537/2599/3156 2565/2552/1512 2323/2663/1415
f 2546/2522/3086 2548/2664/3218 2324/2523/1437
f 2390/2529/3091 2518/2528/3090 2520/2600/3157
f 2499/2629/3187 2430/2625/3183 2531/2665/3219
f 2356/2486/3056 2522/2554/3112 2477/2560/3118
f 2390/2529/3091 2522/2554/3158 2475/2555/3113
f 2325/2652/312 2440/2651/3208 2551/2666/3220
f 2478/2484/3054 2527/2667/3221 2425/2630/3188
f 2477/2560/3192 2520/2600/3157 2428/2628/3186
f 2540/2626/3184 2428/2628/3186 2520/2600/3157
f 2526/2633/3191 2429/2668/3222 2527/2667/3221
f 2528/2635/3223 2527/2667/3221 2429/2668/3222
f 2530/2669/3224 2528/2635/3223 2429/2668/3222
f 2430/2625/3183 2528/2635/3194 2531/2665/3219
f 2402/2624/3182 2434/2615/3173 2543/2632/3190
f 2425/2630/3188 2527/2667/3221 2529/2631/3189
f 2530/2669/3224 2429/2668/3222 2541/2670/3225
f 2410/2636/3195 2404/2639/3198 2545/2646/3203
f 2401/2596/3152 2430/2625/3183 2499/2629/3187
f 2402/2624/3182 2528/2635/3194 2430/2625/3183
f 2499/2629/3187 2531/2665/3219 2431/2634/3193
f 2432/2605/3163 2546/2522/3086 2547/2606/3164
f 2432/2605/3163 2549/2602/3160 2556/2604/3162
f 2433/2619/3177 2494/2616/3174 2435/2579/3136
f 2388/2622/3180 2400/2614/3172 2433/2619/3177
f 2399/2612/3170 2434/2615/3173 2397/2620/3178
f 2434/2615/3173 2400/2614/3172 2543/2632/3190
f 2554/2671/3226 2555/2655/3210 2412/2637/3196
f 2441/2672/3227 2533/2673/3228 2554/2671/3226
f 2437/2526/3088 2438/2544/3106 2445/2674/3229
f 2556/2604/3162 2446/2603/3161 2524/2648/3205
f 2512/2659/3214 2534/2661/3216 2424/2658/3213
f 2425/2630/3188 2424/2658/3213 2535/2657/3212
f 2433/2619/3177 2536/2660/3215 2388/2622/3180
f 2427/2480/3050 2536/2660/3215 2426/2563/3121
f 2396/2610/3168 2435/2579/3136 2494/2616/3174
f 2436/2609/3167 2435/2579/3136 2391/2564/3122
f 2450/2478/3048 2436/2609/3167 2576/2608/3166
f 2435/2579/3136 2436/2609/3167 2426/2563/3121
f 2538/2675/3230 2537/2599/3156 2323/2663/1415
f 2548/2664/3218 2323/2663/1415 2324/2523/1437
f 2429/2668/3222 2526/2633/3191 2542/2662/3217
f 2525/2627/3185 2542/2662/3217 2428/2628/3186
f 2429/2668/3222 2542/2662/3217 2541/2670/3225
f 2425/2630/3188 2543/2632/3190 2514/2621/3179
f 2543/2632/3190 2529/2631/3189 2402/2624/3182
f 2410/2636/3195 2545/2646/3203 2506/2650/3207
f 2531/2665/3219 2545/2646/3203 2431/2634/3193
f 2548/2664/3218 2546/2522/3086 2432/2605/3163
f 2564/2524/3231 1346/2676/1416 2547/2606/3232
f 2325/2652/312 2551/2666/3220 1346/2676/1416
f 2490/2677/3233 2548/2664/3218 2432/2605/3163
f 2548/2664/3218 2538/2675/3230 2323/2663/1415
f 2552/2678/3234 2441/2672/3227 2446/2603/3161
f 2550/2527/3089 2437/2526/3088 2561/2642/285
f 2532/2543/3105 2554/2671/3226 2438/2544/3106
f 1165/2578/284 2550/2527/3089 2561/2642/285
f 2442/2645/3202 2413/2519/3084 2407/2647/3204
f 2533/2673/3228 2440/2651/3208 2438/2544/3106
f 2562/2643/411 2445/2674/3229 2563/2653/412
f 2439/2644/3201 2442/2645/3202 2443/2654/3209
f 2437/2526/3088 2444/2525/3087 2532/2543/3105
f 2440/2651/3208 2533/2673/3228 2551/2666/3220
f 2445/2674/3229 2440/2651/3208 2563/2653/412
f 2552/2678/3234 2533/2673/3228 2441/2672/3227
f 2533/2673/3228 2438/2544/3106 2554/2671/3226
f 2524/2648/3205 2441/2672/3227 2412/2637/3196
f 2547/2606/3232 1346/2676/1416 2553/2679/3235
f 2551/2666/3220 2553/2679/3235 1346/2676/1416
f 2444/2525/3087 2555/2655/3210 2532/2543/3105
f 2412/2637/3196 2441/2672/3227 2554/2671/3226
f 2443/2654/3209 2442/2645/3202 2504/2641/3200
f 2413/2519/3084 2442/2645/3202 2439/2644/3201
f 2504/2641/3200 2406/2638/3197 2443/2654/3209
f 2443/2654/3209 2406/2638/3197 2555/2655/3210
f 2412/2637/3196 2555/2655/3210 2406/2638/3197
f 2550/2527/3089 2439/2644/3201 2444/2525/3087
f 2555/2655/3210 2444/2525/3087 2439/2644/3201
f 2432/2605/3163 2556/2604/3162 2490/2677/3233
f 2437/2526/3088 2445/2674/3229 2562/2643/411
f 2440/2651/3208 2445/2674/3229 2438/2544/3106
f 2552/2678/3234 2446/2603/3161 2549/2602/3160
f 2441/2672/3227 2524/2648/3205 2446/2603/3161
f 2421/2570/3128 2447/2482/3052 2369/2513/3079
f 2376/2573/3131 2447/2482/3052 2370/2585/3141
f 2374/2572/3130 2448/2571/3129 2372/2582/3139
f 2448/2571/3129 2376/2573/3131 2370/2585/3141
f 2452/2426/3236 2456/2432/3237 2451/2430/3238
f 2513/2623/3239 2512/2659/3240 2484/2598/3241
f 2458/2680/3242 2459/2539/3243 2454/2500/3244
f 2491/2485/3245 2535/2657/3246 2478/2484/3247
f 2458/2680/3242 2457/2439/3248 2453/2499/3249
f 2534/2661/3250 2473/2681/3251 2489/2682/3252
f 2467/2502/3253 2468/2683/3254 2463/2492/3255
f 2459/2539/3243 2458/2680/3242 2453/2499/3249
f 2455/2438/3256 2458/2680/3242 2454/2500/3244
f 2455/2438/3256 2457/2439/3248 2458/2680/3242
f 2469/2503/3257 2483/2533/3258 2484/2598/3241
f 2507/2545/3259 2459/2539/3260 2462/2540/3261
f 2471/2684/3262 2489/2682/3252 2473/2681/3251
f 2486/2601/3263 2476/2549/3264 2475/2555/3265
f 2485/2556/3266 2486/2601/3263 2475/2555/3265
f 2468/2683/3254 2471/2684/3262 2464/2491/3267
f 2463/2492/3255 2468/2683/3254 2464/2491/3267
f 2466/2685/3268 2467/2502/3253 2469/2503/3257
f 2471/2684/3262 2470/2548/3269 2474/2686/3270
f 2468/2683/3254 2467/2502/3253 2489/2682/3252
f 2469/2503/3257 2484/2598/3241 2512/2659/3240
f 2574/2597/3271 2575/2479/3272 2483/2533/3258
f 2476/2549/3264 2474/2686/3270 2470/2548/3269
f 2538/2675/3273 2537/2599/3274 2517/2687/3275
f 2474/2686/3270 2509/2688/3276 2464/2491/3267
f 2491/2485/3245 2470/2548/3269 2471/2684/3262
f 2474/2686/3270 2464/2491/3267 2471/2684/3262
f 2476/2549/3264 2486/2601/3263 2474/2686/3270
f 2474/2686/3270 2486/2601/3263 2472/2534/3277
f 2476/2549/3264 2522/2554/3278 2475/2555/3265
f 2509/2688/3276 2474/2686/3270 2508/2689/3279
f 2489/2682/3252 2466/2685/3268 2534/2661/3250
f 2512/2659/3240 2466/2685/3268 2469/2503/3257
f 2536/2660/3280 2513/2623/3239 2484/2598/3241
f 2508/2689/3279 2472/2534/3277 2487/2535/3281
f 2487/2535/3281 2488/2567/3282 2479/2493/3283
f 2489/2682/3252 2467/2502/3253 2466/2685/3268
f 2489/2682/3252 2471/2684/3262 2468/2683/3254
f 2491/2485/3245 2471/2684/3262 2473/2681/3251
f 2478/2484/3284 2527/2667/3285 2526/2633/3286
f 2498/2618/3287 2497/2617/3288 2500/2595/3289
f 2504/2641/3290 2502/2557/3291 2503/2561/3292
f 2505/2532/3293 2504/2641/3290 2503/2561/3292
f 2507/2545/3259 2508/2689/3279 2479/2493/3283
f 2509/2688/3276 2507/2545/3259 2462/2540/3261
f 2508/2689/3279 2487/2535/3281 2479/2493/3283
f 2472/2534/3277 2508/2689/3279 2474/2686/3270
f 2509/2688/3276 2462/2540/3261 2464/2491/3267
f 2508/2689/3279 2507/2545/3259 2509/2688/3276
f 2512/2659/3240 2534/2661/3250 2466/2685/3268
f 2517/2687/3275 2516/2530/3294 2518/2528/3295
f 2518/2528/3295 2519/2690/3296 2517/2687/3275
f 2517/2687/3275 2519/2690/3296 2490/2677/3297
f 2520/2600/3298 2522/2554/3278 2477/2560/3299
f 2523/2691/3300 2521/2692/3301 2524/2648/3302
f 2523/2691/3300 2490/2677/3297 2519/2690/3296
f 2518/2528/3295 2540/2626/3303 2519/2690/3296
f 2540/2626/3303 2525/2627/3304 2523/2691/3300
f 2556/2604/3305 2490/2677/3297 2523/2691/3300
f 2521/2692/3301 2523/2691/3300 2525/2627/3304
f 2538/2675/3273 2517/2687/3275 2490/2677/3297
f 2525/2627/3304 2542/2662/3306 2541/2670/3307
f 2521/2692/3301 2525/2627/3304 2541/2670/3307
f 2530/2669/3308 2544/2693/3309 2541/2670/3307
f 2477/2560/3310 2478/2484/3284 2526/2633/3286
f 2527/2667/3311 2529/2631/3312 2528/2635/3313
f 2530/2669/3308 2528/2635/3314 2531/2665/3315
f 2506/2650/3316 2530/2669/3308 2545/2646/3317
f 2530/2669/3308 2531/2665/3315 2545/2646/3317
f 2534/2661/3250 2535/2657/3246 2473/2681/3251
f 2473/2681/3251 2535/2657/3246 2491/2485/3245
f 2537/2599/3274 2516/2530/3294 2517/2687/3275
f 2548/2664/3318 2538/2675/3273 2490/2677/3297
f 2539/2649/3319 2544/2693/3309 2506/2650/3316
f 2524/2648/3302 2521/2692/3301 2539/2649/3319
f 2540/2626/3303 2518/2528/3295 2520/2600/3298
f 2540/2626/3303 2523/2691/3300 2519/2690/3296
f 2521/2692/3301 2541/2670/3307 2544/2693/3309
f 2544/2693/3309 2539/2649/3319 2521/2692/3301
f 2530/2669/3308 2506/2650/3316 2544/2693/3309
f 2546/2522/3320 2547/2606/3321 2564/2524/3322
f 2551/2666/3323 2553/2679/3324 2552/2678/3325
f 2552/2678/3325 2533/2673/3326 2551/2666/3323
f 2552/2678/3325 2553/2679/3324 2549/2602/3327
f 2549/2602/3327 2553/2679/3324 2547/2606/3321
f 2532/2543/3328 2554/2671/3329 2555/2655/3330
f 2556/2604/3305 2523/2691/3300 2524/2648/3302
f 2593/2694/3331 2592/2695/3332 2588/2696/3333
f 2593/2694/3331 2687/2697/3334 2686/2698/3335
f 2587/2699/3336 2591/2700/3337 2606/2701/3338
f 2810/2702/3339 2583/2703/3340 2587/2699/3336
f 2651/2704/3341 2811/2705/3342 2650/2706/3343
f 2682/2707/3344 2822/2708/3345 2597/2709/3346
f 2821/2710/3347 2587/2699/3336 2583/2703/3340
f 2821/2710/3347 2822/2711/3345 2588/2696/3333
f 2591/2700/3337 2587/2699/3336 2588/2696/3333
f 2593/2694/3331 2588/2696/3333 2687/2697/3334
f 2606/2701/3338 2586/2712/3348 2810/2702/3339
f 2821/2710/3347 2588/2696/3333 2587/2699/3336
f 2592/2695/3332 2594/2713/3349 2679/2714/3350
f 2585/2715/3351 2811/2705/3342 2651/2704/3341
f 2650/2706/3343 2684/2716/3352 2594/2713/3349
f 2593/2694/3331 2688/2717/3353 2599/2718/3354
f 2813/2719/3355 2629/2720/3356 2814/2721/3357
f 2609/2722/3358 2612/2723/3359 2603/2724/3360
f 2591/2700/3337 2588/2696/3333 2592/2695/3332
f 2629/2720/3356 2737/2725/3361 2736/2726/3362
f 2682/2707/3344 2590/2727/3363 2823/2728/3364
f 2606/2701/3338 2810/2702/3339 2587/2699/3336
f 2824/2729/118 2680/2730/3365 2823/2731/3364
f 2680/2730/3365 2824/2729/118 2836/2732/125
f 2690/2733/3366 2689/2734/3367 2601/2735/3368
f 2592/2695/3332 2596/2736/3369 2594/2713/3349
f 4/2737/180 2581/2738/168 2608/2739/3370
f 2581/2738/168 2621/2740/3371 2609/2722/3358
f 2825/2741/1751 2712/2742/3372 2826/2743/1492
f 2592/2695/3332 2593/2694/3331 2596/2736/3369
f 2603/2724/3360 2602/2744/3373 2608/2739/3370
f 2619/2745/3374 2614/2746/3375 2609/2722/3358
f 2685/2747/3376 2681/2748/3377 2598/2749/3378
f 2613/2750/3379 2611/2751/3380 2675/2752/3381
f 1158/2753/149 2656/2754/3382 2834/2755/135
f 2712/2742/3372 2648/2756/3383 2713/2757/3384
f 2597/2709/3346 2589/2758/3385 2598/2749/3378
f 2657/2759/3386 2749/2760/3387 2624/2761/3388
f 2600/2762/3389 2589/2758/3385 2597/2709/3346
f 2686/2698/3335 2687/2697/3334 2822/2711/3345
f 2590/2727/3363 2682/2707/3344 2681/2748/3377
f 2684/2716/3352 2679/2714/3350 2594/2713/3349
f 2822/2708/3345 2682/2707/3344 2823/2728/3364
f 2823/2731/3364 2680/2730/3365 2686/2698/3335
f 2598/2749/3378 2589/2758/3385 2685/2747/3376
f 2819/2763/3390 2691/2764/3391 2723/2765/3392
f 2598/2749/3378 2681/2748/3377 2682/2707/3344
f 2818/2766/3393 2695/2767/3394 2691/2764/3391
f 2650/2706/3343 2594/2713/3349 2683/2768/3395
f 2586/2712/3348 2684/2716/3352 2811/2705/3342
f 2583/2769/3340 2604/2770/3396 2821/2771/3347
f 2604/2770/3396 2600/2762/3389 2597/2709/3346
f 2615/2772/3397 2683/2768/3395 2596/2736/3369
f 2683/2768/3395 2594/2713/3349 2596/2736/3369
f 2601/2735/3368 2600/2762/3389 2584/2773/3398
f 2822/2708/3345 2821/2771/3347 2597/2709/3346
f 2589/2758/3385 2601/2735/3368 2689/2734/3367
f 2820/2774/3399 2601/2735/3368 2584/2773/3398
f 2596/2736/3369 2607/2775/3400 2595/2776/3401
f 2823/2728/3364 2590/2727/3363 2824/2777/118
f 2753/2778/3402 2751/2779/3403 2833/2780/257
f 2663/2781/3404 2831/2782/1431 2830/2783/1464
f 2679/2714/3350 2684/2716/3352 2606/2701/3338
f 2688/2717/3353 2680/2730/3365 2836/2732/125
f 2806/2784/3405 2667/2785/3406 2666/2786/3407
f 2599/2718/3354 2603/2724/3360 2610/2787/3408
f 2593/2694/3331 2686/2698/3335 2680/2730/3365
f 2688/2717/3353 2836/2732/125 2602/2744/3373
f 2624/2761/3388 2749/2760/3387 2748/2788/3409
f 2590/2727/3363 2712/2742/3372 2825/2741/1751
f 2597/2709/3346 2598/2749/3378 2682/2707/3344
f 2825/2741/1751 2824/2777/118 2590/2727/3363
f 2592/2695/3332 2679/2714/3350 2591/2700/3337
f 2822/2711/3345 2687/2697/3334 2588/2696/3333
f 2703/2789/3410 2728/2790/3411 2627/2791/3412
f 2607/2775/3400 2593/2694/3331 2599/2718/3354
f 2723/2765/3392 2690/2733/3366 2601/2735/3368
f 2600/2762/3389 2601/2735/3368 2589/2758/3385
f 2584/2773/3398 2604/2770/3396 2583/2769/3340
f 2822/2711/3345 2823/2731/3364 2686/2698/3335
f 2593/2694/3331 2680/2730/3365 2688/2717/3353
f 2602/2744/3373 2599/2718/3354 2688/2717/3353
f 2603/2724/3360 2599/2718/3354 2602/2744/3373
f 2836/2732/125 4/2737/180 2602/2744/3373
f 2613/2750/3379 2675/2752/3381 2615/2772/3397
f 2608/2739/3370 2581/2738/168 2609/2722/3358
f 2597/2709/3346 2821/2771/3347 2604/2770/3396
f 2584/2773/3398 2600/2762/3389 2604/2770/3396
f 2589/2758/3385 2689/2734/3367 2685/2747/3376
f 2605/2792/3413 2685/2747/3376 2690/2733/3414
f 2685/2747/3376 2648/2756/3383 2681/2748/3377
f 2691/2764/3415 2605/2792/3413 2690/2733/3414
f 2820/2774/3399 2819/2763/3390 2723/2765/3392
f 2691/2764/3415 2693/2793/3416 2605/2792/3413
f 2818/2766/3393 2691/2764/3391 2819/2763/3390
f 2685/2747/3376 2605/2792/3413 2754/2794/3417
f 2694/2795/3418 2605/2792/3413 2693/2793/3416
f 2677/2796/3419 2695/2767/3394 2818/2766/3393
f 2666/2786/3407 2668/2797/3420 2662/2798/3421
f 2649/2799/3422 2694/2795/3418 2705/2800/3423
f 2754/2794/3417 2648/2756/3383 2685/2747/3376
f 2268/2801/1540 2827/2802/1461 2728/2790/3411
f 2619/2745/3374 2621/2740/3371 2716/2803/3424
f 2767/2804/3425 2267/2805/1483 2828/2806/1501
f 2642/2807/3426 2746/2808/3427 2625/2809/3428
f 2643/2810/3429 2758/2811/3430 2624/2761/3388
f 2814/2721/3357 2629/2720/3356 2630/2812/3431
f 2622/2813/3432 2619/2745/3374 2617/2814/3433
f 2684/2716/3352 2586/2712/3348 2606/2701/3338
f 2591/2700/3337 2679/2714/3350 2606/2701/3338
f 2826/2743/1492 2712/2742/3372 2628/2815/3434
f 2590/2727/3363 2681/2748/3377 2712/2742/3372
f 2628/2815/3434 2627/2791/3412 2827/2802/1461
f 2705/2800/3423 2755/2816/3435 2649/2799/3422
f 2812/2817/3436 2585/2715/3351 2652/2818/3437
f 2737/2725/3361 2813/2719/3355 2812/2817/3436
f 2596/2736/3369 2593/2694/3331 2607/2775/3400
f 2610/2787/3408 2595/2776/3401 2607/2775/3400
f 2602/2744/3373 4/2737/180 2608/2739/3370
f 2609/2722/3358 2603/2724/3360 2608/2739/3370
f 2610/2787/3408 2603/2724/3360 2612/2723/3359
f 2607/2775/3400 2599/2718/3354 2610/2787/3408
f 2613/2750/3379 2610/2787/3408 2612/2723/3359
f 2655/2819/3438 2683/2768/3395 2615/2772/3397
f 2609/2722/3358 2614/2746/3375 2612/2723/3359
f 2613/2750/3379 2595/2776/3401 2610/2787/3408
f 2612/2723/3359 2614/2746/3375 2611/2751/3380
f 2615/2772/3397 2595/2776/3401 2613/2750/3379
f 2611/2751/3380 2613/2750/3379 2612/2723/3359
f 2676/2820/3439 2620/2821/3440 2715/2822/3441
f 2834/2755/135 2719/2823/3442 2716/2803/3424
f 2596/2736/3369 2595/2776/3401 2615/2772/3397
f 2650/2706/3343 2683/2768/3395 2655/2819/3438
f 2652/2818/3437 2651/2704/3341 2714/2824/3443
f 2635/2825/3444 2717/2826/3445 2676/2820/3439
f 2715/2822/3441 2611/2751/3380 2614/2746/3375
f 2832/2827/259 2667/2785/3406 2753/2778/3402
f 2738/2828/3446 2790/2829/3447 2630/2812/3431
f 2720/2830/3448 2619/2745/3374 2622/2813/3432
f 2626/2831/3449 2715/2822/3441 2720/2830/3448
f 2619/2745/3374 2716/2803/3424 2617/2814/3433
f 2620/2821/3440 2611/2751/3380 2715/2822/3441
f 2618/2832/3450 2715/2822/3441 2626/2831/3449
f 2716/2803/3424 2657/2759/3386 2617/2814/3433
f 2834/2755/135 2716/2803/3424 2835/2833/154
f 2675/2752/3381 2611/2751/3380 2620/2821/3440
f 2654/2834/3451 2616/2835/3452 2676/2820/3439
f 2652/2818/3437 2714/2824/3443 2653/2836/3453
f 2634/2837/3454 2631/2838/3455 2635/2825/3444
f 2617/2814/3433 2721/2839/3456 2622/2813/3432
f 2581/2738/168 2835/2833/154 2621/2740/3371
f 2619/2745/3374 2609/2722/3358 2621/2740/3371
f 2624/2761/3388 2721/2839/3456 2657/2759/3386
f 2749/2760/3387 2657/2759/3386 2719/2823/3442
f 2621/2740/3371 2835/2833/154 2716/2803/3424
f 2720/2830/3448 2614/2746/3375 2619/2745/3374
f 2721/2839/3456 2718/2840/3457 2622/2813/3432
f 2715/2822/3441 2614/2746/3375 2720/2830/3448
f 2718/2840/3457 2720/2830/3448 2622/2813/3432
f 2618/2832/3450 2722/2841/3458 2623/2842/3459
f 2625/2809/3428 2643/2810/3429 2642/2807/3426
f 2635/2825/3444 2631/2838/3455 2717/2826/3445
f 2639/2843/3460 2745/2844/3461 2641/2845/3462
f 2758/2811/3430 2625/2809/3428 2722/2841/3458
f 2624/2761/3388 2758/2811/3430 2721/2839/3456
f 2722/2841/3458 2626/2831/3449 2718/2840/3457
f 2722/2841/3458 2641/2845/3462 2623/2842/3459
f 2745/2844/3461 2639/2843/3460 2744/2846/3463
f 2746/2808/3427 2641/2845/3462 2625/2809/3428
f 2722/2841/3458 2618/2832/3450 2626/2831/3449
f 2720/2830/3448 2718/2840/3457 2626/2831/3449
f 2601/2735/3368 2820/2774/3399 2723/2765/3392
f 2631/2838/3455 2634/2837/3454 2711/2847/3464
f 2703/2789/3410 2627/2791/3412 2755/2816/3465
f 2792/2848/3466 2267/2805/1483 2767/2804/3425
f 2628/2815/3434 2713/2757/3384 2627/2791/3412
f 2827/2802/1461 2627/2791/3412 2728/2790/3411
f 2712/2742/3372 2713/2757/3384 2628/2815/3434
f 2827/2802/1461 2826/2743/1492 2628/2815/3434
f 2801/2849/3467 2664/2850/3468 2660/2851/3469
f 2735/2852/3470 2631/2838/3455 2736/2726/3362
f 2654/2834/3451 2676/2820/3439 2717/2826/3445
f 2630/2812/3431 2815/2853/3471 2814/2721/3357
f 2629/2720/3356 2736/2726/3362 2738/2828/3446
f 2738/2828/3446 2632/2854/3472 2790/2829/3447
f 2631/2838/3455 2711/2847/3464 2736/2726/3362
f 2741/2855/3473 2633/2856/3474 2632/2854/3472
f 2717/2826/3445 2757/2857/3475 2654/2834/3451
f 2812/2817/3436 2735/2852/3470 2737/2725/3361
f 2813/2719/3355 2737/2725/3361 2629/2720/3356
f 2629/2720/3356 2738/2828/3446 2630/2812/3431
f 2791/2858/3476 2815/2853/3471 2630/2812/3431
f 2742/2859/3477 2633/2856/3474 2661/2860/3478
f 2711/2847/3464 2632/2854/3472 2738/2828/3446
f 2633/2856/3474 2739/2861/3479 2632/2854/3472
f 2632/2854/3472 2634/2837/3454 2741/2855/3473
f 2739/2861/3479 2633/2856/3474 2742/2859/3477
f 2636/2862/3480 2637/2863/3481 2741/2855/3473
f 2636/2862/3480 2635/2825/3444 2618/2832/3450
f 2741/2855/3473 2740/2864/3482 2633/2856/3474
f 2638/2865/3483 2744/2846/3463 2784/2866/3484
f 2632/2854/3472 2711/2847/3464 2634/2837/3454
f 2634/2837/3454 2635/2825/3444 2741/2855/3473
f 2636/2862/3480 2741/2855/3473 2635/2825/3444
f 2676/2820/3439 2618/2832/3450 2635/2825/3444
f 2637/2863/3481 2740/2864/3482 2741/2855/3473
f 2618/2832/3450 2623/2842/3459 2636/2862/3480
f 2637/2863/3481 2744/2846/3463 2740/2864/3482
f 2636/2862/3480 2745/2844/3461 2637/2863/3481
f 2744/2846/3463 2661/2860/3478 2740/2864/3482
f 2744/2846/3463 2638/2865/3483 2661/2860/3478
f 2744/2846/3463 2639/2843/3460 2743/2867/3485
f 2659/2868/3486 2639/2843/3460 2746/2808/3427
f 2641/2845/3462 2746/2808/3427 2639/2843/3460
f 2636/2862/3480 2623/2842/3459 2745/2844/3461
f 2744/2846/3463 2637/2863/3481 2745/2844/3461
f 2638/2865/3483 2781/2869/3487 2782/2870/3488
f 2750/2871/3489 2644/2872/3490 2752/2873/3491
f 2722/2841/3458 2625/2809/3428 2641/2845/3462
f 2745/2844/3461 2623/2842/3459 2641/2845/3462
f 2659/2868/3486 2743/2867/3485 2639/2843/3460
f 2642/2807/3426 2640/2874/3492 2746/2808/3427
f 2640/2874/3492 2642/2807/3426 2646/2875/3493
f 1158/2753/149 2751/2779/3403 2749/2760/3387
f 2646/2875/3493 2642/2807/3426 2747/2876/3494
f 2624/2761/3388 2748/2788/3409 2643/2810/3429
f 2644/2872/3490 2750/2871/3489 2646/2875/3493
f 2582/2877/546 1159/2878/545 2666/2786/3407
f 2642/2807/3426 2643/2810/3429 2747/2876/3494
f 2832/2827/259 2753/2778/3402 2833/2780/257
f 2802/2879/3495 2753/2778/3402 2667/2785/3406
f 2747/2876/3494 2748/2788/3409 2673/2880/3496
f 2659/2868/3486 2640/2874/3492 2800/2881/3497
f 2747/2876/3494 2644/2872/3490 2646/2875/3493
f 2747/2876/3494 2643/2810/3429 2748/2788/3409
f 2748/2788/3409 2749/2760/3387 2645/2882/3498
f 2746/2808/3427 2640/2874/3492 2659/2868/3486
f 2751/2779/3403 2645/2882/3498 2749/2760/3387
f 2656/2754/3382 1158/2753/149 2749/2760/3387
f 2640/2874/3492 2646/2875/3493 2750/2871/3489
f 2752/2873/3491 2647/2883/3499 2750/2871/3489
f 2751/2779/3403 2753/2778/3402 2645/2882/3498
f 1158/2753/149 2833/2780/257 2751/2779/3403
f 2752/2873/3491 2794/2884/3500 2647/2883/3499
f 2669/2885/3501 1160/2886/3502 1336/2887/3503
f 2673/2880/3496 2748/2788/3409 2645/2882/3498
f 2802/2879/3495 2805/2888/3504 2674/2889/3505
f 2712/2742/3372 2681/2748/3377 2648/2756/3383
f 2754/2794/3417 2713/2757/3384 2648/2756/3383
f 2754/2794/3417 2605/2792/3413 2649/2799/3422
f 2627/2791/3412 2713/2757/3384 2755/2816/3465
f 2605/2792/3413 2694/2795/3418 2649/2799/3422
f 2754/2794/3417 2649/2799/3422 2755/2816/3435
f 2811/2705/3342 2684/2716/3352 2650/2706/3343
f 2655/2819/3438 2714/2824/3443 2650/2706/3343
f 2652/2818/3437 2585/2715/3351 2651/2704/3341
f 2650/2706/3343 2714/2824/3443 2651/2704/3341
f 2735/2852/3470 2812/2817/3436 2756/2890/3506
f 2653/2836/3453 2655/2819/3438 2616/2835/3452
f 2652/2818/3437 2653/2836/3453 2756/2890/3506
f 2812/2817/3436 2652/2818/3437 2756/2890/3506
f 2735/2852/3470 2757/2857/3475 2631/2838/3455
f 2616/2835/3452 2654/2834/3451 2653/2836/3453
f 2756/2890/3506 2653/2836/3453 2654/2834/3451
f 2717/2826/3445 2631/2838/3455 2757/2857/3475
f 2756/2890/3506 2654/2834/3451 2757/2857/3475
f 2653/2836/3453 2714/2824/3443 2655/2819/3438
f 2655/2819/3438 2675/2752/3381 2616/2835/3452
f 2834/2755/135 2656/2754/3382 2719/2823/3442
f 2749/2760/3387 2719/2823/3442 2656/2754/3382
f 2716/2803/3424 2719/2823/3442 2657/2759/3386
f 2721/2839/3456 2617/2814/3433 2657/2759/3386
f 2643/2810/3429 2625/2809/3428 2758/2811/3430
f 2792/2848/3466 2829/2891/1484 2267/2805/1483
f 2663/2781/3404 2830/2783/1464 2665/2892/3507
f 2743/2867/3485 2658/2893/3508 2784/2866/3484
f 1336/2887/3503 2670/2894/3509 2669/2885/3501
f 2784/2866/3484 2658/2893/3508 2781/2869/3487
f 2638/2865/3483 2798/2895/3510 2661/2860/3478
f 2750/2871/3489 2800/2881/3497 2640/2874/3492
f 2638/2865/3483 2784/2866/3484 2781/2869/3487
f 2781/2869/3487 2658/2893/3508 2783/2896/3511
f 2783/2896/3511 2800/2881/3497 2647/2883/3499
f 2743/2867/3485 2659/2868/3486 2658/2893/3508
f 2658/2893/3508 2800/2881/3497 2783/2896/3511
f 2660/2851/3469 2664/2850/3468 2663/2781/3404
f 2660/2851/3469 2807/2897/3512 2801/2849/3467
f 2633/2856/3474 2740/2864/3482 2661/2860/3478
f 2661/2860/3478 2798/2895/3510 2742/2859/3477
f 2672/2898/3513 2752/2873/3491 2805/2888/3504
f 2804/2899/3514 2672/2898/3513 2786/2900/3515
f 2666/2786/3407 2808/2901/3516 2668/2797/3420
f 2632/2854/3472 2739/2861/3479 2790/2829/3447
f 2791/2858/3476 2630/2812/3431 2790/2829/3447
f 2678/2902/3517 2815/2853/3471 2791/2858/3476
f 2665/2892/3507 2830/2783/1464 2829/2891/1484
f 2793/2903/3518 2733/2904/3519 2665/2892/3507
f 2799/2905/3520 2647/2883/3499 2794/2884/3500
f 2798/2895/3510 2638/2865/3483 2782/2870/3488
f 2647/2883/3499 2799/2905/3520 2783/2896/3511
f 2750/2871/3489 2647/2883/3499 2800/2881/3497
f 2658/2893/3508 2659/2868/3486 2800/2881/3497
f 2664/2850/3468 2831/2782/1431 2663/2781/3404
f 2665/2892/3507 2660/2851/3469 2663/2781/3404
f 2831/2782/1431 2664/2850/3468 1337/2906/1432
f 1336/2887/3503 1337/2906/1432 2670/2894/3509
f 2733/2904/3519 2660/2851/3469 2665/2892/3507
f 2665/2892/3507 2829/2891/1484 2793/2903/3518
f 2671/2907/3521 2803/2908/3522 2670/2894/3509
f 2667/2785/3406 2582/2877/546 2666/2786/3407
f 2662/2798/3421 2668/2797/3420 2672/2898/3513
f 2832/2827/259 2582/2877/546 2667/2785/3406
f 2673/2880/3496 2645/2882/3498 2753/2778/3402
f 2786/2900/3515 2668/2797/3420 2669/2885/3501
f 1159/2878/545 1160/2886/3502 2808/2901/3516
f 2802/2879/3495 2674/2889/3505 2673/2880/3496
f 2666/2786/3407 2662/2798/3421 2806/2784/3405
f 2669/2885/3501 2670/2894/3509 2786/2900/3515
f 2808/2901/3516 1160/2886/3502 2669/2885/3501
f 2786/2900/3515 2670/2894/3509 2803/2908/3522
f 2671/2907/3521 2801/2849/3467 2803/2908/3522
f 2671/2907/3521 2664/2850/3468 2801/2849/3467
f 2786/2900/3515 2672/2898/3513 2668/2797/3420
f 2664/2850/3468 2671/2907/3521 1337/2906/1432
f 2670/2894/3509 1337/2906/1432 2671/2907/3521
f 2806/2784/3405 2662/2798/3421 2805/2888/3504
f 2752/2873/3491 2672/2898/3513 2804/2899/3514
f 2674/2889/3505 2747/2876/3494 2673/2880/3496
f 2753/2778/3402 2802/2879/3495 2673/2880/3496
f 2747/2876/3494 2674/2889/3505 2644/2872/3490
f 2674/2889/3505 2805/2888/3504 2644/2872/3490
f 2752/2873/3491 2644/2872/3490 2805/2888/3504
f 2672/2898/3513 2805/2888/3504 2662/2798/3421
f 2667/2785/3406 2806/2784/3405 2802/2879/3495
f 2660/2851/3469 2733/2904/3519 2807/2897/3512
f 2666/2786/3407 1159/2878/545 2808/2901/3516
f 2669/2885/3501 2668/2797/3420 2808/2901/3516
f 2655/2819/3438 2615/2772/3397 2675/2752/3381
f 2620/2821/3440 2616/2835/3452 2675/2752/3381
f 2715/2822/3441 2618/2832/3450 2676/2820/3439
f 2676/2820/3439 2616/2835/3452 2620/2821/3440
f 2727/2909/3523 2760/2910/3524 2761/2911/3525
f 2765/2912/3526 2678/2902/3527 2816/2913/3528
f 2709/2914/3529 2710/2915/3530 2734/2916/3531
f 2692/2917/3532 2693/2793/3533 2694/2795/3534
f 2710/2915/3530 2788/2918/3535 2734/2916/3531
f 2732/2919/3536 2704/2920/3537 2787/2921/3538
f 2700/2922/3539 2724/2923/3540 2698/2924/3541
f 2692/2917/3532 2699/2925/3542 2698/2924/3541
f 2767/2804/3543 2769/2926/3544 2730/2927/3545
f 2727/2909/3523 2726/2928/3546 2700/2922/3539
f 2724/2923/3540 2700/2922/3539 2726/2928/3546
f 2691/2764/3547 2693/2793/3533 2695/2767/3548
f 2736/2726/3549 2738/2828/3550 2711/2847/3551
f 2685/2747/3552 2690/2733/3553 2689/2734/3554
f 2677/2796/3555 2695/2767/3548 2696/2929/3556
f 2704/2920/3537 2732/2919/3536 2702/2930/3557
f 2695/2767/3548 2693/2793/3533 2692/2917/3532
f 2706/2931/3558 2707/2932/3559 2731/2933/3560
f 2706/2931/3558 2731/2933/3560 2729/2934/3561
f 2692/2917/3532 2696/2929/3556 2695/2767/3548
f 2698/2924/3541 2696/2929/3556 2692/2917/3532
f 2724/2923/3540 2677/2796/3555 2696/2929/3556
f 2694/2795/3534 2702/2930/3557 2699/2925/3542
f 2694/2795/3534 2699/2925/3542 2692/2917/3532
f 2700/2922/3539 2698/2924/3541 2697/2935/3562
f 2705/2800/3563 2701/2936/3564 2702/2930/3557
f 2732/2919/3536 2698/2924/3541 2699/2925/3542
f 2760/2910/3524 2727/2909/3523 2700/2922/3539
f 2726/2928/3546 2816/2913/3528 2817/2937/3565
f 2701/2936/3564 2705/2800/3563 2707/2932/3559
f 2768/2938/3566 2792/2848/3567 2793/2903/3568
f 2702/2930/3557 2701/2936/3564 2734/2916/3531
f 2709/2914/3529 2701/2936/3564 2707/2932/3559
f 2702/2930/3557 2694/2795/3534 2705/2800/3563
f 2705/2800/3563 2731/2933/3560 2707/2932/3559
f 2730/2927/3545 2766/2939/3569 2767/2804/3543
f 2703/2789/3570 2731/2933/3560 2705/2800/3563
f 2707/2932/3559 2773/2940/3571 2709/2914/3529
f 2730/2927/3545 2706/2931/3558 2729/2934/3561
f 2706/2931/3558 2773/2940/3571 2707/2932/3559
f 2710/2915/3530 2709/2914/3529 2708/2941/3572
f 2764/2942/3573 2678/2902/3527 2765/2912/3526
f 2721/2839/3574 2718/2840/3575 2722/2841/3576
f 2690/2733/3577 2691/2764/3578 2723/2765/3579
f 2817/2937/3565 2677/2796/3555 2724/2923/3540
f 2696/2929/3556 2698/2924/3541 2724/2923/3540
f 2787/2921/3538 2697/2935/3562 2732/2919/3536
f 2817/2937/3565 2724/2923/3540 2726/2928/3546
f 2700/2922/3539 2697/2935/3562 2760/2910/3524
f 2727/2909/3523 2761/2911/3525 2789/2943/3580
f 2765/2912/3526 2726/2928/3546 2727/2909/3523
f 2729/2934/3561 2728/2790/3581 2268/2801/2229
f 2268/2801/2229 2828/2806/2234 2766/2939/3569
f 2766/2939/3569 2730/2927/3545 2729/2934/3561
f 2773/2940/3571 2730/2927/3545 2771/2944/3582
f 2731/2933/3560 2703/2789/3570 2728/2790/3581
f 2729/2934/3561 2731/2933/3560 2728/2790/3581
f 2697/2935/3562 2698/2924/3541 2732/2919/3536
f 2699/2925/3542 2702/2930/3557 2732/2919/3536
f 2807/2897/3583 2801/2849/3584 2809/2945/3585
f 2704/2920/3537 2702/2930/3557 2734/2916/3531
f 2701/2936/3564 2709/2914/3529 2734/2916/3531
f 2764/2942/3573 2791/2858/3586 2678/2902/3527
f 2735/2852/3587 2737/2725/3588 2736/2726/3589
f 2779/2946/3590 2780/2947/3591 2710/2915/3530
f 2785/2948/3592 2742/2859/3593 2739/2861/3594
f 2761/2911/3525 2762/2949/3595 2725/2950/3596
f 2777/2951/3597 2795/2952/3598 2776/2953/3599
f 2798/2895/3600 2763/2954/3601 2782/2870/3602
f 2708/2941/3572 2777/2951/3597 2779/2946/3590
f 2794/2884/3603 2775/2955/3604 2752/2873/3605
f 2713/2757/3606 2755/2816/3607 2754/2794/3608
f 2705/2800/3563 2755/2816/3609 2703/2789/3570
f 2735/2852/3610 2757/2857/3611 2756/2890/3612
f 2721/2839/3574 2722/2841/3576 2758/2811/3613
f 2710/2915/3530 2763/2954/3601 2788/2918/3535
f 2759/2956/3614 2763/2954/3601 2762/2949/3595
f 2697/2935/3562 2787/2921/3538 2760/2910/3524
f 2759/2956/3614 2761/2911/3525 2760/2910/3524
f 2759/2956/3614 2762/2949/3595 2761/2911/3525
f 2789/2943/3580 2761/2911/3525 2725/2950/3596
f 2787/2921/3538 2788/2918/3535 2759/2956/3614
f 2762/2949/3595 2742/2859/3593 2725/2950/3596
f 2779/2946/3590 2777/2951/3597 2797/2957/3615
f 2762/2949/3595 2798/2895/3600 2742/2859/3593
f 2785/2948/3592 2764/2942/3573 2789/2943/3580
f 2790/2829/3616 2764/2942/3573 2785/2948/3592
f 2816/2913/3528 2726/2928/3546 2765/2912/3526
f 2789/2943/3580 2765/2912/3526 2727/2909/3523
f 2729/2934/3561 2268/2801/2229 2766/2939/3569
f 2828/2806/2234 2767/2804/3543 2766/2939/3569
f 2769/2926/3544 2767/2804/3543 2768/2938/3566
f 2768/2938/3566 2770/2958/3617 2769/2926/3544
f 2733/2904/3618 2770/2958/3617 2768/2938/3566
f 2708/2941/3572 2773/2940/3571 2771/2944/3582
f 2775/2955/3604 2772/2959/3619 2774/2960/3620
f 2770/2958/3617 2733/2904/3618 2774/2960/3620
f 2771/2944/3582 2730/2927/3545 2769/2926/3544
f 2770/2958/3617 2795/2952/3598 2769/2926/3544
f 2774/2960/3620 2776/2953/3599 2795/2952/3598
f 2708/2941/3572 2709/2914/3529 2773/2940/3571
f 2706/2931/3558 2730/2927/3545 2773/2940/3571
f 2774/2960/3620 2733/2904/3618 2807/2897/3583
f 2776/2953/3599 2774/2960/3620 2772/2959/3619
f 2733/2904/3618 2768/2938/3566 2793/2903/3568
f 2763/2954/3601 2710/2915/3530 2780/2947/3591
f 2777/2951/3597 2708/2941/3572 2771/2944/3582
f 2771/2944/3582 2795/2952/3598 2777/2951/3597
f 2796/2961/3621 2797/2957/3615 2776/2953/3599
f 2796/2961/3621 2776/2953/3599 2772/2959/3619
f 2796/2961/3621 2799/2905/3622 2783/2896/3623
f 2780/2947/3591 2779/2946/3590 2778/2962/3624
f 2779/2946/3590 2710/2915/3530 2708/2941/3572
f 2778/2962/3624 2781/2869/3625 2780/2947/3591
f 2781/2869/3625 2782/2870/3602 2780/2947/3591
f 2778/2962/3624 2783/2896/3623 2781/2869/3625
f 2782/2870/3602 2763/2954/3601 2780/2947/3591
f 2796/2961/3621 2783/2896/3623 2778/2962/3624
f 2743/2867/3626 2744/2846/3627 2784/2866/3628
f 2790/2829/3616 2785/2948/3592 2739/2861/3594
f 2785/2948/3592 2725/2950/3596 2742/2859/3593
f 2775/2955/3604 2807/2897/3583 2809/2945/3585
f 2704/2920/3537 2788/2918/3535 2787/2921/3538
f 2759/2956/3614 2760/2910/3524 2787/2921/3538
f 2734/2916/3531 2788/2918/3535 2704/2920/3537
f 2788/2918/3535 2763/2954/3601 2759/2956/3614
f 2725/2950/3596 2785/2948/3592 2789/2943/3580
f 2764/2942/3573 2765/2912/3526 2789/2943/3580
f 2764/2942/3573 2790/2829/3616 2791/2858/3586
f 2829/2891/3629 2793/2903/3568 2792/2848/3567
f 2768/2938/3566 2767/2804/3543 2792/2848/3567
f 2794/2884/3603 2772/2959/3619 2775/2955/3604
f 2771/2944/3582 2769/2926/3544 2795/2952/3598
f 2770/2958/3617 2774/2960/3620 2795/2952/3598
f 2799/2905/3622 2796/2961/3621 2772/2959/3619
f 2797/2957/3615 2778/2962/3624 2779/2946/3590
f 2777/2951/3597 2776/2953/3599 2797/2957/3615
f 2796/2961/3621 2778/2962/3624 2797/2957/3615
f 2762/2949/3595 2763/2954/3601 2798/2895/3600
f 2772/2959/3619 2794/2884/3603 2799/2905/3622
f 2809/2945/3585 2803/2908/3630 2804/2899/3631
f 2804/2899/3631 2803/2908/3630 2786/2900/3632
f 2752/2873/3605 2775/2955/3604 2804/2899/3631
f 2802/2879/3633 2805/2888/3634 2806/2784/3635
f 2775/2955/3604 2774/2960/3620 2807/2897/3583
f 2801/2849/3584 2803/2908/3630 2809/2945/3585
f 2809/2945/3585 2804/2899/3631 2775/2955/3604
f 2861/2963/145 1162/2964/144 2860/2965/3636
f 1162/2964/144 2877/2966/166 2848/2967/3637
f 2876/2968/162 901/2969/164 2839/2970/3638
f 901/2969/164 1163/2971/158 2839/2970/3638
f 2877/2966/166 2876/2968/162 2849/2972/3639
f 1164/2973/275 2874/2974/153 2840/2975/3640
f 2874/2974/153 2873/2976/287 2840/2975/3640
f 2872/2977/288 2871/2978/175 2838/2979/3641
f 2870/2980/295 2869/2981/291 2852/2982/3642
f 2871/2978/175 2870/2980/295 2841/2983/3643
f 2873/2976/287 2872/2977/288 2851/2984/3644
f 1162/2964/144 2848/2967/3637 2860/2965/3636
f 2850/2985/3645 1163/2971/158 2875/2986/274
f 2877/2966/166 2849/2972/3639 2848/2967/3637
f 2849/2972/3639 2876/2968/162 2839/2970/3638
f 2837/2987/3646 2850/2985/3645 2875/2986/274
f 1163/2971/158 2850/2985/3645 2839/2970/3638
f 1164/2973/275 2837/2987/3646 2875/2986/274
f 2840/2975/3640 2837/2987/3646 1164/2973/275
f 2838/2979/3641 2851/2984/3644 2872/2977/288
f 2851/2984/3644 2840/2975/3640 2873/2976/287
f 2838/2979/3641 2871/2978/175 2841/2983/3643
f 2853/2988/3647 2852/2982/3642 2868/2989/1440
f 2870/2980/295 2852/2982/3642 2841/2983/3643
f 2868/2989/1440 2867/2990/1412 2853/2988/3647
f 2852/2982/3642 2869/2981/291 2868/2989/1440
f 2865/2991/1429 2854/2992/3648 2866/2993/1430
f 2866/2993/1430 2854/2992/3648 2329/2994/1411
f 2843/2995/3649 2865/2991/1429 2330/2996/1378
f 2847/2997/1377 2855/2998/3650 2330/2996/1378
f 2847/2997/2063 2864/2999/1424 2856/3000/3651
f 2867/2990/1412 2329/2994/1411 2842/3001/3652
f 2857/3002/3653 2863/3003/1760 2862/3004/1510
f 2844/3005/3654 2260/3006/1500 2863/3003/1760
f 2860/3007/3636 2264/3008/184 2861/3009/145
f 2864/2999/1424 2260/3006/1500 2844/3005/3654
f 2845/3010/3655 2862/3004/1510 1335/3011/1509
f 2842/3001/3652 2329/2994/1411 2854/2992/3648
f 2854/2992/3648 2865/2991/1429 2843/2995/3649
f 2844/3005/3654 2863/3003/1760 2857/3002/3653
f 2864/2999/1424 2844/3005/3654 2856/3000/3651
f 2330/2996/1378 2855/2998/3650 2843/2995/3649
f 2845/3010/3655 1335/3011/1509 2858/3012/3656
f 2845/3010/3655 2857/3002/3653 2862/3004/1510
f 2859/3013/3657 2262/3014/1496 2263/3015/1486
f 2858/3012/3656 2261/3016/1355 2262/3014/1354
f 2846/3017/3658 2263/3015/1486 2264/3008/184
f 2859/3013/3657 2263/3015/1486 2846/3017/3658
f 2264/3008/184 2860/3007/3636 2846/3017/3658
f 2261/3016/1355 2858/3012/3656 1335/3011/1509
f 2867/2990/1412 2842/3001/3652 2853/2988/3647
f 2847/2997/3659 2855/2998/3660 2856/3000/3661
f 2859/3013/3662 2262/3014/3663 2858/3012/3664
