# Blender 4.5.2 LTS
# www.blender.org
mtllib Female_T-Shirt_avatar_edited_stand.mtl
o SkinnedMesh_Avatar_0_Sub_0
v 0.057901 1.034767 0.116062
v 0.114144 0.866700 0.123169
v 0.080136 1.609135 0.074398
v 0.056096 1.539942 0.073032
v 0.082275 1.725728 0.049544
v 0.179328 1.406591 0.047066
v 0.067907 1.538046 0.034949
v 0.188021 1.344530 0.026138
v 0.090694 1.569368 0.007300
v 0.088020 1.485934 0.035000
v 0.198707 1.313399 -0.022268
v 0.192601 0.056238 0.163416
v 0.238454 0.053814 0.095497
v 0.073501 0.815494 -0.006094
v 0.102995 1.710290 -0.056371
v 0.180568 0.010797 0.057910
v 0.104610 1.453727 -0.113407
v 0.084477 0.907734 0.110551
v 0.131125 0.881355 0.122903
v 0.098045 1.703651 0.043984
v 0.168704 1.379493 0.068705
v 0.084512 1.551535 0.017688
v 0.049484 1.528709 0.047489
v 0.185699 1.355150 0.054178
v 0.198200 1.374091 0.019193
v 0.184215 1.331541 0.009331
v 0.103474 1.601062 0.007953
v 0.115886 1.501201 -0.022299
v 0.106885 1.475716 0.023135
v 0.168552 0.079590 0.118666
v 0.256712 0.051294 0.130043
v 0.233552 0.080130 0.105117
v 0.224207 0.082390 0.080086
v 0.067410 0.833148 -0.012469
v 0.080482 0.803748 -0.010395
v 0.092854 0.823748 -0.043757
v 0.209935 1.381149 -0.086822
v 0.199832 1.378306 -0.101177
v 0.191385 1.418826 -0.111369
v 0.088767 1.495259 -0.086506
v 0.073121 1.460638 -0.107497
v 0.157701 1.446512 -0.111678
v 0.097470 1.508090 -0.067650
v 0.050454 1.576106 -0.064503
v 0.057002 1.621458 -0.092844
v 0.057262 1.671940 -0.103674
v 0.062016 1.709075 -0.095811
v 0.063501 1.739979 -0.070429
v 0.055874 1.758590 -0.044248
v 0.053302 1.760771 0.021849
v 0.053201 1.746846 0.052788
v 0.045362 1.713290 0.082844
v 0.046210 1.622190 0.102738
v 0.040284 1.586920 0.103502
v 0.045606 1.536760 0.083649
v 0.060340 1.513527 0.032752
v 0.068972 1.496069 0.036793
v 0.058814 1.393659 0.078716
v 0.080286 1.266681 0.111606
v 0.065384 1.232406 0.110471
v 0.066752 1.193498 0.117693
v 0.062366 1.119187 0.119724
v 0.068026 1.077811 0.113165
v 0.095977 1.064139 0.108700
v 0.148830 0.976568 0.077211
v 0.162883 0.958704 0.078111
v 0.172904 0.968579 0.063686
v 0.192064 0.905500 0.051458
v 0.189503 0.905436 0.029180
v 0.197284 0.794603 0.025420
v 0.176830 0.815176 -0.005665
v 0.146504 0.789290 -0.017024
v 0.125167 0.764478 -0.013548
v 0.113093 0.661280 0.029675
v 0.095482 0.647520 0.061102
v 0.091063 0.648248 0.104307
v 0.120794 0.629512 0.167155
v 0.150538 0.598121 0.178300
v 0.135406 0.583347 0.175788
v 0.161883 0.583357 0.174234
v 0.185113 0.619302 0.166761
v 0.179017 0.585296 0.167742
v 0.174183 0.556558 0.181097
v 0.203828 0.585284 0.145898
v 0.200305 0.549893 0.144399
v 0.189802 0.533062 0.170014
v 0.210955 0.515303 0.112049
v 0.209611 0.498313 0.127025
v 0.210744 0.508007 0.096380
v 0.204389 0.503705 0.081367
v 0.187593 0.506254 0.068553
v 0.201307 0.417962 0.039074
v 0.177670 0.409932 0.031957
v 0.153511 0.350953 0.037074
v 0.141948 0.323348 0.052011
v 0.130461 0.360231 0.073152
v 0.136399 0.310510 0.072054
v 0.136679 0.319923 0.093259
v 0.153693 0.289083 0.113346
v 0.178273 0.176558 0.118207
v 0.181195 0.319677 0.133358
v 0.196517 0.291725 0.132221
v 0.220194 0.178103 0.110204
v 0.205011 0.174770 0.122194
v 0.224173 0.176397 0.100954
v 0.223901 0.173473 0.092813
v 0.222433 0.141381 0.107858
v 0.223530 0.122189 0.090047
v 0.220622 0.170871 0.079625
v 0.213919 0.126144 0.076110
v 0.207079 0.072680 0.066816
v 0.187257 0.104220 0.064603
v 0.191601 0.034928 0.050347
v 0.178500 0.088012 0.063723
v 0.170276 0.033817 0.053929
v 0.158408 0.040535 0.069371
v 0.162392 0.019783 0.065582
v 0.158484 0.021978 0.096682
v 0.165820 0.009967 0.084490
v 0.170756 0.011996 0.100830
v 0.200398 0.019460 0.143798
v 0.185521 0.040268 0.146024
v 0.198254 0.035872 0.170684
v 0.209739 0.020371 0.215981
v 0.209509 0.061078 0.189091
v 0.225692 0.033507 0.244807
v 0.229084 0.049105 0.222797
v 0.212223 0.018977 0.175891
v 0.217606 0.009783 0.137025
v 0.196841 0.011114 0.061542
v 0.209367 0.141287 0.124722
v 0.198241 0.172305 0.125338
v 0.190973 0.177538 0.126400
v 0.171246 0.348648 0.029123
v 0.196851 0.370891 0.029899
v 0.224638 0.411284 0.057779
v 0.196348 0.469579 0.145210
v 0.177997 0.511177 0.175545
v 0.160962 0.537696 0.181463
v 0.146431 0.555442 0.172276
v 0.115508 0.577547 0.156566
v 0.104092 0.587065 0.132547
v 0.092181 0.643229 0.078667
v 0.133551 0.684914 0.008341
v 0.158477 0.683531 0.006632
v 0.205515 0.819981 0.048509
v 0.134381 0.966160 0.087782
v 0.113177 0.975676 0.090883
v 0.084996 0.979997 0.109885
v 0.056407 0.980292 0.114873
v 0.059557 0.916826 0.120434
v 0.056093 0.868389 0.117790
v 0.060119 0.829002 0.022793
v 0.064090 0.829410 0.005849
v 0.084331 0.968264 -0.092216
v 0.083076 1.063628 -0.068134
v 0.072988 1.313117 -0.112356
v 0.065568 1.393694 -0.119239
v 0.108622 1.402076 -0.128419
v 0.139693 1.414273 -0.125988
v 0.163305 1.478623 -0.081667
v 0.126834 1.499390 -0.066292
v 0.140594 1.500426 -0.049727
v 0.097948 1.516120 -0.041150
v 0.052696 1.548442 -0.057538
v 0.064222 1.578413 -0.057821
v 0.061645 1.609991 -0.083306
v 0.082909 1.704139 -0.084924
v 0.086743 1.737694 -0.051168
v 0.064307 1.762403 -0.017793
v 0.078471 1.750616 0.015545
v 0.062067 1.714180 0.075034
v 0.065325 1.630247 0.088384
v 0.055782 1.586786 0.094121
v 0.080719 1.561265 0.055961
v 0.095616 1.582905 0.040062
v 0.097295 1.610663 0.047496
v 0.111357 1.611603 -0.007172
v 0.118145 1.636562 -0.010518
v 0.114385 1.651470 -0.018412
v 0.100977 1.651204 -0.059445
v 0.109281 1.682330 -0.050005
v 0.091994 1.669373 -0.080108
v 0.094899 1.738964 -0.020883
v 0.100648 1.719617 0.024636
v 0.084069 1.698371 0.062772
v 0.108794 1.660503 0.017571
v 0.111930 1.705743 -0.018530
v 0.111072 1.695454 0.008077
v 0.084879 1.628407 -0.073799
v 0.086053 1.588072 -0.034670
v 0.090928 1.575886 -0.007079
v 0.086590 1.526745 0.004213
v 0.079981 1.512667 0.031021
v 0.073773 1.443043 0.056534
v 0.118536 1.348921 0.100280
v 0.155895 1.325392 0.101504
v 0.148770 1.293697 0.105684
v 0.174497 1.317799 0.090274
v 0.154416 1.268623 0.092597
v 0.151085 1.223230 0.093754
v 0.167763 1.204310 0.076358
v 0.179425 1.193519 0.057552
v 0.198866 1.238543 0.022908
v 0.194065 1.192676 0.014941
v 0.177765 1.131808 0.001567
v 0.174979 1.134142 -0.020021
v 0.164983 1.090606 -0.020016
v 0.142151 1.085185 -0.044615
v 0.159654 1.058500 -0.026144
v 0.134736 1.045733 -0.050677
v 0.115004 1.069401 -0.058352
v 0.113630 1.032161 -0.065790
v 0.082784 1.024324 -0.076176
v 0.082757 0.961123 -0.093389
v 0.078322 0.913029 -0.094703
v 0.075822 0.872806 -0.079803
v 0.101937 0.845484 -0.070181
v 0.074724 0.845757 -0.051778
v 0.058143 0.829373 0.045847
v 0.061277 0.821546 0.064868
v 0.065114 0.825981 0.080348
v 0.081790 0.822398 0.106189
v 0.103394 0.852535 0.119771
v 0.153373 0.829098 0.136869
v 0.201686 0.649522 0.047488
v 0.182900 0.641981 0.029291
v 0.170675 0.553666 0.057881
v 0.143004 0.554105 0.056949
v 0.117879 0.526834 0.084724
v 0.125735 0.474595 0.095304
v 0.127614 0.484992 0.117235
v 0.132893 0.485864 0.132944
v 0.169143 0.443989 0.149776
v 0.205490 0.359301 0.133399
v 0.230275 0.330319 0.107151
v 0.236298 0.337468 0.089245
v 0.233849 0.278204 0.075197
v 0.225204 0.271817 0.057369
v 0.196232 0.175201 0.057135
v 0.184434 0.175559 0.057164
v 0.171137 0.175923 0.064765
v 0.172663 0.172648 0.067028
v 0.174483 0.127743 0.072520
v 0.166740 0.142899 0.099373
v 0.168652 0.145801 0.108919
v 0.164094 0.105476 0.115536
v 0.185099 0.093557 0.142428
v 0.206617 0.085480 0.164340
v 0.230852 0.066342 0.190624
v 0.251811 0.060904 0.187556
v 0.263196 0.054620 0.163107
v 0.302582 0.023729 0.184455
v 0.302396 0.015252 0.180436
v 0.296573 0.007812 0.181825
v 0.226907 0.007201 0.224621
v 0.229159 0.011317 0.174166
v 0.265405 0.007728 0.166941
v 0.268609 0.013613 0.135143
v 0.217553 0.017797 0.070956
v 0.214751 0.029093 0.062827
v 0.270243 0.023152 0.129823
v 0.229274 0.097495 0.120443
v 0.217089 0.112822 0.132667
v 0.198690 0.127913 0.135352
v 0.187305 0.174524 0.123363
v 0.153425 0.242944 0.098480
v 0.152120 0.238839 0.078857
v 0.164580 0.299767 0.037543
v 0.185352 0.316764 0.029845
v 0.217867 0.356973 0.040201
v 0.229672 0.365037 0.054216
v 0.233179 0.403124 0.087008
v 0.229043 0.391295 0.108899
v 0.220557 0.370291 0.121935
v 0.183452 0.449808 0.150660
v 0.173733 0.469746 0.160217
v 0.159001 0.509027 0.174951
v 0.130364 0.528854 0.151292
v 0.106686 0.553301 0.105819
v 0.101677 0.659643 0.042380
v 0.170216 0.707904 0.005395
v 0.188496 0.709018 0.018776
v 0.211191 0.730199 0.061648
v 0.216544 0.704818 0.090745
v 0.208142 0.814762 0.079309
v 0.197047 0.852385 0.085968
v 0.197398 0.788030 0.116824
v 0.178551 0.845046 0.115796
v 0.165960 0.836922 0.128958
v 0.097094 0.937918 0.102237
v 0.081516 0.955681 0.111043
v 0.076805 0.875159 0.113615
v 0.069687 0.843366 0.100926
v 0.059047 0.833332 0.080634
v 0.209579 0.721688 0.120219
v 0.150193 0.464722 0.146213
v 0.236057 0.361538 0.070717
v 0.207118 0.295611 0.038998
v 0.164541 0.226006 0.058611
v 0.162555 0.176871 0.082467
v 0.164658 0.176748 0.102598
v 0.165856 0.174058 0.096987
v 0.181806 0.142828 0.124173
v 0.195657 0.108800 0.143577
v 0.211571 0.100363 0.149084
v 0.231991 0.087252 0.148001
v 0.167179 0.089523 0.086789
v 0.184466 0.170176 0.059028
v 0.210124 0.175801 0.063875
v 0.165438 0.352850 0.131303
v 0.137670 0.385709 0.110795
v 0.130298 0.479097 0.075303
v 0.140429 0.502625 0.067725
v 0.194010 0.558539 0.069156
v 0.209055 0.580262 0.085145
v 0.214758 0.669908 0.118267
v 0.206133 0.663292 0.141552
v 0.175179 0.677449 0.165405
v 0.063456 0.761162 0.071277
v 0.098568 0.796510 -0.017002
v 0.113416 0.811815 -0.037661
v 0.132562 0.788581 -0.018515
v 0.132553 0.838110 -0.055814
v 0.116747 0.871997 -0.078775
v 0.111925 0.918806 -0.086831
v 0.112921 0.964159 -0.084619
v 0.169029 1.052714 0.003492
v 0.168918 1.105735 0.034305
v 0.110530 1.274861 0.110313
v 0.119493 1.292421 0.113858
v 0.085403 1.306021 0.111095
v 0.119997 1.243420 0.109249
v 0.106825 1.223144 0.107003
v 0.134739 1.200642 0.096627
v 0.144341 1.166123 0.086625
v 0.150038 1.135035 0.075570
v 0.166115 1.061133 0.025100
v 0.176145 1.008478 -0.004806
v 0.135103 0.959395 -0.069229
v 0.139532 0.954897 -0.065687
v 0.138029 0.872566 -0.064431
v 0.165698 0.862307 -0.027967
v 0.162380 0.796180 -0.012777
v 0.066833 0.758522 0.037019
v 0.091966 0.681521 0.122962
v 0.097354 0.714110 0.133929
v 0.136741 0.638981 0.173656
v 0.151557 0.685830 0.167494
v 0.192794 0.686092 0.152917
v 0.212658 0.591761 0.110892
v 0.163399 0.506295 0.063319
v 0.167263 0.485809 0.053694
v 0.154754 0.415078 0.038915
v 0.136913 0.386108 0.052286
v 0.149560 0.372698 0.122701
v 0.211998 0.245749 0.121862
v 0.221688 0.177146 0.077846
v 0.207792 0.171633 0.065185
v 0.194848 0.172160 0.059058
v 0.174014 0.097064 0.070616
v 0.160249 0.047041 0.101566
v 0.167540 0.917361 -0.023754
v 0.160344 0.961788 -0.035518
v 0.164857 1.026771 0.034323
v 0.150830 1.054609 0.058557
v 0.124252 1.116947 0.099044
v 0.093410 1.189725 0.117477
v 0.098547 1.150534 0.111171
v 0.069006 1.161993 0.114603
v 0.101409 1.106796 0.112252
v 0.151481 1.018462 0.057288
v 0.180917 0.963965 0.003721
v 0.183316 0.967973 0.037833
v 0.122388 1.046621 0.090189
v 0.080922 1.114220 0.119428
v 0.086311 1.096440 -0.067191
v 0.084648 1.136650 -0.071661
v 0.089323 1.187679 -0.082460
v 0.111376 1.351864 -0.128984
v 0.142752 1.370188 -0.131374
v 0.238410 1.439350 -0.080808
v 0.239910 1.452547 -0.061760
v 0.150984 1.497404 -0.032354
v 0.094412 1.519499 -0.019380
v 0.088597 1.521238 0.015939
v 0.079408 1.541052 -0.030978
v 0.075062 1.547948 -0.040174
v 0.074971 1.564281 -0.040684
v 0.136423 1.478591 0.002104
v 0.098586 1.458650 0.041761
v 0.104590 1.429183 0.063811
v 0.146370 1.358679 0.091765
v 0.182042 1.306629 0.073612
v 0.182924 1.289183 0.052043
v 0.181805 1.176304 -0.039605
v 0.160195 1.127957 -0.039743
v 0.136444 1.124514 -0.055823
v 0.106992 1.129468 -0.067842
v 0.110706 1.169729 -0.077782
v 0.128605 1.286928 -0.111529
v 0.129371 1.335922 -0.127472
v 0.164173 1.353857 -0.125846
v 0.203048 1.343853 -0.085497
v 0.205890 1.350974 -0.067137
v 0.187840 1.352413 -0.012499
v 0.203023 1.334231 -0.050007
v 0.207540 1.261002 -0.032292
v 0.205885 1.270560 -0.055458
v 0.198961 1.274014 -0.075842
v 0.181573 1.267689 -0.089930
v 0.138199 1.193196 -0.079585
v 0.160437 1.166148 -0.056284
v 0.184935 1.311323 0.030958
v 0.172888 1.324858 -0.111869
v 0.196521 1.369829 0.004459
v 0.202095 1.378605 -0.071506
v 0.218744 1.386804 -0.091828
v 0.229121 1.414203 -0.093750
v 0.245978 1.403330 -0.086775
v 0.242619 1.432815 -0.082588
v 0.229577 1.466673 -0.028299
v 0.180715 1.484422 -0.009944
v 0.149065 1.441508 0.043031
v 0.203285 1.437298 0.028717
v 0.195126 1.386358 0.038994
v 0.191643 1.363651 -0.025587
v 0.257879 1.397991 -0.077848
v 0.239138 1.459310 -0.031242
v 0.231425 1.463423 -0.014001
v 0.179211 1.458662 0.023307
v 0.200966 1.374998 0.007664
v 0.194176 1.369023 -0.005786
v 0.199484 1.363188 -0.056933
v 0.220672 1.326240 -0.072710
v 0.236352 1.325962 -0.084211
v 0.255897 1.364975 -0.087432
v 0.272659 1.382143 -0.056217
v 0.222496 1.458780 0.008160
v 0.212280 1.445866 0.021814
v 0.233647 1.403617 0.018667
v 0.211726 1.317637 -0.056459
v 0.288297 1.320742 -0.057851
v 0.276782 1.371006 -0.043731
v 0.272341 1.353443 -0.011415
v 0.258572 1.359656 0.002342
v 0.234415 1.369564 0.012634
v 0.214242 1.363366 0.012120
v 0.207138 1.304647 -0.029333
v 0.293127 1.265281 -0.068396
v 0.278444 1.355124 -0.027060
v 0.240499 1.189911 -0.019843
v 0.243261 1.178696 -0.045725
v 0.239040 1.382491 -0.092617
v 0.243269 1.202752 -0.006014
v 0.324196 1.169123 -0.016159
v 0.239287 1.209895 -0.057150
v 0.249813 1.211808 -0.067284
v 0.273179 1.215259 -0.074684
v 0.301189 1.203115 -0.001198
v 0.289682 1.184213 0.003153
v 0.255183 1.209100 0.005322
v 0.277228 1.162965 -0.003224
v 0.266640 1.144767 -0.016800
v 0.287151 1.137205 -0.068043
v 0.317013 1.135032 -0.057532
v 0.318832 1.204892 -0.044563
v 0.307847 1.216551 -0.010933
v 0.261156 1.110999 -0.043289
v 0.325056 1.131478 -0.042540
v 0.325095 1.123183 0.000144
v 0.316604 1.115873 0.008729
v 0.303135 1.107659 0.012160
v 0.291732 1.091451 0.007593
v 0.303708 1.159824 -0.066841
v 0.257553 1.139804 -0.030500
v 0.266651 1.109416 -0.057340
v 0.277934 1.093505 -0.061317
v 0.304739 1.072487 -0.062063
v 0.333475 1.026400 0.001936
v 0.302588 1.003769 0.006063
v 0.286098 1.029675 -0.025360
v 0.288871 1.023121 -0.036742
v 0.335021 1.057425 -0.026410
v 0.337591 1.031376 -0.010743
v 0.314144 0.995526 0.013409
v 0.286566 1.041225 -0.011827
v 0.335371 0.942525 -0.032105
v 0.342990 0.945398 -0.025501
v 0.339705 0.951793 0.005744
v 0.300381 0.974476 -0.000659
v 0.318197 0.941377 -0.031974
v 0.327753 0.941994 -0.034083
v 0.347421 0.949670 -0.010212
v 0.308719 0.946413 0.010818
v 0.308794 0.939889 -0.021279
v 0.318628 0.950584 0.017701
v 0.330074 0.948449 0.018495
v 0.341134 0.948684 0.006562
v 0.345216 0.940845 -0.022664
v 0.335131 0.909951 -0.022970
v 0.328550 0.937007 -0.032202
v 0.323858 0.912092 -0.018662
v 0.306087 0.939069 0.001680
v 0.315342 0.946272 0.018870
v 0.342494 0.749810 0.079772
v 0.349652 0.745106 0.075764
v 0.349768 0.751119 0.080902
v 0.347795 0.749963 0.067970
v 0.338981 0.752003 0.073745
v 0.344141 0.757438 0.081568
v 0.359448 0.790659 0.069659
v 0.357084 0.771082 0.065417
v 0.333452 0.764394 0.096543
v 0.336824 0.761982 0.091980
v 0.330462 0.761250 0.086975
v 0.338294 0.762999 0.085889
v 0.344744 0.787805 0.089048
v 0.326472 0.770472 0.089534
v 0.330793 0.773085 0.081497
v 0.331674 0.778305 0.093969
v 0.336669 0.809036 0.074414
v 0.335554 0.766177 0.082185
v 0.345985 0.815566 0.089366
v 0.333593 0.809861 0.084617
v 0.350698 0.827518 0.064075
v 0.341665 0.776218 0.069022
v 0.344450 0.765755 0.064204
v 0.364979 0.822180 0.053291
v 0.362790 0.851277 0.055231
v 0.342310 0.824109 0.057799
v 0.351157 0.821652 0.044485
v 0.343763 0.833161 0.064250
v 0.336299 0.833036 0.064318
v 0.326613 0.842869 0.067927
v 0.331790 0.835844 0.073116
v 0.342747 0.825532 0.047267
v 0.348628 0.820871 0.035265
v 0.353144 0.837100 0.072660
v 0.367951 0.848413 0.051173
v 0.350062 0.819750 0.025157
v 0.349765 0.822863 0.011594
v 0.355049 0.824856 -0.001087
v 0.346710 0.794456 0.035992
v 0.360708 0.796289 0.033055
v 0.355916 0.787888 0.047623
v 0.336911 0.764077 0.047980
v 0.342639 0.776223 0.049993
v 0.343398 0.771265 0.038479
v 0.344732 0.755801 0.042193
v 0.347374 0.754903 0.049227
v 0.343005 0.762196 0.054936
v 0.339717 0.757061 0.045473
v 0.344948 0.755295 0.053706
v 0.367003 0.822055 0.036712
v 0.372500 0.841552 0.029786
v 0.360086 0.827138 0.042272
v 0.355599 0.820546 0.042019
v 0.350721 0.851858 0.077601
v 0.337459 0.839078 0.083664
v 0.332879 0.863388 0.072298
v 0.366941 0.819249 0.031370
v 0.358516 0.820820 0.022854
v 0.367946 0.841303 0.017050
v 0.356820 0.822725 0.016464
v 0.365018 0.823590 0.013323
v 0.371757 0.839326 0.006714
v 0.351050 0.784535 0.012494
v 0.348055 0.804628 0.005772
v 0.347746 0.803074 0.014200
v 0.362061 0.806510 0.006512
v 0.354756 0.801032 0.002726
v 0.332514 0.776563 0.015429
v 0.338022 0.785226 0.006304
v 0.335757 0.771384 0.015977
v 0.337123 0.771352 0.006385
v 0.331442 0.772810 0.009169
v 0.356196 0.857127 0.071174
v 0.359628 0.860060 0.060572
v 0.367658 0.854841 0.038135
v 0.325652 0.856841 0.065779
v 0.367949 0.838472 0.000003
v 0.369126 0.861413 0.016805
v 0.356851 0.850828 -0.008947
v 0.326291 0.869466 0.031378
v 0.316960 0.894560 0.010832
v 0.320197 0.867504 0.048404
v 0.300308 0.886174 0.036620
v 0.331335 0.929917 0.032382
v 0.351245 0.912725 0.030326
v 0.322681 0.895866 0.060921
v 0.318103 0.866851 0.048550
v 0.288289 0.824207 0.079363
v 0.295144 0.824446 0.087126
v 0.301795 0.826749 0.083739
v 0.303157 0.826660 0.077430
v 0.294848 0.821567 0.078594
v 0.289296 0.825693 0.085803
v 0.300463 0.845694 0.081328
v 0.300578 0.843592 0.063272
v 0.292233 0.843803 0.066207
v 0.291792 0.848327 0.078756
v 0.309835 0.883145 0.070163
v 0.311310 0.861068 0.067079
v 0.291574 0.888497 0.057561
v 0.317585 0.872139 0.055283
v 0.308908 0.865244 0.055680
v 0.298785 0.870582 0.052905
v 0.291633 0.877741 0.055797
v 0.293910 0.883758 0.067775
v 0.301790 0.886772 0.070734
v 0.312781 0.911244 0.005257
v 0.297670 0.897976 0.036148
v 0.317786 0.929871 0.031073
v 0.308789 0.921904 0.020095
v 0.347462 0.906896 -0.017911
v 0.323233 0.892140 -0.015204
v 0.347266 0.850632 -0.007034
v 0.339261 0.854646 0.001646
v 0.356544 0.912597 0.003925
v 0.339996 0.827766 0.029499
v 0.345304 0.829615 0.004480
v 0.354093 0.796750 0.072343
v 0.344215 0.800928 0.063741
v 0.349079 0.798341 0.054432
v 0.297641 0.833599 0.067809
v 0.285663 0.832971 0.076912
v 0.282520 0.017548 0.283963
v 0.272932 0.020128 0.288619
v 0.282967 0.013417 0.271488
v 0.303836 0.009009 0.250336
v 0.275891 0.005825 0.241318
v 0.236503 0.017354 0.254455
v 0.245849 0.006560 0.241127
v 0.272422 0.011183 0.289561
v 0.277762 0.004925 0.281283
v 0.258805 0.021745 0.285267
v 0.260769 0.005195 0.283455
v 0.290703 0.011865 0.272615
v 0.297440 0.010614 0.268781
v 0.257913 0.034046 0.257803
v 0.295323 0.010984 0.258314
v 0.295515 0.023913 0.243605
v 0.249737 0.011501 0.252963
v 0.255734 0.005260 0.257357
v 0.243059 0.013101 0.266464
v 0.240297 0.043900 0.242363
v 0.259935 0.041336 0.233332
v 0.267133 0.025337 0.250938
v 0.272974 0.038137 0.235337
v 0.286734 0.023970 0.261896
v 0.275781 0.037830 0.227216
v 0.295375 0.006227 0.208831
v 0.289580 0.007956 0.231291
v 0.218576 0.023976 0.234863
v 0.240031 0.025943 0.262580
v 0.301365 0.008654 0.256398
v 0.300664 0.012995 0.241312
v 0.285271 0.033462 0.214761
v 0.309945 0.009606 0.230745
v 0.307744 0.008403 0.241116
v 0.302727 0.025204 0.229035
v 0.291868 0.034384 0.198856
v 0.305541 0.010639 0.220473
v 0.313473 0.007993 0.212170
v 0.305255 0.022744 0.200982
v 0.292991 0.004252 0.269510
v 0.294963 0.005522 0.235980
v 0.271379 0.010998 0.252503
v 0.278759 0.005083 0.255517
v 0.282536 0.008662 0.244069
v 0.290230 0.004594 0.242889
v 0.300970 0.007010 0.220584
v 0.308149 0.006079 0.202378
v 0.034858 1.547670 -0.059009
v 0.033407 1.621882 -0.096044
v 0.033872 1.677194 -0.107162
v 0.033906 1.717118 -0.095997
v 0.033442 1.757622 -0.055607
v 0.032658 1.767737 0.004907
v 0.032016 1.750764 0.051240
v 0.031528 1.717841 0.083774
v 0.031766 1.535069 0.087781
v 0.051027 1.265233 0.108260
v 0.041499 0.865424 0.115984
v 0.060477 0.859121 -0.050549
v 0.053672 0.968274 -0.091013
v 0.058552 1.191738 -0.072778
v 0.056373 1.316373 -0.110124
v 0.049092 1.402990 -0.116336
v 0.033327 1.578695 -0.066973
v 0.030483 1.606969 0.108926
v 0.045505 1.386988 0.080817
v 0.043871 1.129010 0.112026
v 0.041421 1.088304 0.107186
v 0.048947 0.834183 0.085431
v 0.057875 0.910712 -0.085662
v 0.053563 1.023264 -0.079600
v 0.214088 1.455074 0.013684
v 0.202028 1.419416 0.031614
v 0.198277 1.392101 0.029483
v 0.196292 1.368727 -0.032766
v 0.205365 1.372086 -0.070961
v 0.216007 1.396339 -0.094357
v 0.235124 1.426243 -0.089450
v 0.242871 1.448633 -0.060947
v 0.224306 1.464000 -0.005391
v 0.344797 0.947893 -0.004141
v 0.331030 0.950688 0.014196
v 0.314831 0.936388 -0.025614
v 0.306665 0.941128 0.000593
v 0.064789 1.546890 -0.050032
v 0.042529 1.545938 -0.062246
v 0.038838 1.476450 0.035385
v 0.081098 1.518727 0.023967
v 0.060742 0.975428 0.114386
v 0.158434 0.978199 0.069606
v 0.177218 0.979265 0.046083
v 0.182836 0.973346 0.025090
v 0.177429 0.969983 -0.006962
v 0.159123 1.000038 -0.040419
v 0.133421 1.000605 0.075915
v 0.034698 0.920356 0.117930
v 0.034879 0.978572 0.109124
v 0.079745 0.977115 0.110469
v 0.117436 0.978268 0.086106
v 0.177769 0.973510 0.041380
v 0.166437 0.962264 -0.025368
v 0.109299 0.959132 -0.083860
v 0.060862 0.966654 -0.090182
v 0.170799 0.171306 0.111367
v 0.220025 0.171485 0.108982
v 0.165254 0.172886 0.082756
v 0.018538 1.036643 0.112830
v 0.012431 0.981812 0.111923
v 0.038737 1.035014 0.107750
v -0.027818 0.854293 0.091421
v -0.047286 0.866710 0.089080
v -0.018262 1.608331 0.072952
v 0.007909 1.538618 0.072262
v -0.018268 1.725903 0.048214
v -0.033961 1.703881 0.042238
v -0.090294 1.384797 0.039040
v -0.075758 1.359287 0.062002
v -0.000857 1.534006 0.033963
v -0.018328 1.546020 0.016356
v -0.017307 1.558835 0.054569
v 0.017989 1.526855 0.046993
v -0.088561 1.327537 0.016212
v -0.101363 1.354692 0.007306
v -0.088687 1.335617 0.045440
v -0.083096 1.315943 -0.000770
v -0.025922 1.564420 0.007001
v -0.039767 1.599010 0.005759
v -0.010779 1.477228 0.032589
v -0.017234 1.513316 0.013860
v -0.037932 1.488142 -0.026258
v -0.027196 1.464236 0.019760
v -0.094743 1.297103 -0.033937
v 0.033251 0.053227 0.021690
v -0.003776 0.048741 -0.051462
v -0.000479 0.074867 -0.042356
v -0.026663 0.046421 -0.018615
v 0.012891 0.077464 -0.066337
v 0.050339 0.824477 -0.022343
v 0.041425 0.818858 -0.035473
v 0.051937 0.835909 -0.018605
v 0.032958 0.840315 -0.067831
v -0.036231 1.710532 -0.058213
v 0.059553 0.007007 -0.080556
v -0.119834 1.376292 -0.107506
v -0.098204 1.357993 -0.111599
v -0.094818 1.398297 -0.120207
v -0.014249 1.443533 -0.116394
v 0.015203 1.455676 -0.108953
v -0.007128 1.487043 -0.088918
v -0.064882 1.429401 -0.117957
v -0.018822 1.498195 -0.070528
v 0.027713 1.544995 -0.062548
v 0.016338 1.574807 -0.066326
v 0.017055 1.546222 -0.058203
v 0.009721 1.621078 -0.093513
v 0.010287 1.671923 -0.104314
v 0.005773 1.709173 -0.096556
v 0.003724 1.740083 -0.071220
v 0.010720 1.758668 -0.044846
v 0.001603 1.762512 -0.018623
v 0.011550 1.760844 0.021297
v 0.010783 1.746920 0.052227
v 0.017708 1.713338 0.082478
v 0.015022 1.622040 0.102291
v 0.020929 1.586724 0.103216
v 0.018055 1.536015 0.083196
v 0.033797 1.525523 0.050215
v 0.010770 1.509975 0.031786
v 0.035525 1.510313 0.037069
v -0.008014 1.505968 0.029210
v 0.005559 1.490965 0.035349
v 0.009367 1.437525 0.054914
v 0.031377 1.391309 0.078026
v 0.021507 1.263898 0.109155
v 0.047942 1.205521 0.108260
v 0.033546 1.231827 0.108840
v 0.027320 1.193575 0.115287
v 0.022478 1.120798 0.116595
v 0.013133 1.080428 0.108656
v -0.014884 1.069423 0.099595
v -0.043136 0.980615 0.073353
v -0.055433 1.006030 0.061238
v -0.080170 0.978844 0.049081
v -0.059770 0.964406 0.070371
v -0.072258 0.976851 0.058310
v -0.084444 0.953772 0.053544
v -0.092382 0.966377 0.038930
v -0.097070 0.897604 0.010919
v -0.090467 0.902194 -0.009897
v -0.073415 0.792872 -0.036325
v -0.052410 0.822003 -0.057764
v -0.032858 0.806956 -0.064764
v -0.015546 0.802925 -0.065743
v 0.009712 0.780906 -0.060890
v 0.033210 0.675954 -0.037025
v 0.046801 0.658717 -0.005303
v 0.042659 0.650977 0.037236
v 0.031897 0.679001 0.060806
v 0.018569 0.707174 0.076307
v 0.005652 0.615154 0.087517
v -0.012764 0.620507 0.091808
v -0.019055 0.578090 0.086046
v -0.001168 0.566922 0.084430
v -0.026359 0.563186 0.077019
v -0.054215 0.595602 0.070920
v -0.041980 0.563705 0.067290
v -0.034540 0.535626 0.076642
v -0.043362 0.514067 0.059932
v -0.051326 0.531935 0.034360
v -0.061680 0.564429 0.040755
v -0.049248 0.501943 -0.002643
v -0.048151 0.483610 0.011360
v -0.044747 0.496707 -0.018191
v -0.034933 0.495134 -0.031613
v -0.016599 0.501743 -0.040326
v -0.009132 0.415745 -0.078162
v 0.016462 0.412183 -0.080647
v 0.036328 0.419920 -0.068591
v 0.048755 0.357291 -0.074986
v 0.055793 0.392655 -0.053953
v 0.061623 0.330256 -0.060076
v 0.062253 0.365899 -0.034218
v 0.065175 0.316271 -0.040358
v 0.059093 0.323152 -0.019050
v 0.043946 0.288101 -0.005515
v 0.039394 0.173434 -0.015307
v 0.008188 0.311847 0.010460
v -0.001615 0.282219 0.003925
v -0.006621 0.235886 -0.013032
v -0.000322 0.169621 -0.031524
v -0.002186 0.168268 -0.041463
v 0.000179 0.166265 -0.050217
v 0.001287 0.163307 -0.033228
v 0.004671 0.133883 -0.037276
v 0.009840 0.116340 -0.056279
v 0.006269 0.165528 -0.061933
v 0.021127 0.122370 -0.067726
v 0.032071 0.068661 -0.076749
v 0.052112 0.103265 -0.075294
v 0.049417 0.030873 -0.090019
v 0.061220 0.086290 -0.075336
v 0.070220 0.030478 -0.083641
v 0.079987 0.037851 -0.066800
v 0.076604 0.016678 -0.070784
v 0.070814 0.006926 -0.052235
v 0.076387 0.019354 -0.039399
v 0.063716 0.009010 -0.036638
v 0.028473 0.016193 0.002304
v 0.042693 0.037337 0.005769
v 0.027165 0.032919 0.028709
v 0.011417 0.017908 0.072365
v 0.013801 0.058074 0.044825
v -0.006039 0.031914 0.098821
v -0.008061 0.046783 0.076344
v 0.012828 0.015871 0.032741
v 0.012204 0.006048 -0.006147
v 0.042796 0.006890 -0.078963
v 0.024579 0.024408 -0.080354
v 0.001007 0.091920 -0.026977
v 0.014652 0.134455 -0.018303
v 0.012765 0.167459 -0.017050
v 0.025289 0.171799 -0.009838
v 0.055099 0.244414 -0.023551
v 0.033609 0.353241 -0.086700
v 0.004971 0.371175 -0.089730
v -0.034248 0.403630 -0.065444
v -0.034206 0.455457 0.030120
v -0.029436 0.494726 0.066292
v -0.018577 0.520684 0.077738
v -0.005875 0.540251 0.074078
v 0.022786 0.568304 0.069431
v 0.036541 0.584072 0.050616
v 0.047449 0.651370 0.011536
v 0.013067 0.700152 -0.057936
v -0.010359 0.695425 -0.065454
v -0.090970 0.811508 -0.011444
v -0.071569 0.816696 0.077601
v -0.039933 0.977506 0.078709
v -0.014999 0.982773 0.102661
v 0.007599 0.976883 0.110629
v 0.011881 0.912483 0.112292
v 0.027172 0.865207 0.109354
v 0.024969 0.840362 0.083719
v 0.040662 0.832906 0.073349
v 0.059438 0.836724 -0.009937
v 0.053133 0.830322 0.019038
v 0.052720 0.831459 0.000686
v 0.026610 1.066244 -0.072747
v 0.055973 1.100567 -0.063740
v 0.026387 1.098869 -0.072083
v 0.031643 1.137057 -0.075129
v 0.029155 1.187339 -0.085982
v 0.040516 1.310928 -0.113409
v 0.034603 1.391041 -0.120018
v 0.042703 1.471325 -0.095044
v -0.008737 1.392022 -0.131370
v -0.041405 1.398850 -0.130717
v -0.147019 1.415625 -0.093893
v -0.076744 1.460960 -0.088643
v -0.045860 1.485215 -0.070818
v -0.060410 1.484586 -0.055198
v -0.021941 1.505942 -0.044258
v -0.020393 1.510151 -0.022006
v 0.005019 1.543073 -0.051186
v 0.002165 1.576094 -0.059529
v 0.004795 1.609330 -0.084127
v -0.015418 1.704309 -0.086225
v -0.020028 1.737879 -0.052581
v -0.013479 1.750776 0.014329
v 0.001218 1.714286 0.074228
v -0.003607 1.629988 0.087397
v 0.005692 1.586235 0.093377
v -0.032538 1.580658 0.038062
v -0.034712 1.609444 0.045533
v -0.047226 1.609814 -0.009527
v -0.053740 1.635631 -0.012960
v -0.049541 1.650981 -0.020702
v -0.035012 1.650774 -0.061313
v -0.042858 1.682522 -0.052061
v -0.025131 1.669316 -0.081675
v -0.028978 1.739179 -0.022522
v -0.035996 1.719854 0.022828
v -0.020506 1.698553 0.061388
v -0.044641 1.660390 0.015412
v -0.046180 1.706017 -0.020623
v -0.046062 1.695727 0.005998
v -0.018752 1.627649 -0.075256
v -0.020930 1.585002 -0.036421
v -0.026102 1.571592 -0.008514
v -0.015699 1.519421 0.002158
v -0.009921 1.511988 0.022226
v -0.020996 1.337131 0.096704
v -0.049498 1.341899 0.086839
v -0.055859 1.309991 0.095047
v -0.047127 1.281726 0.098674
v -0.074300 1.301036 0.082564
v -0.051329 1.258460 0.084213
v -0.067070 1.202945 0.062647
v -0.076832 1.192765 0.042320
v -0.091978 1.230994 0.008643
v -0.086308 1.191500 -0.001599
v -0.070824 1.134930 -0.014852
v -0.064938 1.136348 -0.035570
v -0.059118 1.099886 -0.037791
v -0.055965 1.068641 -0.043779
v -0.033238 1.092605 -0.058598
v -0.028745 1.053524 -0.064103
v -0.005790 1.074854 -0.068135
v -0.006881 1.037829 -0.075756
v 0.024409 1.027155 -0.080939
v 0.023840 0.976737 -0.097782
v -0.001414 0.973107 -0.094603
v 0.046471 0.968668 -0.091545
v 0.026026 0.969389 -0.098958
v 0.037725 0.923263 -0.102162
v 0.046292 0.883496 -0.089260
v 0.023829 0.863792 -0.093057
v 0.048885 0.854342 -0.062496
v 0.049924 0.830039 0.042002
v 0.044739 0.822813 0.054885
v 0.037757 0.825934 0.066041
v 0.017020 0.818087 0.079642
v -0.013644 0.842509 0.089338
v -0.034873 0.664804 0.090691
v -0.059320 0.809282 0.086920
v -0.054155 0.571555 -0.019494
v -0.053210 0.647442 -0.041888
v -0.030202 0.646855 -0.056406
v -0.006794 0.556962 -0.041927
v 0.019935 0.561806 -0.036517
v 0.043987 0.532077 -0.008424
v 0.041956 0.482783 -0.023567
v 0.043132 0.476647 -0.003377
v 0.035233 0.484010 0.018220
v 0.026847 0.482187 0.032538
v 0.010994 0.457455 0.040509
v -0.004544 0.433948 0.038528
v -0.022015 0.347129 0.008350
v -0.035798 0.317820 -0.024746
v -0.039260 0.325907 -0.042928
v -0.024047 0.269583 -0.060622
v -0.011073 0.266555 -0.076623
v 0.033501 0.175761 -0.078346
v 0.044873 0.177839 -0.075815
v 0.055894 0.176753 -0.065248
v 0.055684 0.173230 -0.064991
v 0.060304 0.143281 -0.034289
v 0.060078 0.129272 -0.063204
v 0.056270 0.145135 -0.025205
v 0.065621 0.104209 -0.021015
v 0.041847 0.090238 0.001427
v 0.018459 0.081859 0.020171
v 0.014543 0.095909 0.004101
v -0.007480 0.063112 0.043955
v -0.027986 0.057516 0.039126
v -0.037003 0.050488 0.013862
v -0.072571 0.004596 0.031710
v -0.006448 0.004924 0.079791
v -0.003917 0.007922 0.029470
v -0.039592 0.003814 0.018989
v -0.038874 0.008925 -0.013498
v 0.020765 0.013117 -0.072266
v -0.039915 0.018290 -0.019277
v 0.010245 0.107109 -0.013147
v 0.025787 0.122580 -0.006815
v 0.019440 0.165770 -0.012832
v 0.028317 0.165199 -0.011300
v 0.060919 0.242708 -0.042687
v 0.046650 0.305281 -0.080813
v 0.025250 0.319717 -0.091451
v -0.015009 0.353217 -0.085255
v -0.030561 0.357832 -0.073518
v -0.046934 0.391123 -0.039414
v -0.045299 0.377720 -0.018106
v -0.036142 0.356926 -0.005199
v -0.019523 0.437427 0.036790
v -0.015395 0.457324 0.049589
v -0.010634 0.495625 0.069674
v 0.018451 0.521460 0.054044
v 0.045680 0.556527 0.018459
v 0.042085 0.673426 -0.022559
v -0.026119 0.717446 -0.065040
v -0.046485 0.712931 -0.056134
v -0.080602 0.720907 -0.016458
v -0.086422 0.689451 0.005814
v -0.098128 0.799588 0.016495
v -0.096736 0.836632 0.032348
v -0.089234 0.767304 0.049969
v -0.082942 0.825656 0.063614
v -0.023338 0.932393 0.087187
v -0.010082 0.979596 0.104089
v -0.012869 0.953448 0.102086
v -0.006956 0.900797 0.093953
v 0.007473 0.868967 0.095894
v -0.088601 0.700584 0.038574
v -0.039418 0.351626 -0.059081
v 0.006002 0.294664 -0.088816
v 0.055097 0.230437 -0.066051
v 0.061089 0.179602 -0.046589
v 0.055361 0.177091 -0.027560
v 0.048895 0.169971 -0.020884
v 0.041453 0.139386 -0.013332
v 0.030104 0.104594 0.001032
v -0.004882 0.082639 0.000788
v 0.059000 0.175640 -0.040684
v -0.039202 0.039863 0.084812
v 0.062304 0.077271 -0.019462
v 0.068552 0.088266 -0.050485
v 0.045457 0.172274 -0.074486
v 0.035056 0.172791 -0.076548
v 0.018623 0.173597 -0.074651
v 0.018168 0.347021 0.014375
v 0.043482 0.385713 0.002835
v 0.029762 0.505879 -0.031696
v -0.032364 0.555900 -0.035460
v -0.083234 0.650208 0.026534
v -0.078108 0.640212 0.049656
v -0.055598 0.653557 0.081932
v 0.053829 0.768337 0.038902
v 0.027932 0.812769 -0.049407
v 0.014416 0.829549 -0.071333
v -0.002016 0.803815 -0.063254
v -0.006716 0.856625 -0.089921
v 0.005163 0.891230 -0.102287
v 0.001981 0.935859 -0.102627
v -0.005244 0.977942 -0.095379
v -0.058975 1.010695 -0.058150
v -0.070583 1.064134 -0.016187
v -0.070147 1.114961 0.015696
v -0.051284 1.220206 0.082585
v -0.019223 1.238909 0.102605
v -0.008641 1.268498 0.105605
v -0.018468 1.283935 0.108892
v 0.014610 1.301365 0.108691
v -0.008916 1.221848 0.100571
v -0.036936 1.200130 0.086432
v -0.046928 1.167135 0.074627
v -0.053875 1.138601 0.061730
v -0.070402 1.072318 0.005716
v -0.081957 1.018349 -0.025729
v -0.029226 0.973953 -0.084850
v -0.033772 0.969743 -0.082761
v -0.017887 0.890846 -0.094130
v -0.048158 0.873421 -0.067922
v 0.057538 0.771133 0.004841
v -0.071829 0.661873 0.067486
v -0.064737 0.576656 0.006318
v 0.007806 0.506255 -0.040368
v 0.009391 0.486120 -0.051756
v 0.031839 0.369842 0.010903
v 0.004466 0.171740 -0.063363
v 0.020849 0.167234 -0.073047
v 0.064331 0.096333 -0.067377
v 0.073703 0.044632 -0.035129
v -0.062440 0.926379 -0.053555
v -0.067999 0.971537 -0.047625
v -0.075761 1.036649 0.014887
v -0.061475 1.064691 0.041121
v -0.035365 1.123096 0.086571
v 0.000775 1.189938 0.111819
v 0.023308 1.162465 0.111680
v -0.006372 1.151908 0.104313
v -0.016117 1.111780 0.102885
v -0.067834 1.026575 0.039917
v -0.094788 0.976861 -0.000077
v -0.087784 0.968866 -0.021962
v -0.097267 0.968482 0.011410
v -0.093825 0.981558 0.022349
v -0.039464 1.054335 0.076897
v 0.003699 1.117406 0.113323
v -0.002884 1.342075 -0.131858
v -0.036662 1.354804 -0.135894
v -0.055476 1.335227 -0.131538
v -0.150834 1.428030 -0.074963
v -0.071496 1.480356 -0.038587
v -0.005747 1.542832 -0.041676
v -0.009338 1.535081 -0.032680
v -0.007879 1.560032 -0.042207
v -0.056481 1.462809 -0.003025
v -0.016968 1.448750 0.038855
v -0.018969 1.418597 0.060703
v -0.081026 1.290900 0.064376
v -0.080639 1.275931 0.041909
v -0.047985 1.130486 -0.053588
v -0.067808 1.175765 -0.054590
v -0.022495 1.126752 -0.066617
v 0.008642 1.130522 -0.074400
v 0.007307 1.169609 -0.084059
v -0.011444 1.278688 -0.116496
v -0.017905 1.323579 -0.131286
v -0.096861 1.324753 -0.096758
v -0.102529 1.331944 -0.079679
v -0.105017 1.354273 -0.084777
v -0.097306 1.351210 -0.046295
v -0.090581 1.334028 -0.022692
v -0.098564 1.316074 -0.062130
v -0.098279 1.249074 -0.045420
v -0.095350 1.257156 -0.067829
v -0.086142 1.260474 -0.087217
v -0.065925 1.256038 -0.099763
v -0.019720 1.192003 -0.088692
v -0.044734 1.166148 -0.068822
v -0.082808 1.296141 0.020904
v -0.060730 1.307691 -0.118910
v -0.098520 1.351701 -0.007995
v -0.110917 1.362256 -0.100191
v -0.124764 1.368315 -0.107959
v -0.106636 1.361230 -0.088326
v -0.135463 1.392497 -0.107032
v -0.145171 1.362786 -0.110374
v -0.153050 1.381409 -0.102670
v -0.142490 1.403348 -0.102585
v -0.146229 1.441866 -0.040755
v -0.101271 1.464099 -0.018670
v -0.065319 1.423719 0.037213
v -0.118661 1.412320 0.017351
v -0.114411 1.394530 0.020211
v -0.102191 1.364431 0.029186
v -0.094508 1.343435 -0.045746
v -0.102752 1.345035 -0.076841
v -0.164973 1.375034 -0.094954
v -0.150863 1.409011 -0.096109
v -0.153513 1.423795 -0.074401
v -0.153360 1.433054 -0.044513
v -0.147748 1.437222 -0.027007
v -0.141599 1.438187 -0.017974
v -0.098101 1.437361 0.014681
v -0.131559 1.429420 0.001566
v -0.105428 1.370103 0.018280
v -0.106422 1.350256 -0.011372
v -0.098439 1.346426 -0.025236
v -0.121621 1.307752 -0.096908
v -0.137740 1.307295 -0.108394
v -0.160867 1.344179 -0.107625
v -0.179175 1.357792 -0.075720
v -0.139552 1.432114 -0.005104
v -0.128614 1.419864 0.009576
v -0.143414 1.374621 0.001318
v -0.140668 1.341209 -0.007931
v -0.105338 1.283015 -0.056304
v -0.111389 1.298359 -0.081783
v -0.189726 1.295963 -0.083473
v -0.182785 1.345940 -0.064565
v -0.183477 1.328778 -0.049605
v -0.177394 1.325913 -0.034169
v -0.164304 1.331389 -0.019649
v -0.118881 1.336461 -0.008767
v -0.127536 1.165342 -0.059512
v -0.131475 1.176204 -0.044371
v -0.188650 1.240859 -0.099758
v -0.143863 1.180016 -0.032471
v -0.129346 1.156907 -0.086472
v -0.128816 1.189464 -0.094328
v -0.139400 1.191335 -0.104274
v -0.187589 1.134230 -0.109908
v -0.162936 1.193142 -0.111393
v -0.208691 1.135896 -0.058639
v -0.189099 1.170211 -0.039860
v -0.175711 1.152228 -0.037567
v -0.207098 1.174952 -0.082854
v -0.197092 1.183911 -0.048078
v -0.161268 1.133213 -0.046158
v -0.139404 1.115480 -0.075537
v -0.148944 1.117913 -0.061474
v -0.168610 1.113711 -0.113372
v -0.198146 1.107279 -0.103352
v -0.139901 1.087936 -0.091112
v -0.145295 1.087174 -0.105308
v -0.154786 1.070629 -0.110916
v -0.205772 1.101403 -0.088849
v -0.204999 1.088973 -0.047172
v -0.195757 1.081698 -0.039293
v -0.181429 1.074572 -0.036583
v -0.168268 1.060188 -0.042626
v -0.179182 1.047042 -0.113962
v -0.202759 0.991991 -0.055048
v -0.169426 0.972461 -0.052924
v -0.157597 1.013014 -0.066839
v -0.155843 1.002976 -0.081438
v -0.157880 0.997313 -0.093436
v -0.207798 1.025403 -0.080221
v -0.207448 0.997755 -0.067213
v -0.180031 0.962374 -0.046596
v -0.174689 0.910001 -0.094375
v -0.192108 0.911740 -0.097263
v -0.200662 0.914129 -0.091315
v -0.200443 0.918526 -0.060903
v -0.184083 0.910998 -0.098144
v -0.163892 0.944107 -0.062049
v -0.167289 0.908174 -0.082161
v -0.206075 0.917231 -0.077417
v -0.193742 0.917433 -0.052515
v -0.172685 0.913524 -0.052137
v -0.169041 0.908346 -0.061517
v -0.182868 0.917474 -0.047307
v -0.202131 0.915663 -0.061101
v -0.193941 0.915095 -0.048796
v -0.204198 0.915502 -0.071821
v -0.201426 0.909981 -0.090939
v -0.192220 0.879310 -0.091791
v -0.184395 0.906128 -0.096920
v -0.182335 0.880661 -0.084707
v -0.171810 0.904516 -0.087523
v -0.177579 0.877808 -0.058880
v -0.168803 0.906063 -0.060345
v -0.180580 0.912905 -0.045856
v -0.228649 0.715583 -0.003078
v -0.234781 0.711335 -0.008892
v -0.235935 0.717139 -0.003647
v -0.230954 0.716415 -0.015779
v -0.223717 0.717873 -0.007987
v -0.230410 0.723197 -0.001360
v -0.238673 0.737811 -0.019405
v -0.235935 0.727723 0.013701
v -0.233567 0.729641 0.019060
v -0.228674 0.725756 0.010613
v -0.235484 0.728806 0.007463
v -0.223986 0.734215 0.014352
v -0.225412 0.737313 0.005495
v -0.228725 0.742958 0.017358
v -0.231322 0.731354 0.004715
v -0.223047 0.773726 -0.002261
v -0.234972 0.781624 0.009866
v -0.238116 0.754306 0.009294
v -0.224381 0.804486 0.006807
v -0.222738 0.774328 0.008409
v -0.237620 0.763038 -0.010776
v -0.224481 0.742661 -0.012127
v -0.226200 0.732283 -0.017898
v -0.241605 0.818931 -0.027017
v -0.232360 0.794076 -0.016543
v -0.222771 0.790851 -0.020883
v -0.228226 0.789184 -0.036238
v -0.219195 0.798433 -0.011818
v -0.226384 0.798816 -0.013596
v -0.216613 0.800944 -0.002195
v -0.210357 0.808067 -0.006012
v -0.220772 0.792812 -0.031149
v -0.223159 0.789495 -0.043573
v -0.237333 0.803212 -0.007405
v -0.220100 0.792920 -0.065224
v -0.221957 0.788412 -0.053715
v -0.220761 0.762693 -0.042108
v -0.233296 0.764545 -0.048767
v -0.239814 0.787099 -0.051961
v -0.233236 0.756548 -0.033413
v -0.221562 0.744607 -0.027288
v -0.215993 0.732152 -0.027456
v -0.219039 0.739633 -0.038543
v -0.222237 0.724021 -0.035131
v -0.226793 0.723371 -0.029124
v -0.223805 0.730627 -0.022482
v -0.218275 0.725176 -0.030581
v -0.225728 0.723770 -0.024146
v -0.241286 0.789853 -0.046799
v -0.236241 0.795241 -0.039518
v -0.231638 0.788825 -0.038814
v -0.235797 0.817588 -0.002085
v -0.245320 0.810896 -0.054930
v -0.228193 0.793438 -0.062765
v -0.237295 0.811384 -0.066242
v -0.229459 0.789340 -0.058016
v -0.234991 0.793896 -0.068257
v -0.238286 0.809542 -0.077470
v -0.232965 0.808090 -0.082905
v -0.218409 0.773416 -0.066826
v -0.221400 0.773430 -0.058732
v -0.231335 0.776213 -0.071463
v -0.224074 0.769836 -0.071558
v -0.214691 0.745359 -0.047329
v -0.213143 0.752635 -0.059077
v -0.219322 0.741335 -0.047574
v -0.227035 0.755812 -0.058934
v -0.216872 0.739203 -0.056695
v -0.212561 0.739999 -0.051919
v -0.239393 0.823237 -0.009535
v -0.217595 0.828914 -0.001751
v -0.245686 0.816620 -0.032435
v -0.241892 0.823637 -0.044691
v -0.209135 0.822684 -0.005395
v -0.219572 0.820604 -0.087916
v -0.239707 0.827111 -0.020486
v -0.183913 0.861258 -0.055311
v -0.199491 0.836271 -0.039568
v -0.198762 0.833592 -0.020556
v -0.175447 0.851427 -0.026114
v -0.200420 0.896600 -0.037064
v -0.220757 0.880658 -0.044465
v -0.203661 0.860625 -0.009824
v -0.198290 0.834180 -0.016236
v -0.176730 0.786951 0.011812
v -0.185607 0.786300 0.017112
v -0.191007 0.788941 0.012142
v -0.190399 0.789546 0.005755
v -0.182653 0.784386 0.008818
v -0.179683 0.787708 0.017759
v -0.189633 0.808182 0.012408
v -0.184162 0.808079 -0.004878
v -0.177175 0.807911 0.000379
v -0.173799 0.795965 0.011231
v -0.180676 0.811215 0.012864
v -0.237214 0.831246 -0.065354
v -0.195473 0.847062 0.002614
v -0.195568 0.825314 -0.002566
v -0.174233 0.852613 -0.003146
v -0.198225 0.837696 -0.015037
v -0.179298 0.835540 -0.011204
v -0.189805 0.830295 -0.012241
v -0.173446 0.842215 -0.005628
v -0.179347 0.847411 0.005479
v -0.187923 0.850515 0.005965
v -0.172363 0.862819 -0.024352
v -0.187181 0.895979 -0.035097
v -0.176709 0.887768 -0.043337
v -0.205435 0.876729 -0.090243
v -0.183428 0.860471 -0.082380
v -0.204942 0.823337 -0.072636
v -0.210527 0.819983 -0.083363
v -0.219191 0.881745 -0.071080
v -0.221126 0.793292 -0.079142
v -0.213805 0.796906 -0.047165
v -0.213001 0.798850 -0.071798
v -0.242172 0.757100 -0.014885
v -0.226064 0.767529 -0.016696
v -0.228659 0.765405 -0.026982
v -0.243807 0.789455 -0.030577
v -0.182478 0.797523 -0.000896
v -0.064528 0.019433 0.135318
v -0.055103 0.021952 0.140307
v -0.054922 0.013069 0.141700
v -0.040837 0.022958 0.137578
v -0.064517 0.014678 0.123047
v -0.038438 0.033768 0.109647
v -0.084526 0.009767 0.101017
v -0.075472 0.024011 0.093979
v -0.056309 0.005289 0.093490
v -0.026332 0.005216 0.094911
v -0.030660 0.010829 0.106281
v -0.017446 0.016392 0.108267
v -0.020164 0.042436 0.094961
v -0.047506 0.024994 0.102703
v -0.052289 0.037089 0.086204
v -0.067540 0.024786 0.112761
v -0.076328 0.011921 0.109372
v -0.021102 0.025445 0.115758
v 0.001367 0.021971 0.089961
v -0.024603 0.012911 0.120035
v -0.072339 0.013389 0.123870
v -0.078925 0.012160 0.119769
v -0.054674 0.036437 0.077920
v -0.043221 0.006428 0.136461
v -0.037008 0.004996 0.110640
v -0.082357 0.009648 0.107232
v -0.080806 0.013175 0.091936
v -0.063534 0.031660 0.064987
v -0.089638 0.009465 0.080928
v -0.088009 0.008746 0.091533
v -0.081917 0.024703 0.078863
v -0.069022 0.031867 0.048396
v -0.084642 0.009798 0.070712
v -0.092106 0.006849 0.061897
v -0.082772 0.020679 0.050266
v -0.078684 0.020686 0.033411
v -0.078198 0.012024 0.029617
v -0.074725 0.005710 0.121006
v -0.075071 0.005259 0.087171
v -0.086121 0.004253 0.052292
v -0.052187 0.010922 0.104725
v -0.059863 0.005397 0.107653
v -0.062986 0.008470 0.095804
v -0.070724 0.004567 0.094412
v -0.069383 0.007266 0.082591
v -0.080175 0.006059 0.071220
v -0.073807 0.004468 0.059597
v -0.060058 0.006568 0.133479
v -0.093098 0.975049 0.016869
v -0.082894 0.976968 -0.030876
v -0.060107 0.972427 -0.056409
vn -0.3980 -0.0091 0.9173
vn -0.1492 0.1905 0.9703
vn 0.4953 -0.8352 0.2391
vn 0.4240 0.4578 0.7814
vn 0.7473 -0.6226 0.2323
vn 0.7284 -0.6349 0.2575
vn 0.5526 -0.8062 0.2115
vn 0.9222 -0.2479 0.2967
vn 0.9638 -0.2131 0.1605
vn 0.9272 -0.3742 0.0153
vn 0.8496 -0.5202 0.0874
vn 0.7382 0.3111 0.5985
vn 0.6094 0.6407 0.4671
vn 0.9849 0.0696 0.1587
vn 0.6305 0.6170 0.4710
vn -0.8848 -0.0189 0.4656
vn 0.8487 0.3137 -0.4257
vn 0.9066 0.2833 -0.3129
vn -0.7894 -0.3731 -0.4874
vn -0.7577 -0.4366 -0.4850
vn -0.7846 -0.3834 -0.4872
vn -0.8174 -0.3073 -0.4873
vn 0.8510 0.0729 -0.5201
vn 0.7982 0.1270 -0.5889
vn 0.7478 -0.5099 -0.4252
vn 0.4917 -0.1146 -0.8632
vn -0.0420 0.5318 -0.8458
vn 0.1038 0.5683 -0.8162
vn 0.2096 0.7607 -0.6144
vn 0.0812 0.4897 -0.8681
vn 0.0900 -0.2363 -0.9675
vn 0.1025 -0.2426 -0.9647
vn 0.1019 -0.5556 -0.8252
vn 0.0411 -0.5338 -0.8446
vn 0.1012 -0.1969 -0.9752
vn 0.1277 -0.2087 -0.9696
vn 0.0831 0.2683 -0.9597
vn 0.1847 0.1809 -0.9660
vn 0.0659 0.7049 -0.7063
vn 0.1821 0.6189 -0.7641
vn 0.2274 0.8237 -0.5193
vn 0.0484 0.9853 -0.1641
vn 0.0351 0.9875 -0.1535
vn 0.2387 0.9653 0.1060
vn 0.1467 0.9282 0.3420
vn -0.0291 0.9115 0.4102
vn 0.0776 0.7002 0.7097
vn 0.2518 0.6124 0.7494
vn 0.1688 0.2165 0.9616
vn 0.1350 0.2126 0.9678
vn 0.4060 -0.0484 0.9126
vn -0.0479 -0.2826 0.9580
vn 0.3067 -0.3220 0.8957
vn 0.1910 -0.9488 0.2515
vn 0.2328 -0.9437 0.2349
vn 0.2520 -0.5752 0.7782
vn 0.2117 -0.6252 0.7512
vn -0.0135 -0.0510 0.9986
vn 0.1170 0.2561 0.9595
vn -0.2497 0.3179 0.9147
vn -0.1146 0.4430 0.8892
vn -0.0712 0.4265 0.9017
vn -0.0219 0.3406 0.9399
vn -0.3090 0.1958 0.9307
vn -0.1149 0.0278 0.9930
vn -0.1364 0.0070 0.9906
vn -0.1144 0.0169 0.9933
vn -0.3601 0.1580 0.9194
vn -0.5052 -0.1199 0.8546
vn -0.1765 0.0578 0.9826
vn -0.3058 0.1597 0.9386
vn -0.4199 -0.0822 0.9038
vn -0.2854 -0.1880 0.9398
vn -0.3974 0.0297 0.9171
vn -0.1774 0.1076 0.9782
vn 0.1702 0.0263 0.9851
vn 0.1716 -0.0262 0.9848
vn 0.1989 -0.0122 0.9800
vn 0.3691 0.1540 0.9165
vn 0.3810 0.3430 0.8586
vn 0.9269 0.0913 -0.3640
vn 0.9160 0.0633 -0.3961
vn 0.8044 -0.0880 -0.5876
vn 0.5659 -0.1254 -0.8149
vn 0.0837 -0.2085 -0.9744
vn -0.2159 -0.2801 -0.9354
vn -0.4688 -0.3328 -0.8182
vn -0.4695 -0.3319 -0.8182
vn -0.4630 -0.3385 -0.8192
vn -0.9716 -0.2364 0.0039
vn -0.3998 0.0447 0.9155
vn 0.0271 0.1219 0.9922
vn -0.2037 0.0424 0.9781
vn 0.3233 -0.0122 0.9462
vn 0.3578 -0.0372 0.9331
vn 0.7350 0.1802 0.6537
vn 0.6577 -0.0971 0.7470
vn 0.8547 0.1974 0.4801
vn 0.9726 0.1057 0.2072
vn 0.3037 0.3439 -0.8886
vn 0.1826 0.2938 -0.9382
vn -0.6346 0.0345 -0.7721
vn -0.9239 -0.0725 -0.3756
vn -0.9391 -0.1049 -0.3272
vn -0.9906 -0.1198 0.0662
vn -0.6246 -0.1030 0.7742
vn -0.3194 -0.0933 0.9430
vn -0.0173 -0.0501 0.9986
vn 0.4669 -0.0418 0.8833
vn 0.6265 -0.0580 0.7772
vn 0.3749 0.9050 0.2011
vn 0.9972 -0.0112 0.0735
vn 0.9702 0.0061 -0.2424
vn 0.8107 -0.0759 -0.5806
vn 0.5879 0.0650 -0.8063
vn 0.3046 0.1252 -0.9442
vn -0.2396 0.1812 -0.9538
vn -0.1724 0.2005 -0.9644
vn -0.7217 0.2277 -0.6537
vn -0.7133 0.2232 -0.6644
vn -0.6884 0.2088 -0.6946
vn -0.8015 -0.0450 -0.5964
vn -0.8843 -0.4603 -0.0786
vn -0.1807 -0.9679 0.1748
vn -0.3349 -0.8619 0.3807
vn -0.7632 -0.5768 0.2913
vn -0.8914 -0.0888 0.4445
vn -0.7905 0.4258 0.4403
vn -0.3763 0.7823 0.4964
vn -0.8876 0.2863 0.3607
vn -0.8931 0.1784 0.4129
vn -0.9631 -0.2052 0.1740
vn -0.7805 -0.5593 0.2792
vn -0.4396 -0.8858 0.1486
vn 0.0199 -0.9995 -0.0231
vn 0.0218 -0.9996 -0.0204
vn 0.0222 -0.9996 -0.0196
vn 0.0235 -0.9996 -0.0181
vn -0.5243 -0.7909 -0.3156
vn 0.2087 -0.3781 -0.9019
vn -0.1493 -0.2329 -0.9610
vn -0.5088 -0.3625 -0.7808
vn 0.5000 0.1658 -0.8500
vn 0.4287 0.2078 -0.8792
vn 0.7219 0.1880 -0.6660
vn 0.6416 -0.0909 -0.7616
vn 0.9350 0.1010 -0.3399
vn 0.8333 0.1475 -0.5328
vn 0.9735 0.1829 -0.1371
vn 0.9817 0.1748 0.0760
vn 0.7897 0.0403 0.6121
vn 0.6712 0.1422 0.7275
vn 0.2752 -0.0623 0.9594
vn -0.5362 -0.0780 0.8405
vn -0.8575 -0.1532 0.4911
vn -0.9733 -0.2040 0.1053
vn -0.9736 -0.2037 0.1033
vn -0.9733 -0.2041 0.1055
vn -0.9730 -0.2044 0.1075
vn -0.7366 -0.0561 -0.6740
vn -0.2747 0.0731 -0.9588
vn -0.4051 0.0341 -0.9136
vn -0.0108 0.0473 -0.9988
vn 0.2326 0.1648 -0.9585
vn 0.6462 0.3301 -0.6881
vn 0.6050 0.3188 -0.7296
vn 0.8453 0.2983 -0.4433
vn 0.9791 0.1792 -0.0966
vn 0.8714 -0.0980 0.4807
vn 0.9173 0.0318 0.3970
vn 0.5145 -0.0614 0.8553
vn -0.1975 0.1572 0.9676
vn 0.2943 0.3616 0.8847
vn 0.0572 -0.2240 0.9729
vn 0.0583 -0.1019 0.9931
vn -0.6806 -0.0792 0.7284
vn -0.8594 -0.0297 0.5104
vn -0.9119 -0.0761 0.4033
vn -0.8439 -0.0234 0.5359
vn -0.9685 -0.1013 0.2275
vn -0.0808 -0.2723 -0.9588
vn 0.5914 -0.1119 -0.7986
vn 0.2746 -0.1802 -0.9445
vn 0.3206 -0.1636 -0.9330
vn 0.8222 -0.0404 -0.5677
vn 0.9836 0.1719 -0.0548
vn 0.9438 0.2377 0.2296
vn 0.9837 0.1395 -0.1135
vn 0.6639 0.3162 0.6777
vn 0.5733 0.3280 0.7508
vn 0.0703 0.3794 0.9226
vn -0.2608 0.0413 0.9645
vn -0.0850 0.1040 0.9909
vn -0.1069 -0.0484 0.9931
vn -0.1135 -0.0460 0.9925
vn -0.2100 -0.7087 0.6735
vn -0.2133 -0.7086 0.6726
vn -0.1927 -0.7092 0.6782
vn 0.0099 -0.5552 0.8317
vn 0.1101 -0.9127 0.3936
vn -0.0296 -0.9931 0.1138
vn -0.8431 -0.5270 -0.1068
vn -0.5833 -0.8114 -0.0369
vn -0.6300 -0.7587 -0.1659
vn -0.4623 -0.8486 -0.2570
vn -0.6502 -0.6582 -0.3796
vn -0.4735 -0.8093 -0.3477
vn -0.7064 -0.4223 -0.5681
vn -0.5857 -0.5716 -0.5746
vn 0.0955 -0.0852 -0.9918
vn -0.3989 -0.0527 -0.9155
vn -0.0325 -0.5661 -0.8237
vn 0.1081 0.1977 -0.9743
vn 0.1085 0.1974 -0.9743
vn 0.1070 0.1985 -0.9742
vn 0.1098 0.1965 -0.9743
vn -0.1077 0.0392 -0.9934
vn -0.1357 -0.1083 -0.9848
vn -0.1500 -0.0967 -0.9839
vn -0.1277 -0.1148 -0.9852
vn -0.1545 -0.0931 -0.9836
vn -0.3160 -0.1686 -0.9336
vn -0.1823 -0.2851 -0.9410
vn -0.3208 -0.2589 -0.9111
vn -0.2209 -0.0882 -0.9713
vn -0.1513 -0.0980 -0.9836
vn -0.0712 0.1801 -0.9811
vn -0.2860 0.2606 -0.9221
vn -0.2405 0.1940 -0.9511
vn -0.1205 0.2684 -0.9557
vn 0.0697 0.2834 -0.9565
vn -0.1088 0.4534 -0.8846
vn 0.2703 0.3183 -0.9087
vn 0.3198 0.3795 -0.8682
vn 0.2384 0.2797 -0.9300
vn 0.2980 0.7356 -0.6084
vn 0.1024 0.1740 -0.9794
vn 0.1023 0.1740 -0.9794
vn 0.2689 0.8318 -0.4856
vn 0.2789 0.9158 -0.2889
vn 0.2845 0.9160 -0.2827
vn 0.5034 -0.1724 -0.8467
vn 0.4550 -0.2059 -0.8664
vn 0.4386 -0.5425 -0.7165
vn 0.2969 -0.5365 -0.7899
vn 0.4854 0.5409 -0.6869
vn 0.4366 0.7884 -0.4333
vn 0.4954 0.8234 -0.2766
vn 0.4018 0.9036 0.1487
vn 0.4260 0.8245 0.3725
vn 0.3156 0.5911 0.7423
vn 0.5518 0.1519 0.8201
vn 0.4064 0.1985 0.8919
vn 0.5162 -0.0682 0.8538
vn 0.7333 -0.2365 0.6374
vn 0.9780 -0.1071 0.1788
vn 0.9770 -0.1141 0.1804
vn 0.9773 -0.1122 0.1799
vn 0.9192 -0.2049 0.3363
vn 0.9389 -0.1578 -0.3058
vn 0.8803 -0.0938 -0.4651
vn 0.5628 0.0327 -0.8259
vn 0.4812 0.1222 -0.8680
vn 0.6558 0.4969 -0.5684
vn 0.5631 0.5532 -0.6139
vn 0.8137 0.5288 -0.2414
vn 0.5848 0.7884 -0.1906
vn 0.6094 0.7926 0.0213
vn 0.7804 0.6048 0.1585
vn 0.7018 0.6100 0.3680
vn 0.5574 0.6984 0.4489
vn 0.7723 0.4351 0.4629
vn 0.7035 0.3462 0.6206
vn 0.6402 0.3680 0.6743
vn 0.5619 0.1512 0.8133
vn 0.7273 0.0571 0.6840
vn 0.6202 -0.0817 0.7801
vn 0.6376 -0.0151 0.7702
vn 0.9766 -0.1167 0.1809
vn 0.8934 -0.1486 0.4241
vn 0.9562 0.2823 0.0777
vn 0.9871 -0.0212 0.1587
vn 0.9977 0.0452 0.0497
vn 0.9922 0.0446 -0.1167
vn 0.9635 0.1695 -0.2071
vn 0.8835 0.4419 -0.1555
vn 0.8844 0.4593 0.0835
vn 0.9409 0.3045 0.1481
vn 0.9418 0.0296 0.3349
vn 0.9345 0.2025 0.2928
vn 0.9298 0.0064 0.3679
vn 0.7957 0.0436 0.6042
vn 0.8427 0.0135 0.5383
vn 0.8325 -0.1901 0.5203
vn 0.8302 -0.1948 0.5223
vn 0.8350 -0.1856 0.5180
vn 0.8323 -0.1904 0.5207
vn 0.5872 -0.2219 -0.7785
vn 0.5433 -0.1788 -0.8203
vn 0.8497 -0.3541 -0.3905
vn 0.8061 -0.2243 -0.5477
vn 0.8989 -0.3269 -0.2916
vn 0.7374 -0.1613 -0.6559
vn 0.8148 -0.2890 -0.5025
vn 0.8129 -0.4659 -0.3494
vn 0.8490 -0.4862 -0.2069
vn 0.8902 -0.3373 -0.3062
vn 0.9952 -0.0939 -0.0264
vn 0.9279 -0.1150 0.3547
vn 0.6932 0.0652 0.7178
vn 0.4252 -0.2101 0.8804
vn 0.6299 -0.2600 0.7318
vn 0.2741 0.3572 0.8929
vn -0.0267 0.4157 0.9091
vn -0.0217 0.4105 0.9116
vn -0.0224 0.4099 0.9119
vn 0.1721 0.3217 0.9311
vn 0.4991 0.0019 0.8665
vn 0.4992 0.0021 0.8665
vn 0.6407 -0.2372 0.7303
vn 0.6407 -0.2371 0.7303
vn 0.6408 -0.2375 0.7301
vn 0.7881 -0.3063 0.5339
vn 0.7878 -0.3068 0.5341
vn 0.7871 -0.3077 0.5346
vn 0.8127 0.0216 0.5823
vn 0.7030 -0.0335 0.7104
vn 0.8497 -0.0007 0.5273
vn 0.8940 -0.1659 0.4162
vn 0.9623 -0.2679 0.0467
vn 0.9639 -0.2213 -0.1483
vn 0.7320 0.0086 -0.6813
vn 0.7077 -0.0245 -0.7061
vn 0.5098 0.1504 -0.8470
vn -0.0144 -0.6962 -0.7177
vn -0.1350 0.0395 -0.9901
vn -0.4352 -0.6392 -0.6340
vn -0.6624 -0.6687 -0.3378
vn -0.4488 -0.6083 -0.6547
vn -0.4686 0.1466 0.8711
vn -0.1565 0.1989 0.9674
vn -0.2193 0.1951 0.9559
vn -0.1184 0.2090 0.9707
vn 0.7858 0.1727 0.5938
vn 0.7922 0.1716 0.5856
vn 0.7865 0.1726 0.5930
vn 0.7793 0.1739 0.6020
vn 0.9739 -0.0486 -0.2216
vn 0.9530 -0.0601 -0.2971
vn -0.9458 -0.1948 -0.2597
vn -0.9463 -0.1946 -0.2580
vn -0.7204 -0.1670 0.6731
vn -0.3598 -0.1713 0.9172
vn -0.0077 -0.1317 0.9913
vn 0.9466 0.0099 0.3224
vn 0.9983 -0.0292 -0.0509
vn 0.9062 -0.0576 -0.4188
vn 0.6024 -0.1478 -0.7844
vn 0.2410 -0.1658 -0.9563
vn -0.0082 -0.1899 -0.9818
vn -0.4926 -0.1698 -0.8535
vn -0.7662 -0.5438 -0.3424
vn -0.7404 -0.5798 -0.3400
vn -0.9786 0.1360 0.1547
vn -0.7310 0.1902 0.6553
vn -0.8003 -0.0658 0.5960
vn -0.8466 0.1213 0.5182
vn -0.5964 0.3590 0.7180
vn -0.1451 0.7314 0.6664
vn 0.2849 0.8022 0.5247
vn 0.6843 0.7167 0.1345
vn 0.5442 0.8381 0.0380
vn 0.6430 0.7612 -0.0848
vn -0.6055 -0.7958 -0.0098
vn -0.7666 -0.6416 -0.0252
vn -0.4181 -0.9037 -0.0924
vn -0.3933 -0.9054 0.1597
vn -0.0850 -0.9941 0.0675
vn -0.0386 -0.9992 -0.0070
vn 0.4848 -0.4284 -0.7625
vn 0.7708 0.0937 -0.6301
vn 0.7293 -0.2711 -0.6281
vn 0.6888 -0.4395 -0.5766
vn 0.1969 -0.9674 -0.1592
vn -0.1151 -0.9896 -0.0859
vn 0.0852 -0.9812 -0.1730
vn 0.7583 -0.4117 -0.5054
vn 0.8586 0.4652 -0.2152
vn 0.8513 0.4492 -0.2713
vn 0.7566 0.2865 0.5878
vn 0.8445 0.3437 0.4108
vn 0.5656 0.1869 0.8032
vn -0.7475 -0.1352 0.6504
vn -0.9023 -0.1275 0.4119
vn -0.8875 -0.2322 -0.3981
vn -0.8888 -0.2332 -0.3945
vn -0.8878 -0.2324 -0.3973
vn -0.8885 -0.2330 -0.3952
vn -0.6354 -0.1444 -0.7586
vn -0.2481 -0.1315 -0.9598
vn -0.4177 -0.0986 -0.9032
vn 0.0361 -0.0067 -0.9993
vn 0.6450 0.1613 -0.7469
vn 0.4998 0.1199 -0.8578
vn 0.7199 0.1309 -0.6816
vn 0.9608 0.1365 0.2411
vn 0.9487 0.2352 -0.2116
vn 0.9587 0.1314 0.2521
vn 0.7751 0.0412 0.6305
vn 0.6658 -0.2249 0.7114
vn 0.6935 -0.1991 0.6925
vn 0.6863 -0.2060 0.6975
vn 0.6582 -0.2319 0.7162
vn 0.1701 -0.3573 0.9184
vn 0.0100 -0.3479 0.9375
vn 0.1767 -0.1049 0.9787
vn -0.0055 -0.2211 0.9752
vn -0.3892 0.1517 0.9086
vn -0.6043 -0.3300 0.7252
vn -0.5787 -0.2603 0.7729
vn -0.9814 -0.1598 0.1066
vn -0.9866 -0.1625 -0.0112
vn -0.4638 -0.3378 -0.8190
vn 0.9388 0.0089 -0.3445
vn 0.9884 0.0411 -0.1460
vn 0.9950 0.0684 -0.0733
vn 0.7876 0.2699 0.5539
vn 0.7868 0.2701 0.5550
vn 0.2818 0.3579 0.8902
vn 0.3268 0.3585 0.8745
vn 0.5115 0.0228 0.8590
vn -0.0839 0.2971 0.9512
vn 0.3688 0.0006 0.9295
vn 0.3729 0.0135 0.9278
vn 0.2187 -0.0688 0.9734
vn 0.3074 -0.4113 0.8581
vn -0.9654 -0.2550 0.0541
vn -0.7155 -0.6043 0.3505
vn -0.6145 -0.5300 0.5843
vn -0.8090 -0.3480 0.4738
vn -0.4759 -0.0544 0.8778
vn -0.2557 -0.0377 0.9660
vn -0.2152 0.1416 0.9663
vn -0.4183 -0.2544 0.8720
vn 0.8999 0.1892 0.3928
vn 0.9072 0.1859 0.3774
vn 0.8997 0.1894 0.3932
vn 0.8939 0.1919 0.4052
vn 0.9106 -0.0350 -0.4118
vn 0.8643 -0.0499 -0.5005
vn 0.7196 -0.1658 -0.6742
vn 0.5886 -0.1730 -0.7897
vn 0.4074 -0.2409 -0.8809
vn -0.0835 -0.3524 -0.9321
vn -0.8610 -0.2468 -0.4447
vn -0.9470 -0.2226 -0.2318
vn -0.9487 -0.2204 -0.2268
vn -0.9488 -0.2203 -0.2264
vn -0.9467 -0.2229 -0.2324
vn -0.9414 -0.2508 0.2254
vn -0.9082 -0.2587 0.3292
vn -0.8345 -0.3043 0.4593
vn -0.6880 -0.1454 0.7110
vn -0.6376 -0.1289 0.7595
vn -0.3849 -0.4472 0.8074
vn 0.6201 -0.0325 0.7838
vn 0.8026 0.0450 0.5949
vn 0.9587 0.1587 -0.2358
vn 0.9338 0.1274 -0.3343
vn 0.4104 -0.0541 -0.9103
vn 0.3290 -0.0690 -0.9418
vn -0.6078 -0.2178 -0.7636
vn -0.6692 -0.2038 -0.7146
vn -0.9822 -0.1623 0.0943
vn -0.9820 -0.1595 0.1016
vn -0.9818 -0.1578 0.1061
vn -0.9821 -0.1605 0.0989
vn -0.3880 0.8714 0.3001
vn -0.5991 0.1242 0.7910
vn -0.4822 0.1059 0.8696
vn -0.1308 0.2169 0.9674
vn -0.0988 0.4065 0.9083
vn 0.4074 0.3464 0.8450
vn 0.5523 0.5641 0.6138
vn 0.4422 0.6366 0.6318
vn 0.8228 0.5545 0.1249
vn 0.6585 0.7243 0.2043
vn 0.6701 0.7139 -0.2032
vn 0.7555 0.5479 -0.3593
vn 0.8388 0.2180 -0.4988
vn 0.8188 0.3027 -0.4879
vn 0.6363 -0.5906 -0.4964
vn 0.1196 0.6910 0.7129
vn -0.4868 0.2747 0.8292
vn -0.2184 0.4148 0.8833
vn -0.7232 0.1969 0.6620
vn -0.9418 0.0473 0.3328
vn -0.9797 -0.0125 0.2001
vn -0.8301 -0.5517 0.0817
vn -0.8318 -0.5489 0.0827
vn -0.8280 -0.5549 0.0807
vn -0.8883 -0.1710 -0.4261
vn -0.8847 -0.1742 -0.4324
vn -0.8864 -0.1728 -0.4295
vn -0.8904 -0.1692 -0.4226
vn -0.2051 -0.1846 -0.9612
vn 0.6430 -0.0977 -0.7596
vn 0.7799 -0.0585 -0.6232
vn 0.9285 -0.0444 -0.3687
vn 0.9755 0.0536 0.2133
vn 0.9975 0.0491 0.0508
vn 0.8372 0.0012 0.5470
vn 0.4610 -0.0566 0.8856
vn 0.1017 -0.3892 0.9155
vn -0.4505 -0.2653 0.8525
vn -0.7778 -0.2849 0.5602
vn -0.7179 -0.2727 0.6405
vn -0.9270 -0.1921 0.3222
vn -0.9453 -0.2558 0.2023
vn -0.6916 -0.2946 -0.6594
vn 0.0256 -0.3649 -0.9307
vn 0.2755 -0.3304 -0.9027
vn 0.9787 0.0938 0.1825
vn 0.9796 0.0927 0.1782
vn 0.9794 0.0928 0.1795
vn 0.9805 0.0915 0.1737
vn 0.6491 0.2277 0.7258
vn 0.6285 0.2298 0.7431
vn 0.5303 0.8038 0.2697
vn 0.4420 -0.8010 -0.4038
vn 0.1692 0.9167 0.3619
vn 0.2822 0.8992 0.3343
vn 0.0594 0.8785 0.4739
vn -0.2183 0.6821 0.6979
vn -0.8392 0.1285 0.5284
vn -0.4381 0.6140 0.6565
vn -0.2443 0.8603 0.4475
vn -0.9852 -0.1710 -0.0109
vn -0.9929 0.0195 -0.1174
vn -0.9484 0.0654 -0.3103
vn -0.5743 -0.1223 -0.8095
vn 0.4360 -0.1725 -0.8833
vn 0.7678 -0.1626 -0.6198
vn 0.9095 -0.1199 -0.3981
vn -0.1598 -0.1274 0.9789
vn 0.4040 -0.0695 0.9121
vn 0.4173 -0.0712 0.9060
vn 0.4172 -0.0712 0.9060
vn -0.4507 -0.1597 0.8783
vn -0.7837 -0.1695 0.5975
vn -0.9395 -0.1161 0.3222
vn -0.6010 0.0014 -0.7992
vn -0.7489 -0.2738 -0.6035
vn -0.1546 -0.1950 -0.9685
vn 0.1329 -0.2094 -0.9687
vn 0.0316 -0.1188 -0.9924
vn 0.4657 -0.3302 -0.8210
vn 0.8321 -0.1939 -0.5195
vn 0.7227 -0.2172 -0.6561
vn 0.9919 -0.0545 -0.1144
vn 0.9992 -0.0294 0.0275
vn 0.9273 0.0789 0.3659
vn 0.4141 0.2255 0.8819
vn 0.4895 0.2211 0.8435
vn -0.8389 0.0188 0.5440
vn -0.9700 -0.0092 0.2431
vn -0.9906 -0.1082 -0.0832
vn -0.9878 -0.0192 0.1548
vn -0.4683 -0.5149 -0.7180
vn -0.1966 -0.7150 -0.6710
vn 0.0687 -0.6002 -0.7969
vn -0.2807 -0.7737 -0.5679
vn 0.1902 -0.6477 -0.7378
vn -0.2185 -0.7155 -0.6636
vn 0.2929 -0.4390 -0.8494
vn 0.0404 -0.3285 -0.9436
vn 0.2272 0.0057 -0.9738
vn 0.3425 0.0912 -0.9351
vn 0.4465 -0.4393 -0.7795
vn 0.2067 -0.2899 -0.9345
vn 0.4633 0.2320 -0.8553
vn 0.6433 0.1761 -0.7451
vn 0.9380 -0.1045 -0.3305
vn 0.9337 -0.1114 -0.3403
vn 0.9382 -0.1046 -0.3300
vn 0.9779 -0.1036 0.1818
vn 0.9403 -0.1877 0.2838
vn 0.4411 -0.0095 0.8974
vn 0.3833 0.0843 0.9198
vn 0.2626 -0.3993 0.8784
vn 0.3106 -0.3379 0.8884
vn 0.2656 0.0671 0.9617
vn 0.0145 0.2339 0.9722
vn 0.1157 0.2339 0.9653
vn -0.1029 0.3171 0.9428
vn 0.0407 0.0077 0.9991
vn -0.1319 -0.1310 0.9826
vn 0.0479 -0.0193 0.9987
vn 0.2757 -0.2810 0.9193
vn 0.2859 -0.0855 0.9544
vn 0.3794 -0.1586 0.9115
vn 0.6099 -0.1658 0.7750
vn 0.6124 -0.1680 0.7725
vn 0.6133 -0.1688 0.7716
vn 0.6090 -0.1650 0.7758
vn 0.7748 -0.2051 0.5981
vn 0.8073 -0.2395 0.5394
vn 0.9807 -0.0967 0.1700
vn 0.9435 -0.0960 -0.3172
vn 0.9446 0.2007 -0.2596
vn 0.8880 0.1014 -0.4485
vn 0.5227 0.0964 -0.8471
vn 0.5411 -0.2840 -0.7916
vn 0.7766 -0.1101 -0.6203
vn 0.6389 -0.2807 -0.7162
vn 0.4172 -0.4893 -0.7658
vn 0.1152 -0.5976 -0.7935
vn 0.6747 -0.2537 -0.6932
vn -0.0847 -0.1761 -0.9807
vn -0.8062 -0.3225 -0.4961
vn -0.8251 -0.3198 -0.4657
vn -0.6874 -0.3270 -0.6485
vn -0.7912 -0.3075 -0.5287
vn -0.9676 -0.2405 -0.0769
vn -0.9431 -0.1428 0.3003
vn -0.6676 0.1045 0.7371
vn -0.4492 0.1520 0.8804
vn 0.2771 0.0697 0.9583
vn 0.5378 0.1114 0.8357
vn 0.7085 0.0642 0.7028
vn 0.7557 0.0142 0.6548
vn 0.9385 -0.0085 0.3452
vn 0.9686 -0.1059 0.2247
vn 0.9915 -0.0240 -0.1280
vn 0.9995 0.0198 -0.0227
vn 0.9241 -0.0375 -0.3804
vn 0.7359 -0.0114 -0.6770
vn 0.1899 0.4466 -0.8743
vn -0.3224 0.2479 -0.9136
vn -0.2328 0.2382 -0.9429
vn -0.7349 0.1005 -0.6707
vn -0.7130 0.1203 -0.6908
vn -0.9602 0.0144 -0.2791
vn -0.9854 -0.0762 0.1520
vn -0.8600 -0.1193 0.4961
vn -0.8441 -0.1262 0.5212
vn -0.7605 -0.1092 0.6401
vn -0.5836 -0.1187 0.8033
vn 0.7160 -0.0334 0.6973
vn 0.3511 0.8982 -0.2645
vn 0.6747 -0.5366 -0.5068
vn 0.4879 -0.1412 -0.8614
vn 0.4207 -0.1204 -0.8992
vn -0.5322 0.3299 -0.7797
vn -0.6775 0.2026 -0.7071
vn -0.9267 0.2618 -0.2695
vn -0.9854 0.1685 0.0223
vn -0.9971 0.0615 0.0446
vn -0.6610 -0.6938 0.2858
vn -0.6346 -0.5580 0.5347
vn -0.6502 -0.5237 0.5504
vn -0.8840 -0.0287 0.4667
vn -0.8220 -0.2114 0.5288
vn -0.9754 0.1949 0.1027
vn -0.9266 0.0374 -0.3741
vn -0.3691 -0.0938 -0.9246
vn -0.8646 0.0443 -0.5005
vn 0.0189 -0.0834 -0.9963
vn 0.3668 -0.6108 -0.7017
vn 0.9771 -0.1221 -0.1744
vn 0.9955 -0.0945 0.0006
vn 0.9138 -0.0524 0.4027
vn 0.9525 -0.0499 0.3005
vn 0.9918 -0.0668 0.1087
vn 0.6248 -0.0434 0.7796
vn 0.7630 -0.0528 0.6443
vn 0.4039 -0.0695 0.9122
vn -0.6380 -0.1865 0.7471
vn -0.9914 -0.0632 0.1149
vn -0.9742 -0.0135 -0.2253
vn -0.2323 0.3774 -0.8965
vn 0.2091 -0.1432 -0.9674
vn 0.4421 -0.0439 -0.8959
vn 0.5991 -0.0643 -0.7981
vn 0.9706 -0.0483 0.2359
vn 0.1580 0.2045 0.9660
vn -0.6311 0.1061 0.7684
vn -0.8738 -0.0191 0.4859
vn -0.8987 -0.0381 0.4369
vn -0.9897 -0.1122 -0.0889
vn -0.8750 -0.2229 -0.4298
vn -0.9636 -0.1380 -0.2291
vn -0.9795 -0.1677 -0.1113
vn 0.9445 -0.0161 0.3281
vn 0.6577 -0.0964 0.7471
vn 0.1295 0.1198 0.9843
vn -0.9246 -0.2918 -0.2450
vn -0.8212 -0.3152 -0.4758
vn -0.6817 -0.3268 -0.6546
vn -0.4386 -0.3349 -0.8339
vn 0.1151 -0.2342 -0.9653
vn 0.8658 0.0093 -0.5004
vn 0.8271 -0.0104 -0.5620
vn 0.8279 -0.0090 -0.5608
vn 0.8318 0.0005 -0.5551
vn 0.9910 -0.0003 0.1338
vn 0.9108 -0.1376 0.3892
vn 0.8799 -0.0900 0.4665
vn 0.6189 -0.0549 0.7836
vn 0.4568 -0.0316 0.8890
vn 0.4240 0.1115 0.8988
vn 0.1354 0.2464 0.9597
vn 0.0509 -0.1426 0.9885
vn 0.0318 -0.0469 0.9984
vn 0.0339 0.1835 0.9824
vn 0.0559 -0.1515 0.9869
vn 0.2990 -0.1133 0.9475
vn 0.4820 0.0532 0.8745
vn 0.7114 -0.1144 0.6934
vn 0.7096 -0.1077 0.6964
vn 0.7119 -0.1159 0.6927
vn 0.7534 -0.1290 0.6448
vn 0.8644 -0.0021 0.5028
vn 0.9004 0.0818 0.4273
vn 0.9203 -0.0345 -0.3896
vn 0.9815 0.1603 0.1050
vn 0.9870 0.1134 -0.1138
vn 0.9886 0.1118 -0.1007
vn 0.9894 0.1112 -0.0938
vn 0.6561 0.7428 -0.1334
vn 0.7467 -0.0271 0.6646
vn 0.7092 -0.1065 0.6969
vn 0.5410 -0.1380 0.8296
vn 0.5149 -0.1205 0.8487
vn 0.3450 0.0457 0.9375
vn 0.1678 0.1404 0.9758
vn 0.0457 0.1117 0.9927
vn -0.0058 -0.0980 0.9952
vn 0.0631 -0.1909 0.9796
vn 0.2906 -0.1161 0.9498
vn 0.5885 -0.0531 0.8067
vn -0.0271 -0.1601 0.9867
vn -0.8873 -0.3932 -0.2410
vn -0.1625 -0.2487 -0.9548
vn -0.3008 -0.1086 -0.9475
vn -0.2084 -0.0004 -0.9780
vn 0.0292 0.1232 -0.9919
vn 0.2586 0.1348 -0.9565
vn 0.3075 0.0824 -0.9480
vn 0.3936 0.7408 -0.5443
vn 0.3757 0.8784 -0.2952
vn 0.3955 0.8355 -0.3814
vn 0.3953 0.8355 -0.3817
vn 0.3947 0.8354 -0.3825
vn 0.3760 0.8819 -0.2843
vn 0.3768 0.8816 -0.2843
vn 0.3769 0.8816 -0.2843
vn 0.2184 0.9418 0.2556
vn 0.1859 0.9368 0.2964
vn 0.3183 0.9405 0.1185
vn 0.1328 0.9869 0.0920
vn 0.3833 0.8661 0.3208
vn 0.6475 0.7620 -0.0131
vn 0.6477 -0.4302 -0.6288
vn 0.6933 -0.0187 -0.7204
vn 0.7854 -0.1351 -0.6041
vn 0.7527 -0.1914 -0.6299
vn 0.7333 -0.4623 -0.4986
vn 0.6233 -0.4597 -0.6326
vn 0.9016 -0.0085 -0.4326
vn 0.9041 -0.0058 -0.4273
vn 0.9568 -0.1427 -0.2533
vn 0.9675 -0.0533 0.2473
vn 0.2851 0.8108 0.5113
vn 0.5954 0.1937 0.7797
vn -0.0856 0.7533 0.6521
vn 0.0872 0.6082 0.7890
vn -0.0276 0.4165 0.9087
vn 0.1237 0.4282 0.8952
vn 0.4779 0.3699 0.7967
vn 0.5658 0.3260 0.7574
vn 0.5660 0.3268 0.7568
vn 0.5656 0.3255 0.7577
vn 0.8294 -0.4173 0.3715
vn 0.8743 -0.0040 0.4854
vn 0.9672 -0.2426 -0.0749
vn 0.9630 -0.2249 -0.1486
vn 0.7980 -0.3553 -0.4868
vn 0.8133 -0.1868 -0.5511
vn 0.7374 -0.2391 -0.6317
vn 0.5691 -0.1479 -0.8089
vn 0.5195 -0.1636 -0.8386
vn 0.4230 0.0594 -0.9042
vn 0.2932 -0.0014 -0.9561
vn 0.2673 0.1893 -0.9448
vn 0.2582 0.1800 -0.9492
vn 0.2601 0.1820 -0.9483
vn 0.2693 0.1911 -0.9439
vn 0.1776 -0.1304 -0.9754
vn 0.1350 -0.1040 -0.9854
vn 0.0858 -0.2463 -0.9654
vn 0.0373 -0.2102 -0.9770
vn -0.0196 -0.2739 -0.9616
vn -0.0351 -0.2681 -0.9628
vn -0.1883 -0.3012 -0.9348
vn -0.0124 -0.1083 -0.9940
vn -0.0799 0.0068 -0.9968
vn 0.6015 -0.0747 -0.7954
vn 0.8214 -0.1710 -0.5441
vn 0.9797 -0.1838 -0.0804
vn 0.9444 0.0812 0.3185
vn 0.9441 -0.0985 0.3145
vn 0.9396 0.1526 0.3064
vn 0.9375 -0.3402 -0.0738
vn 0.9292 0.1777 0.3241
vn 0.9387 0.1893 0.2882
vn 0.9739 -0.2216 -0.0498
vn 0.6629 -0.3599 -0.6566
vn 0.4263 -0.3632 -0.8285
vn 0.4964 -0.2951 -0.8164
vn 0.1507 -0.2500 -0.9564
vn 0.3119 -0.3178 -0.8954
vn 0.6742 -0.3549 -0.6476
vn 0.8913 -0.2868 -0.3513
vn 0.9658 0.1187 0.2305
vn 0.9702 0.1238 0.2082
vn 0.9642 0.1170 0.2379
vn 0.9206 0.3001 0.2499
vn 0.9948 -0.0840 0.0582
vn 0.9843 -0.1113 -0.1369
vn 0.9947 -0.0364 0.0962
vn 0.9346 0.0692 0.3489
vn 0.9344 0.0673 0.3498
vn 0.9345 0.0686 0.3492
vn 0.8164 0.2638 0.5137
vn 0.8161 0.2643 0.5140
vn 0.9975 -0.0292 0.0644
vn 0.9869 -0.1217 0.1056
vn 0.9479 -0.2648 -0.1770
vn 0.9396 -0.2744 -0.2044
vn 0.9711 0.1248 0.2034
vn 0.9550 0.1548 0.2531
vn 0.9549 0.1547 0.2535
vn 0.6713 -0.2982 -0.6785
vn 0.5614 -0.3319 -0.7581
vn 0.2052 -0.2967 -0.9327
vn 0.1936 -0.2987 -0.9345
vn 0.2321 -0.2926 -0.9276
vn 0.2419 -0.2907 -0.9257
vn 0.2879 -0.3442 -0.8937
vn 0.2012 -0.3059 -0.9306
vn 0.1291 -0.1618 -0.9783
vn 0.6506 -0.1813 -0.7374
vn 0.6371 -0.1708 -0.7516
vn 0.6479 -0.1791 -0.7404
vn 0.9811 0.0277 0.1913
vn 0.9975 0.0492 -0.0510
vn 0.9892 -0.0211 -0.1449
vn 0.9367 -0.1012 -0.3353
vn 0.3013 -0.3011 -0.9047
vn 0.6580 -0.1806 -0.7310
vn 0.8962 -0.1118 -0.4294
vn 0.6550 -0.1835 -0.7330
vn 0.8795 -0.4744 0.0370
vn 0.8919 -0.4523 0.0079
vn 0.9694 0.0669 0.2361
vn 0.6960 -0.6767 0.2401
vn 0.6013 -0.7788 0.1785
vn 0.8338 0.2876 0.4712
vn 0.7741 0.4273 0.4672
vn -0.3014 -0.3243 -0.8966
vn 0.0665 -0.0149 -0.9977
vn -0.0968 -0.2810 -0.9548
vn 0.4372 0.1048 -0.8932
vn 0.3499 0.4164 -0.8391
vn 0.4634 -0.1530 -0.8729
vn 0.3534 0.4516 -0.8193
vn 0.3444 0.9358 0.0750
vn 0.3522 0.9345 -0.0518
vn 0.3532 0.9343 -0.0496
vn 0.3529 0.9343 -0.0500
vn 0.0631 0.7876 0.6130
vn 0.0747 0.7620 0.6432
vn 0.2411 0.7551 0.6097
vn 0.4478 0.5509 0.7043
vn 0.1888 0.6127 0.7674
vn 0.3977 0.4556 0.7964
vn 0.2568 0.4839 0.8366
vn 0.0147 0.7432 0.6689
vn 0.2647 0.3340 0.9046
vn 0.5203 0.1008 0.8480
vn 0.5307 0.0776 0.8440
vn 0.9621 -0.1385 0.2351
vn -0.7481 0.6634 -0.0147
vn -0.7482 0.6633 -0.0150
vn -0.7482 0.6633 -0.0153
vn -0.8545 0.4704 -0.2203
vn -0.8546 0.4702 -0.2205
vn -0.8545 0.4703 -0.2204
vn -0.9896 0.0362 -0.1390
vn 0.8586 0.4510 0.2436
vn 0.6405 0.1790 -0.7468
vn 0.4713 0.1764 -0.8642
vn 0.8823 0.3750 -0.2844
vn 0.9087 0.4119 0.0673
vn 0.9182 0.3952 -0.0266
vn 0.3913 0.8898 0.2347
vn 0.3896 0.8906 0.2345
vn 0.3910 0.8900 0.2347
vn 0.2441 0.7612 0.6008
vn 0.3120 0.7853 0.5347
vn 0.2572 0.4994 0.8273
vn 0.2767 0.5169 0.8101
vn 0.9620 -0.1499 0.2282
vn 0.9601 -0.1502 0.2361
vn 0.9793 0.0972 -0.1775
vn -0.4023 -0.7440 0.5336
vn 0.8537 0.4661 -0.2321
vn 0.8613 0.4515 -0.2332
vn 0.8616 0.4512 -0.2328
vn 0.8615 0.4512 -0.2330
vn -0.8421 -0.2883 -0.4558
vn -0.6001 -0.2577 -0.7573
vn -0.7036 -0.2342 -0.6709
vn -0.6818 -0.2417 -0.6905
vn -0.5736 -0.2631 -0.7757
vn -0.0689 -0.1435 -0.9872
vn 0.4036 0.1199 -0.9071
vn 0.6404 0.1784 -0.7470
vn 0.8741 0.3351 -0.3517
vn 0.6338 0.2664 0.7262
vn 0.4403 0.1569 0.8840
vn -0.1020 0.2522 0.9623
vn -0.2032 -0.4609 0.8638
vn -0.9463 -0.2607 0.1914
vn -0.9463 -0.2606 0.1914
vn -0.9377 -0.2426 -0.2488
vn -0.9390 -0.2548 -0.2311
vn -0.9376 -0.2393 -0.2522
vn -0.9359 -0.2288 -0.2679
vn -0.8005 -0.2209 -0.5572
vn 0.8740 0.2339 -0.4258
vn 0.9639 0.2481 -0.0970
vn 0.9630 0.2495 -0.1018
vn 0.9667 0.2435 -0.0786
vn 0.9042 0.3509 0.2437
vn 0.9041 0.3509 0.2437
vn 0.8842 0.3464 0.3134
vn 0.8665 0.3311 0.3736
vn 0.8511 0.3263 0.4113
vn 0.7377 0.2313 0.6343
vn 0.7377 0.2312 0.6343
vn 0.3048 -0.1595 0.9390
vn -0.8726 -0.2582 0.4145
vn -0.8185 -0.2424 0.5209
vn -0.9471 -0.2598 0.1884
vn 0.7348 0.1480 -0.6619
vn 0.8128 0.1763 -0.5552
vn -0.6184 -0.1976 0.7606
vn -0.4513 -0.1802 0.8740
vn -0.9344 -0.2329 -0.2696
vn -0.9193 -0.2331 -0.3169
vn -0.6599 -0.2024 -0.7236
vn -0.8083 -0.2032 -0.5526
vn -0.5833 -0.1860 -0.7907
vn 0.2589 -0.0365 -0.9652
vn 0.5417 0.0420 -0.8396
vn -0.0110 -0.0469 0.9988
vn -0.2738 -0.1725 -0.9462
vn -0.1607 -0.1377 -0.9774
vn 0.0980 -0.0863 -0.9914
vn 0.9659 0.2449 -0.0842
vn 0.9607 0.2425 0.1348
vn 0.9616 0.2438 0.1258
vn 0.9616 0.2438 0.1259
vn 0.8922 0.2343 0.3862
vn 0.8969 0.2339 0.3754
vn 0.8421 0.2343 0.4858
vn 0.7998 0.2137 0.5610
vn 0.4232 0.0949 0.9010
vn 0.0330 -0.0412 0.9986
vn -0.9605 -0.2778 0.0179
vn 0.8531 0.1682 -0.4939
vn 0.6796 0.1788 0.7115
vn 0.7348 0.1853 0.6524
vn 0.7348 0.1854 0.6524
vn 0.2961 0.0395 0.9543
vn -0.5179 -0.3887 0.7620
vn -0.9430 -0.3300 0.0424
vn -0.1045 -0.2292 0.9678
vn -0.4649 -0.3395 0.8177
vn -0.7526 -0.4006 0.5226
vn -0.6651 -0.1798 -0.7248
vn -0.2679 -0.1244 -0.9554
vn -0.2816 -0.1313 -0.9505
vn -0.2348 -0.1073 -0.9661
vn 0.1498 -0.0572 -0.9871
vn 0.6363 0.0525 -0.7696
vn 0.7857 0.0931 -0.6116
vn -0.7074 -0.3690 0.6029
vn -0.9330 -0.2369 0.2707
vn -0.9021 -0.2450 -0.3553
vn -0.5300 -0.1680 -0.8312
vn -0.2236 -0.1020 -0.9693
vn 0.8854 0.0624 -0.4606
vn 0.9931 0.0819 -0.0844
vn 0.8008 0.2140 0.5594
vn 0.6524 0.1995 0.7312
vn 0.6590 0.1990 0.7253
vn 0.6088 0.2028 0.7670
vn 0.6050 0.2030 0.7700
vn 0.1614 0.1432 0.9764
vn 0.1449 0.1371 0.9799
vn -0.4431 0.0417 0.8955
vn -0.4696 0.0261 0.8825
vn -0.4306 0.0490 0.9012
vn -0.4808 0.0187 0.8767
vn -0.7517 -0.0530 0.6574
vn -0.9103 -0.2524 -0.3281
vn -0.8079 -0.1159 0.5778
vn -0.9403 -0.2292 0.2517
vn -0.1254 -0.1250 -0.9842
vn 0.1433 -0.0524 -0.9883
vn 0.5211 -0.0405 -0.8525
vn 0.5317 -0.0431 -0.8458
vn 0.5654 -0.0512 -0.8232
vn 0.6782 0.0723 0.7313
vn -0.8159 -0.1336 0.5625
vn -0.9426 -0.2373 0.2351
vn -0.9509 -0.3043 -0.0572
vn -0.8975 -0.3068 -0.3170
vn 0.9953 0.0967 -0.0025
vn 0.9870 0.1067 -0.1200
vn 0.9658 0.1033 0.2378
vn 0.9370 0.0874 0.3381
vn 0.2277 0.0332 0.9732
vn -0.3431 -0.0232 0.9390
vn -0.5773 -0.0856 0.8120
vn -0.8467 -0.1139 0.5198
vn -0.6929 -0.3313 -0.6404
vn -0.2140 -0.2393 -0.9471
vn 0.5734 -0.0533 -0.8175
vn 0.8846 0.0427 -0.4645
vn 0.6622 -0.0357 -0.7485
vn 0.9553 0.0656 -0.2884
vn 0.7785 0.0966 0.6202
vn 0.7671 0.0964 0.6343
vn 0.8967 0.0910 0.4333
vn 0.3336 0.0298 0.9423
vn -0.1941 -0.2383 -0.9516
vn -0.1941 -0.2382 -0.9516
vn 0.2585 -0.1587 -0.9529
vn 0.9965 0.0705 -0.0459
vn 0.9965 0.0706 -0.0459
vn -0.9689 -0.1706 0.1791
vn -0.8524 -0.2854 -0.4382
vn -0.6925 -0.3090 -0.6519
vn 0.9457 0.1118 -0.3053
vn 0.9309 0.1142 0.3470
vn 0.6564 0.2597 0.7083
vn 0.6564 0.2596 0.7083
vn -0.8127 -0.0715 0.5782
vn -0.6337 -0.4467 -0.6316
vn -0.9551 -0.2886 -0.0670
vn -0.9646 -0.0978 0.2449
vn -0.9659 -0.2461 -0.0801
vn 0.9017 0.0914 0.4225
vn 0.2691 0.1181 0.9558
vn -0.5212 0.0294 0.8529
vn -0.7623 -0.0897 0.6410
vn 0.4250 0.1019 0.8994
vn 0.8942 0.0976 -0.4369
vn 0.3618 -0.0982 -0.9271
vn 0.5855 -0.3650 -0.7239
vn 0.9043 -0.3691 0.2145
vn 0.7175 -0.3438 0.6058
vn 0.7072 -0.2798 0.6493
vn 0.4964 -0.2735 0.8239
vn 0.4920 0.5773 0.6516
vn 0.3852 -0.3218 -0.8649
vn 0.9579 -0.2411 0.1562
vn 0.6882 0.2685 0.6740
vn 0.7305 0.1075 0.6744
vn 0.5179 -0.1607 -0.8402
vn -0.3857 -0.3834 -0.8392
vn -0.8190 -0.4171 -0.3941
vn -0.9272 -0.2580 -0.2717
vn -0.8957 0.1718 0.4102
vn -0.5702 -0.3025 -0.7638
vn -0.8521 0.0621 0.5197
vn -0.1746 -0.9179 0.3562
vn -0.6879 0.0463 0.7244
vn -0.8004 0.2146 0.5598
vn 0.6036 -0.0361 0.7965
vn 0.9564 -0.2250 -0.1861
vn -0.9449 -0.1851 -0.2699
vn 0.9187 0.0427 0.3927
vn 0.1586 0.2725 0.9490
vn -0.2467 -0.6744 0.6959
vn 0.0094 -0.0194 0.9998
vn -0.7320 -0.6612 -0.1642
vn -0.7321 -0.6612 -0.1642
vn -0.8587 -0.5018 -0.1041
vn -0.8587 -0.5018 -0.1040
vn -0.3634 -0.9146 0.1771
vn 0.6160 -0.0062 0.7878
vn -0.6555 -0.7390 -0.1553
vn -0.9777 0.0655 -0.1994
vn 0.5083 -0.0102 0.8611
vn -0.7858 -0.0971 -0.6108
vn 0.4024 -0.3071 0.8624
vn 0.4116 -0.3139 0.8556
vn 0.4274 -0.3238 0.8441
vn 0.7249 0.3991 0.5614
vn -0.0769 0.3165 0.9455
vn 0.8069 -0.4721 -0.3550
vn 0.2099 -0.9203 -0.3301
vn 0.0619 -0.9725 -0.2246
vn 0.3678 -0.1596 0.9161
vn 0.8555 -0.2500 -0.4536
vn 0.6615 -0.7437 0.0967
vn -0.4352 0.0230 -0.9000
vn -0.8884 0.4446 -0.1141
vn -0.7391 0.1660 0.6528
vn 0.9132 -0.2504 -0.3216
vn 0.0915 0.0817 0.9924
vn 0.7417 -0.1328 0.6574
vn -0.5272 -0.6470 -0.5508
vn 0.5281 0.5321 0.6618
vn 0.6072 0.5498 0.5736
vn 0.3806 0.5298 0.7579
vn -0.0839 0.3058 0.9484
vn -0.7400 -0.5555 0.3791
vn -0.7400 -0.5556 0.3791
vn -0.7401 -0.5555 0.3791
vn -0.5681 -0.2501 -0.7840
vn -0.9764 0.0292 -0.2140
vn -0.7435 0.0008 0.6687
vn 0.2423 0.3981 0.8848
vn -0.5583 -0.7775 -0.2894
vn -0.8529 -0.2097 -0.4780
vn -0.6978 -0.4837 -0.5283
vn 0.7355 -0.3021 0.6065
vn 0.5362 -0.6433 0.5465
vn -0.3044 0.9350 -0.1819
vn -0.2363 -0.7615 -0.6036
vn -0.2364 -0.7614 -0.6036
vn -0.2363 -0.7614 -0.6036
vn -0.2426 -0.6893 -0.6826
vn -0.7922 -0.2001 -0.5766
vn -0.5994 0.6650 0.4456
vn -0.8332 0.3381 0.4375
vn -0.0793 0.5943 0.8003
vn -0.0666 0.5892 0.8052
vn -0.7702 0.6091 0.1892
vn -0.9268 0.3608 -0.1041
vn -0.4707 0.6857 0.5552
vn 0.0615 0.6634 0.7457
vn 0.4295 0.5592 0.7091
vn 0.8573 0.3523 0.3755
vn 0.8573 0.3522 0.3755
vn 0.8560 0.1250 -0.5016
vn 0.6111 -0.0242 -0.7912
vn 0.9509 0.2957 -0.0910
vn 0.3592 -0.0884 -0.9290
vn -0.1777 -0.2891 -0.9407
vn -0.1803 -0.2894 -0.9401
vn -0.1843 -0.2899 -0.9391
vn -0.1817 -0.2896 -0.9397
vn -0.7362 -0.5130 -0.4413
vn 0.8935 0.1697 -0.4159
vn 0.9227 0.0071 -0.3856
vn 0.8906 0.3601 0.2779
vn 0.9091 0.3751 0.1810
vn -0.8795 -0.4480 -0.1603
vn 0.3547 -0.1066 -0.9289
vn -0.8716 -0.4609 -0.1671
vn -0.3920 -0.3811 -0.8373
vn -0.1829 -0.2731 -0.9444
vn -0.9059 -0.0446 -0.4211
vn -0.9121 0.1751 -0.3708
vn -0.9120 0.1751 -0.3708
vn -0.9663 -0.2431 -0.0849
vn -0.9335 -0.2996 -0.1971
vn -0.7627 -0.3686 -0.5314
vn -0.0754 0.6516 0.7548
vn 0.4916 0.4826 0.7249
vn 0.3549 -0.7834 -0.5102
vn 0.4612 -0.3339 0.8221
vn 0.9339 -0.0505 0.3540
vn 0.9555 0.2571 0.1450
vn 0.9657 0.1939 -0.1727
vn 0.9509 0.2713 0.1490
vn 0.8724 0.3403 0.3508
vn 0.9509 0.2857 0.1191
vn 0.9381 0.2914 0.1872
vn -0.6198 -0.7848 -0.0026
vn -0.6200 -0.7846 -0.0033
vn -0.6232 -0.7820 -0.0015
vn -0.9215 -0.2913 -0.2568
vn -0.8938 -0.2779 -0.3519
vn -0.9119 -0.3730 -0.1710
vn 0.5362 -0.1402 -0.8324
vn 0.8530 -0.3138 0.4171
vn -0.5583 0.1641 0.8133
vn 0.3315 -0.1384 0.9332
vn 0.3992 0.1588 0.9030
vn -0.2289 -0.2285 -0.9462
vn -0.8665 -0.0013 -0.4991
vn -0.8743 0.1845 0.4490
vn 0.2818 0.1510 0.9475
vn 0.9571 -0.1670 0.2367
vn -0.8330 0.1967 0.5171
vn -0.8330 0.1968 0.5171
vn -0.1649 -0.2617 -0.9509
vn 0.8939 -0.0033 0.4482
vn -0.1116 -0.1745 -0.9783
vn -0.7967 -0.4545 0.3983
vn 0.6578 -0.2582 -0.7075
vn 0.6578 -0.2583 -0.7075
vn -0.1239 0.1683 0.9779
vn -0.1502 0.1779 0.9725
vn -0.1548 0.1795 0.9715
vn -0.4283 -0.3222 -0.8442
vn -0.8767 -0.3027 -0.3740
vn -0.3409 0.1508 -0.9279
vn 0.6952 -0.4912 -0.5248
vn -0.0493 0.0745 0.9960
vn -0.6531 0.3148 0.6888
vn 0.7995 -0.4052 -0.4433
vn -0.8629 0.1969 0.4654
vn -0.8629 0.1970 0.4654
vn -0.3221 -0.3113 -0.8941
vn -0.5401 -0.4030 -0.7389
vn -0.8032 0.2560 0.5378
vn -0.1824 0.3106 0.9329
vn 0.4091 0.1439 0.9011
vn -0.3176 -0.3584 -0.8779
vn -0.4318 0.2905 0.8539
vn -0.9425 -0.2525 -0.2188
vn -0.7666 -0.2519 -0.5906
vn -0.5870 -0.3461 -0.7319
vn -0.9578 -0.0220 0.2867
vn -0.2663 -0.9632 -0.0374
vn 0.8345 -0.4119 -0.3660
vn -0.2281 -0.9729 -0.0382
vn -0.5727 -0.2378 -0.7845
vn -0.7035 0.2198 0.6758
vn -0.2643 -0.9638 -0.0344
vn -0.7929 -0.4531 0.4076
vn 0.9597 -0.1927 0.2046
vn -0.5440 -0.8390 0.0123
vn -0.0012 -0.6496 0.7603
vn 0.2015 -0.9729 -0.1138
vn -0.8296 -0.2153 -0.5152
vn 0.9456 -0.2692 0.1826
vn 0.7522 -0.1580 0.6398
vn 0.5804 0.1581 0.7989
vn 0.5391 0.1056 0.8356
vn 0.9881 -0.1352 0.0735
vn -0.9939 -0.0957 -0.0546
vn -0.8871 -0.0071 -0.4616
vn -0.8807 -0.0168 -0.4734
vn -0.7061 -0.7074 0.0321
vn -0.7273 -0.6858 0.0266
vn -0.0904 0.2492 0.9642
vn 0.8162 -0.2970 -0.4957
vn 0.8162 -0.2969 -0.4957
vn 0.4445 -0.2976 -0.8449
vn 0.5243 -0.2725 -0.8067
vn -0.1715 -0.9767 0.1294
vn -0.9171 -0.0847 -0.3896
vn -0.9171 -0.0846 -0.3896
vn -0.6622 -0.1170 -0.7402
vn -0.6297 0.1439 0.7634
vn -0.0019 -0.3878 -0.9218
vn -0.1828 -0.2445 -0.9523
vn -0.8445 0.3425 0.4118
vn 0.9565 -0.2485 0.1528
vn 0.9546 -0.2682 0.1300
vn 0.9529 -0.2375 0.1886
vn 0.8547 -0.1978 0.4800
vn 0.9677 -0.0460 0.2478
vn -0.5655 -0.7455 -0.3528
vn -0.8263 -0.2295 0.5143
vn -0.8894 0.1320 0.4376
vn -0.9459 0.1336 -0.2958
vn -0.9154 0.1977 -0.3507
vn -0.8974 -0.1828 -0.4016
vn -0.8870 0.0546 -0.4585
vn -0.9949 0.0993 -0.0187
vn -0.9949 0.0993 -0.0188
vn -0.9949 0.0992 -0.0188
vn -0.8866 0.4597 0.0516
vn -0.8671 0.4953 -0.0530
vn -0.8592 0.4466 -0.2495
vn -0.9868 0.0676 -0.1475
vn -0.9845 0.1277 -0.1205
vn -0.9889 0.1448 0.0323
vn 0.0271 0.1693 0.9852
vn 0.3447 -0.3340 -0.8773
vn -0.1202 0.3272 0.9373
vn 0.5876 -0.4593 -0.6661
vn 0.6049 -0.0466 0.7949
vn 0.8350 -0.0405 0.5487
vn 0.9403 -0.0593 -0.3351
vn 0.4340 -0.3276 0.8392
vn 0.6694 -0.2335 -0.7053
vn 0.6887 -0.4804 -0.5431
vn 0.9534 -0.1245 0.2749
vn 0.9534 -0.1244 0.2748
vn 0.9534 -0.1244 0.2749
vn 0.7029 -0.2631 -0.6608
vn -0.1176 0.1661 0.9791
vn -0.7793 0.3296 0.5330
vn 0.8334 -0.4385 -0.3363
vn -0.7208 -0.2147 -0.6591
vn -0.7208 -0.2146 -0.6591
vn -0.9562 0.1351 0.2597
vn 0.5733 -0.4725 -0.6694
vn 0.7589 -0.3458 -0.5518
vn 0.5629 -0.7307 -0.3864
vn 0.9637 -0.1654 0.2096
vn -0.9262 0.1717 0.3357
vn -0.8305 0.2561 0.4946
vn -0.9479 0.1446 0.2838
vn 0.4363 -0.8571 0.2741
vn -0.8177 0.2650 0.5111
vn -0.1781 0.3218 0.9299
vn 0.1442 0.1661 0.9755
vn -0.3334 -0.9059 0.2611
vn -0.2652 -0.9108 0.3165
vn -0.1505 0.2951 0.9435
vn 0.7106 0.1379 0.6899
vn 0.8096 -0.0278 0.5863
vn 0.0692 -0.3537 -0.9328
vn 0.9662 -0.2328 0.1110
vn 0.9184 -0.2731 0.2864
vn 0.9052 -0.2410 0.3500
vn 0.9142 -0.2617 0.3094
vn 0.3376 -0.2472 -0.9083
vn 0.6561 -0.4633 -0.5957
vn -0.3769 -0.1468 -0.9146
vn -0.2166 0.0084 -0.9762
vn -0.4687 -0.1339 -0.8731
vn -0.6232 -0.7820 -0.0013
vn -0.7073 -0.6779 -0.2003
vn 0.9896 -0.1188 -0.0812
vn 0.7889 -0.0747 0.6100
vn 0.3821 -0.2919 -0.8768
vn 0.3693 -0.2494 0.8952
vn 0.8987 -0.2277 0.3747
vn 0.2112 -0.8019 -0.5589
vn 0.2111 -0.8019 -0.5589
vn -0.8194 0.0316 0.5724
vn 0.8851 -0.0058 0.4653
vn -0.9652 0.0367 -0.2588
vn -0.1142 -0.2043 0.9722
vn -0.4448 -0.8039 -0.3949
vn 0.0692 -0.7312 -0.6786
vn -0.4191 -0.3717 -0.8283
vn -0.7904 -0.4610 0.4033
vn -0.7544 -0.3150 0.5758
vn 0.5313 -0.8377 0.1263
vn -0.9523 -0.2290 0.2017
vn 0.3187 -0.6726 -0.6678
vn -0.3235 -0.5888 -0.7407
vn -0.5488 -0.3736 -0.7479
vn 0.4506 0.0681 0.8901
vn 0.6866 0.6971 -0.2062
vn 0.7482 0.5706 0.3384
vn -0.3176 -0.8334 0.4522
vn 0.1941 0.9699 0.1468
vn 0.1602 0.9030 0.3987
vn 0.6650 0.7188 0.2026
vn 0.8131 0.5701 -0.1172
vn 0.4465 0.6692 0.5940
vn -0.0185 0.7511 0.6600
vn -0.0226 -0.9995 -0.0214
vn -0.0254 -0.9994 -0.0216
vn -0.0170 -0.9996 -0.0231
vn -0.3814 -0.8308 0.4054
vn -0.6822 -0.5968 0.4225
vn -0.7546 -0.2600 0.6025
vn 0.1595 0.9654 -0.2065
vn 0.1810 0.8997 0.3971
vn 0.6567 0.7508 -0.0705
vn -0.2584 0.6986 0.6672
vn -0.4882 0.5372 0.6878
vn 0.0254 0.6674 0.7443
vn 0.4576 0.6688 0.5859
vn 0.8069 0.5731 -0.1429
vn 0.7556 0.6080 0.2436
vn 0.2560 0.9205 0.2953
vn -0.3899 0.6910 0.6087
vn -0.1601 0.7391 0.6543
vn -0.4603 0.7562 0.4650
vn -0.0178 -0.9996 -0.0231
vn 0.0300 -0.9979 -0.0572
vn -0.0164 -0.9997 -0.0201
vn -0.6757 -0.5984 0.4305
vn -0.7879 -0.0520 0.6136
vn -0.2878 0.8705 0.3993
vn -0.7693 0.0119 0.6388
vn -0.7196 -0.1594 0.6759
vn -0.4766 -0.8745 0.0898
vn 0.0681 -0.7742 0.6292
vn -0.2169 0.1145 0.9695
vn -0.3990 -0.1465 0.9052
vn -0.0250 -0.9196 0.3921
vn 0.8786 0.4487 -0.1635
vn 0.8886 0.4436 -0.1164
vn 0.8721 0.4293 0.2349
vn -0.2124 0.7105 0.6708
vn 0.4142 0.6097 0.6758
vn 0.8969 0.3928 -0.2032
vn 0.2981 0.9378 0.1780
vn 0.9097 0.1858 -0.3713
vn 0.6379 0.6584 0.3995
vn 0.9035 0.4111 -0.1216
vn 0.5507 0.7127 0.4345
vn 0.9454 0.1224 -0.3020
vn 0.5185 0.8496 0.0971
vn 0.6605 0.7482 -0.0622
vn 0.5583 0.8180 0.1385
vn 0.4846 0.8384 0.2496
vn 0.5397 0.8274 0.1552
vn -0.2133 -0.4233 0.8805
vn 0.4521 -0.2170 0.8652
vn 0.7960 -0.5775 -0.1814
vn 0.8375 -0.3261 -0.4385
vn -0.2528 -0.4267 0.8683
vn 0.5832 -0.7445 -0.3249
vn 0.4828 -0.5883 0.6487
vn 0.8402 -0.3855 -0.3814
vn -0.6310 -0.4746 0.6137
vn -0.5606 -0.7064 0.4322
vn 0.5321 -0.7700 -0.3521
vn -0.2024 -0.8793 0.4311
vn -0.3604 -0.8137 0.4561
vn -0.1978 -0.9444 -0.2627
vn 0.1512 -0.9824 0.1098
vn -0.2599 -0.9462 -0.1928
vn 0.3209 -0.9462 -0.0417
vn 0.2226 -0.9749 -0.0073
vn 0.2505 -0.9582 0.1384
vn -0.4822 -0.8483 -0.2189
vn 0.2793 -0.9585 0.0578
vn 0.2775 -0.9588 0.0613
vn 0.2793 -0.9584 0.0578
vn 0.2776 -0.9588 0.0612
vn 0.0177 -0.9982 0.0580
vn -0.1817 -0.9233 -0.3384
vn 0.7874 -0.6165 -0.0012
vn -0.0142 -0.9972 0.0731
vn 0.3049 -0.9268 0.2192
vn 0.6199 -0.3795 0.6868
vn 0.9125 -0.3774 0.1577
vn -0.0309 -0.5951 -0.8031
vn -0.0123 -0.9095 0.4156
vn 0.1745 -0.8650 0.4704
vn -0.4678 -0.7878 -0.4007
vn 0.1794 -0.9543 -0.2392
vn -0.6222 -0.7517 -0.2186
vn -0.4117 -0.9062 -0.0962
vn 0.6282 -0.7213 -0.2915
vn 0.2624 -0.9308 -0.2546
vn -0.0158 -0.9999 0.0006
vn -0.8858 -0.0701 0.4588
vn 0.7254 -0.1196 -0.6778
vn -0.1674 0.7969 -0.5805
vn 0.9470 0.1789 0.2667
vn 0.9469 0.1790 0.2672
vn 0.9471 0.1789 0.2666
vn 0.5076 0.7791 0.3679
vn 0.5077 0.7791 0.3678
vn 0.5076 0.7791 0.3678
vn -0.8404 0.4419 0.3136
vn 0.2205 0.6209 0.7522
vn 0.9268 -0.3390 0.1619
vn 0.7223 0.4348 -0.5378
vn 0.8006 0.5982 -0.0339
vn 0.8013 0.5973 -0.0337
vn 0.7854 0.0448 0.6174
vn -0.6890 0.5228 -0.5020
vn -0.3656 0.8585 -0.3597
vn -0.3291 0.8747 -0.3557
vn -0.1901 0.9244 0.3307
vn -0.6042 0.1412 0.7842
vn 0.1885 0.9820 -0.0082
vn 0.5068 0.7134 0.4839
vn -0.0115 0.9345 -0.3558
vn -0.9451 0.0980 -0.3116
vn -0.9450 0.0979 -0.3120
vn -0.9451 0.0979 -0.3119
vn -0.8665 0.3993 0.2994
vn -0.8666 0.3993 0.2992
vn -0.8667 0.3992 0.2991
vn -0.3026 0.9452 -0.1224
vn -0.1206 0.8912 0.4374
vn 0.6018 -0.5871 0.5414
vn 0.6018 -0.5871 0.5413
vn 0.9006 0.1082 0.4209
vn 0.4799 -0.8751 0.0616
vn 0.6206 -0.7831 0.0390
vn 0.5886 -0.7212 -0.3653
vn -0.3867 -0.3789 -0.8408
vn 0.2592 -0.3042 -0.9167
vn -0.0927 -0.7589 -0.6445
vn -0.0927 -0.7590 -0.6445
vn -0.6734 -0.3652 -0.6428
vn -0.5015 -0.8651 0.0002
vn 0.1241 -0.9026 0.4122
vn 0.0642 -0.8917 0.4480
vn 0.4616 0.6448 -0.6093
vn 0.2213 0.5780 -0.7855
vn -0.2836 0.3853 -0.8781
vn -0.2275 0.3914 -0.8916
vn 0.8098 0.5853 0.0411
vn 0.8097 0.5854 0.0411
vn 0.8097 0.5853 0.0411
vn 0.6946 0.6850 -0.2201
vn 0.6881 0.6463 -0.3300
vn 0.4241 0.6456 -0.6351
vn 0.1979 0.2023 0.9591
vn 0.7907 0.6039 0.1003
vn 0.0980 0.4416 0.8919
vn 0.0907 0.7482 0.6572
vn 0.4510 0.6404 0.6216
vn 0.1289 0.9057 0.4038
vn 0.8351 -0.4287 -0.3447
vn 0.0006 0.8822 -0.4708
vn -0.1799 0.1477 0.9725
vn 0.1981 0.0426 0.9793
vn 0.3148 0.4249 0.8487
vn 0.5459 0.4646 0.6973
vn 0.8951 0.0059 -0.4459
vn 0.7278 -0.3908 0.5635
vn 0.5916 -0.8061 -0.0153
vn 0.8572 0.0073 -0.5149
vn 0.5862 0.1726 -0.7915
vn 0.8958 0.0546 -0.4411
vn 0.9861 0.1639 -0.0281
vn 0.7357 0.3111 0.6016
vn 0.4987 0.3312 0.8010
vn 0.5462 -0.0595 0.8356
vn -0.0383 0.2030 -0.9784
vn 0.1020 0.2763 -0.9557
vn 0.2834 0.2710 -0.9199
vn 0.2494 0.2560 -0.9339
vn 0.9562 0.2192 0.1941
vn 0.8646 0.3207 0.3868
vn 0.7560 0.3358 0.5619
vn 0.6298 0.1657 -0.7589
vn 0.7233 -0.0112 0.6905
vn 0.8012 -0.0508 -0.5963
vn 0.8622 -0.0372 -0.5052
vn 0.9844 0.0424 -0.1705
vn 0.6001 -0.1022 0.7934
vn 0.5065 0.0649 0.8598
vn 0.3832 0.3641 0.8489
vn -0.3560 -0.3051 -0.8833
vn -0.0169 -0.3464 -0.9379
vn 0.2485 -0.1394 -0.9585
vn 0.7991 0.0193 -0.6009
vn 0.5584 -0.0845 -0.8252
vn 0.2255 0.1912 0.9553
vn 0.5212 0.0344 0.8527
vn 0.8214 -0.0237 -0.5698
vn 0.8990 0.2551 0.3561
vn 0.2452 0.0946 0.9648
vn 0.6269 -0.0233 -0.7787
vn 0.9906 0.1094 -0.0825
vn 0.1865 0.9270 -0.3254
vn 0.3827 0.8077 -0.4485
vn 0.0152 0.8894 0.4569
vn 0.4326 0.5727 0.6964
vn 0.2134 0.7662 0.6061
vn 0.1617 0.9030 0.3982
vn 0.4890 -0.7422 0.4583
vn 0.3110 0.9272 -0.2090
vn 0.1697 -0.1106 0.9793
vn -0.0518 -0.9927 0.1092
vn -0.0422 -0.9028 0.4281
vn 0.4266 -0.6497 0.6292
vn 0.3111 -0.9444 0.1063
vn 0.9435 -0.1508 0.2950
vn 0.7965 -0.3929 -0.4597
vn 0.4421 0.8507 0.2845
vn 0.7628 0.5761 0.2937
vn 0.9682 0.0684 0.2405
vn 0.3823 0.1189 0.9163
vn -0.9691 -0.1545 -0.1922
vn -0.9016 -0.0883 -0.4234
vn -0.7572 0.0011 0.6531
vn -0.9987 -0.0249 0.0443
vn 0.7447 -0.0594 -0.6648
vn 0.4540 -0.8208 0.3467
vn -0.0182 -0.5286 -0.8487
vn 0.2404 -0.0428 0.9697
vn -0.1196 -0.0004 0.9928
vn -0.4571 -0.8620 0.2189
vn -0.5439 0.3761 0.7502
vn -0.5438 0.3768 0.7499
vn -0.5439 0.3755 0.7504
vn -0.7038 -0.6677 0.2427
vn -0.7045 -0.6673 0.2416
vn -0.4709 -0.8566 0.2109
vn -0.9231 -0.3724 0.0958
vn -0.9230 -0.3727 0.0956
vn -0.9231 -0.3725 0.0957
vn -0.9151 -0.3816 0.1300
vn -0.9151 -0.3818 0.1299
vn -0.9283 -0.3717 -0.0034
vn -0.8481 -0.5217 0.0922
vn -0.8163 0.1443 0.5594
vn -0.9872 -0.1257 0.0980
vn -0.7427 0.5075 0.4368
vn -0.7428 0.5073 0.4368
vn 0.8151 0.0066 0.5793
vn -0.7955 0.2865 -0.5340
vn -0.8543 0.2639 -0.4477
vn 0.9157 -0.1073 -0.3873
vn 0.8416 -0.3219 -0.4337
vn 0.8955 -0.1828 -0.4058
vn 0.9327 -0.0120 -0.3604
vn -0.8391 0.0803 -0.5381
vn -0.7803 0.1372 -0.6102
vn -0.6232 -0.6343 -0.4575
vn -0.3216 -0.1718 -0.9312
vn -0.0070 0.5347 -0.8450
vn -0.1263 0.5444 -0.8293
vn -0.2772 0.7332 -0.6209
vn -0.1222 0.4710 -0.8736
vn -0.0212 -0.2738 -0.9616
vn 0.0198 -0.2477 -0.9686
vn 0.0806 -0.4963 -0.8644
vn -0.0695 -0.5570 -0.8276
vn -0.0971 -0.2058 -0.9738
vn -0.0743 -0.1959 -0.9778
vn -0.1581 0.1829 -0.9703
vn -0.0569 0.2689 -0.9615
vn -0.1597 0.6194 -0.7686
vn -0.0447 0.7051 -0.7077
vn -0.2107 0.8245 -0.5251
vn -0.0276 0.9876 -0.1544
vn -0.0406 0.9854 -0.1652
vn -0.2381 0.9661 0.0997
vn 0.0214 0.9115 0.4108
vn -0.1524 0.9287 0.3381
vn -0.0939 0.7005 0.7075
vn -0.2695 0.6133 0.7425
vn -0.1600 0.2138 0.9637
vn -0.1970 0.2187 0.9557
vn -0.4338 -0.0490 0.8997
vn 0.0236 -0.2817 0.9592
vn -0.3197 -0.3322 0.8874
vn -0.1453 -0.9608 0.2363
vn -0.1309 -0.9611 0.2433
vn -0.2077 -0.6042 0.7693
vn -0.1489 -0.6562 0.7397
vn -0.1943 0.2158 0.9569
vn -0.0237 -0.0520 0.9984
vn 0.1514 0.3493 0.9247
vn -0.0066 0.4524 0.8918
vn -0.0475 0.4286 0.9023
vn -0.0832 0.3354 0.9384
vn 0.2333 0.2239 0.9463
vn 0.0295 0.0178 0.9994
vn 0.0302 0.0015 0.9995
vn 0.0368 -0.0019 0.9993
vn 0.2574 0.1197 0.9589
vn 0.3985 -0.1562 0.9038
vn 0.0580 0.0460 0.9973
vn 0.1661 0.1123 0.9797
vn 0.2543 -0.1293 0.9584
vn 0.1107 -0.2164 0.9700
vn 0.0245 0.0978 0.9949
vn 0.2438 -0.0020 0.9698
vn -0.3250 0.0499 0.9444
vn -0.3192 0.0199 0.9475
vn -0.3392 0.0337 0.9401
vn -0.5479 0.1289 0.8266
vn -0.6015 0.1558 0.7835
vn -0.8449 0.0138 -0.5348
vn -0.8194 -0.0066 -0.5732
vn -0.6417 -0.0972 -0.7608
vn -0.3596 -0.0335 -0.9325
vn 0.1944 0.0067 -0.9809
vn 0.5433 -0.0081 -0.8395
vn 0.6975 -0.0379 -0.7156
vn 0.6754 -0.0719 -0.7339
vn 0.6918 -0.0467 -0.7206
vn 0.9788 -0.0957 0.1809
vn 0.2009 -0.0908 0.9754
vn -0.2403 -0.0956 0.9660
vn 0.0050 -0.1353 0.9908
vn -0.4891 -0.2639 0.8314
vn -0.5130 -0.2888 0.8083
vn -0.8531 -0.0532 0.5190
vn -0.7567 -0.3498 0.5523
vn -0.9577 -0.0159 0.2872
vn -0.9980 -0.0633 -0.0047
vn -0.1679 0.3847 -0.9076
vn -0.0404 0.3603 -0.9320
vn 0.7603 0.2135 -0.6134
vn 0.9789 0.1085 -0.1733
vn 0.9893 0.0738 -0.1259
vn 0.9633 0.0237 0.2673
vn 0.4652 -0.0936 0.8803
vn 0.1438 -0.1497 0.9782
vn -0.1625 -0.1609 0.9735
vn -0.6029 -0.2159 0.7680
vn -0.7370 -0.2458 0.6296
vn -0.5469 0.8181 0.1781
vn -0.9788 -0.1769 -0.1030
vn -0.8842 -0.1162 -0.4524
vn -0.6700 -0.1326 -0.7305
vn -0.4563 0.0562 -0.8881
vn -0.1574 0.1323 -0.9786
vn 0.3253 0.1768 -0.9289
vn 0.2912 0.1866 -0.9383
vn 0.8021 0.2124 -0.5582
vn 0.7982 0.2102 -0.5645
vn 0.7980 0.2098 -0.5649
vn 0.8730 -0.0482 -0.4853
vn 0.8937 -0.4465 0.0443
vn 0.1797 -0.9610 0.2102
vn 0.3047 -0.8487 0.4323
vn 0.7335 -0.5571 0.3893
vn 0.8319 -0.0586 0.5518
vn 0.7157 0.4881 0.4995
vn 0.3116 0.8052 0.5046
vn 0.8636 0.2566 0.4340
vn 0.8608 0.1607 0.4829
vn 0.9428 -0.1873 0.2757
vn 0.7503 -0.5411 0.3799
vn 0.4344 -0.8749 0.2140
vn 0.0088 -0.9999 -0.0079
vn 0.0068 -1.0000 -0.0055
vn 0.0070 -1.0000 -0.0059
vn 0.0064 -1.0000 -0.0054
vn 0.5770 -0.7832 -0.2316
vn -0.0841 -0.3979 -0.9136
vn 0.2795 -0.2489 -0.9273
vn 0.6109 -0.3696 -0.7001
vn -0.3905 0.1402 -0.9098
vn -0.2795 0.2014 -0.9388
vn -0.6289 0.1683 -0.7590
vn -0.5199 -0.1351 -0.8435
vn -0.8746 0.0559 -0.4816
vn -0.7369 0.1145 -0.6663
vn -0.9280 0.1116 -0.3554
vn -0.9962 0.0869 -0.0001
vn -0.8053 -0.0684 0.5889
vn -0.8710 -0.1639 0.4631
vn -0.4307 -0.2142 0.8767
vn 0.3690 -0.0890 0.9251
vn 0.7559 -0.0755 0.6503
vn 0.9534 -0.0650 0.2947
vn 0.9531 -0.0652 0.2957
vn 0.9536 -0.0647 0.2940
vn 0.9539 -0.0645 0.2931
vn 0.8545 0.1292 -0.5032
vn 0.4428 0.2181 -0.8697
vn 0.5671 0.1943 -0.8004
vn 0.2011 0.1578 -0.9668
vn -0.0619 0.2323 -0.9707
vn -0.4952 0.2980 -0.8161
vn -0.5419 0.2986 -0.7856
vn -0.7766 0.2134 -0.5928
vn -0.9562 0.0394 -0.2901
vn -0.9225 -0.2795 0.2662
vn -0.9688 -0.1555 0.1931
vn -0.6752 -0.2590 0.6907
vn -0.0636 0.0052 0.9980
vn -0.5198 0.1428 0.8423
vn -0.2239 -0.3181 0.9213
vn -0.1936 -0.4371 0.8783
vn 0.5316 -0.1287 0.8372
vn 0.8158 -0.0221 0.5779
vn 0.7491 -0.0100 0.6624
vn 0.7083 -0.0134 0.7058
vn 0.9096 -0.0001 0.4155
vn 0.3095 -0.0219 -0.9506
vn -0.3955 -0.0270 -0.9181
vn -0.0568 -0.0012 -0.9984
vn -0.0322 -0.0042 -0.9995
vn -0.6802 -0.0479 -0.7315
vn -0.9696 0.0095 -0.2443
vn -0.9984 0.0139 0.0552
vn -0.9527 -0.0070 -0.3038
vn -0.8677 0.0288 0.4962
vn -0.7619 0.0419 0.6463
vn -0.3106 0.1403 0.9401
vn 0.1259 0.0156 0.9919
vn -0.2427 0.0089 0.9700
vn -0.2193 -0.0616 0.9737
vn -0.4102 -0.1881 0.8924
vn -0.3029 -0.6712 0.6766
vn -0.2301 -0.7079 0.6678
vn -0.2583 -0.9261 0.2750
vn 0.0144 -0.9953 0.0953
vn 0.6741 -0.7337 0.0852
vn 0.8718 -0.4828 0.0830
vn 0.5510 -0.8320 -0.0640
vn 0.3570 -0.9069 -0.2237
vn 0.5053 -0.7825 -0.3638
vn 0.6455 -0.6756 -0.3561
vn 0.7283 -0.4271 -0.5358
vn 0.8264 -0.2877 -0.4840
vn 0.6517 0.0514 -0.7567
vn 0.0686 -0.0874 -0.9938
vn 0.0311 -0.5551 -0.8312
vn 0.0702 0.1998 -0.9773
vn 0.0717 0.2007 -0.9770
vn 0.0695 0.1994 -0.9774
vn 0.0679 0.1985 -0.9777
vn 0.2702 0.0214 -0.9626
vn 0.2794 -0.1113 -0.9537
vn 0.2757 -0.1141 -0.9545
vn 0.2897 -0.1036 -0.9515
vn 0.2914 -0.1025 -0.9511
vn 0.4249 -0.1709 -0.8890
vn 0.4273 -0.2331 -0.8736
vn 0.2835 -0.2707 -0.9200
vn 0.2234 -0.0637 -0.9726
vn 0.2808 -0.0451 -0.9587
vn 0.0885 0.1938 -0.9770
vn 0.2832 0.3093 -0.9078
vn 0.2512 0.2361 -0.9387
vn 0.1207 0.2890 -0.9497
vn 0.0721 0.4311 -0.8994
vn -0.0469 0.2742 -0.9605
vn -0.2200 0.2791 -0.9347
vn -0.1894 0.2509 -0.9493
vn -0.2631 0.3191 -0.9104
vn -0.3113 0.6575 -0.6861
vn -0.1075 0.2770 -0.9548
vn -0.3853 0.8123 -0.4378
vn -0.3866 0.8630 -0.3253
vn -0.4099 0.8605 -0.3024
vn -0.4360 -0.2561 -0.8627
vn -0.4368 -0.2557 -0.8624
vn -0.4068 -0.5224 -0.7494
vn -0.3012 -0.5147 -0.8027
vn -0.4651 0.5425 -0.6995
vn -0.4222 0.7899 -0.4447
vn -0.4851 0.8251 -0.2896
vn -0.4025 0.9050 0.1381
vn -0.4328 0.8260 0.3611
vn -0.3330 0.5923 0.7337
vn -0.5745 0.1583 0.8030
vn -0.4287 0.2036 0.8802
vn -0.5396 -0.0683 0.8391
vn -0.7494 -0.2432 0.6158
vn -0.9813 -0.1142 0.1547
vn -0.9823 -0.1076 0.1531
vn -0.9823 -0.1080 0.1532
vn -0.9286 -0.1921 0.3173
vn -0.9333 -0.1335 -0.3332
vn -0.8697 -0.0726 -0.4882
vn -0.4581 0.1277 -0.8797
vn -0.5403 0.0407 -0.8405
vn -0.6388 0.4991 -0.5855
vn -0.5448 0.5551 -0.6285
vn -0.8052 0.5316 -0.2628
vn -0.5768 0.7905 -0.2060
vn -0.6070 0.7947 0.0052
vn -0.7823 0.6075 0.1378
vn -0.7092 0.6124 0.3493
vn -0.5666 0.7004 0.4340
vn -0.7828 0.4378 0.4423
vn -0.7185 0.3487 0.6018
vn -0.6566 0.3703 0.6571
vn -0.5846 0.1578 0.7958
vn -0.7482 0.0660 0.6602
vn -0.6420 -0.0746 0.7631
vn -0.6574 -0.0163 0.7534
vn -0.9832 -0.1019 0.1517
vn -0.9028 -0.1359 0.4081
vn -0.9558 0.2889 0.0544
vn -0.9908 -0.0038 0.1354
vn -0.9978 0.0609 0.0280
vn -0.9869 0.0605 -0.1495
vn -0.9567 0.1754 -0.2322
vn -0.8775 0.4450 -0.1788
vn -0.8847 0.4623 0.0601
vn -0.9435 0.3077 0.1231
vn -0.9505 0.0437 0.3076
vn -0.9412 0.2057 0.2680
vn -0.9393 0.0194 0.3425
vn -0.8098 0.0547 0.5842
vn -0.8568 0.0248 0.5150
vn -0.8447 -0.1936 0.4990
vn -0.8435 -0.1957 0.5002
vn -0.8397 -0.2029 0.5037
vn -0.8389 -0.2037 0.5048
vn -0.5216 -0.1717 -0.8357
vn -0.5616 -0.2093 -0.8005
vn -0.8420 -0.3391 -0.4196
vn -0.7910 -0.2097 -0.5748
vn -0.8950 -0.3122 -0.3186
vn -0.8016 -0.2730 -0.5319
vn -0.7162 -0.1481 -0.6821
vn -0.8091 -0.4569 -0.3695
vn -0.8531 -0.4772 -0.2109
vn -0.8637 -0.3728 -0.3392
vn -0.9735 -0.2118 -0.0866
vn -0.9292 -0.2412 0.2799
vn -0.7295 -0.0627 0.6811
vn -0.4248 -0.2834 0.8598
vn -0.6191 -0.3626 0.6965
vn -0.3924 0.2914 0.8724
vn -0.0897 0.4103 0.9075
vn -0.0931 0.4039 0.9101
vn -0.0938 0.4044 0.9098
vn -0.2694 0.2899 0.9184
vn -0.5398 -0.0590 0.8397
vn -0.6406 -0.3186 0.6987
vn -0.7681 -0.3949 0.5041
vn -0.8200 0.0102 0.5723
vn -0.7718 -0.0279 0.6353
vn -0.8931 -0.0387 0.4482
vn -0.9751 -0.1752 0.1358
vn -0.9636 -0.2331 -0.1310
vn -0.9507 -0.1347 -0.2793
vn -0.6086 0.0897 -0.7884
vn -0.5804 0.0478 -0.8129
vn -0.3459 0.1989 -0.9169
vn -0.0082 -0.6259 -0.7799
vn 0.3417 0.1511 -0.9276
vn 0.5695 -0.5278 -0.6301
vn 0.6842 -0.6542 -0.3223
vn 0.6154 -0.4535 -0.6447
vn 0.1548 0.0116 0.9879
vn -0.1233 -0.0063 0.9923
vn -0.0394 0.0055 0.9992
vn -0.1659 -0.0023 0.9861
vn -0.9049 -0.0803 0.4179
vn -0.9032 -0.0802 0.4217
vn -0.9056 -0.0803 0.4164
vn -0.9043 -0.0802 0.4194
vn -0.8856 -0.1479 -0.4403
vn -0.8487 -0.1399 -0.5100
vn 0.9988 -0.0195 -0.0451
vn 0.9977 -0.0213 -0.0646
vn 0.5958 -0.1263 0.7931
vn 0.2007 -0.2132 0.9562
vn -0.1661 -0.2373 0.9571
vn -0.9795 -0.1678 0.1119
vn -0.9485 -0.1727 -0.2657
vn -0.7818 -0.1463 -0.6062
vn -0.4022 -0.1476 -0.9036
vn -0.0170 -0.0916 -0.9956
vn 0.2297 -0.0752 -0.9704
vn 0.6921 -0.0005 -0.7218
vn 0.9040 0.2426 0.3519
vn 0.6001 0.2160 0.7702
vn 0.6996 -0.0450 0.7131
vn 0.7550 0.1712 0.6330
vn 0.4760 0.4108 0.7776
vn 0.0489 0.7578 0.6506
vn -0.3345 0.8100 0.4817
vn -0.6964 0.7159 0.0494
vn -0.5365 0.8428 -0.0430
vn -0.6241 0.7633 -0.1671
vn 0.6036 -0.7948 0.0624
vn 0.7709 -0.6341 0.0601
vn 0.4337 -0.9005 -0.0318
vn 0.3828 -0.8971 0.2205
vn 0.0873 -0.9920 0.0917
vn 0.0471 -0.9989 0.0082
vn -0.3740 -0.4532 -0.8091
vn -0.6893 0.0545 -0.7224
vn -0.6434 -0.2901 -0.7084
vn -0.6042 -0.4660 -0.6464
vn -0.1501 -0.9762 -0.1569
vn 0.1294 -0.9902 -0.0525
vn -0.0837 -0.9841 -0.1567
vn -0.7046 -0.4277 -0.5662
vn -0.8341 0.4481 -0.3217
vn -0.8163 0.4244 -0.3918
vn -0.9046 0.2152 0.3680
vn -0.8717 0.1873 0.4529
vn -0.7232 -0.0101 0.6906
vn 0.6193 -0.0912 0.7798
vn 0.8144 -0.0313 0.5795
vn 0.9753 -0.0500 -0.2153
vn 0.9749 -0.0495 -0.2169
vn 0.9757 -0.0507 -0.2134
vn 0.9759 -0.0511 -0.2121
vn 0.7886 0.0369 -0.6138
vn 0.4524 0.0136 -0.8917
vn 0.5995 0.0651 -0.7977
vn 0.1651 0.0979 -0.9814
vn -0.5014 0.1439 -0.8531
vn -0.3322 0.1371 -0.9332
vn -0.5814 0.0957 -0.8080
vn -0.9988 -0.0326 0.0355
vn -0.9133 0.1109 -0.3918
vn -0.9979 -0.0410 0.0508
vn -0.8845 -0.1419 0.4445
vn -0.7467 -0.3992 0.5320
vn -0.7405 -0.4045 0.5367
vn -0.7606 -0.3875 0.5209
vn -0.7665 -0.3822 0.5161
vn -0.2809 -0.4773 0.8326
vn -0.1377 -0.4465 0.8841
vn -0.1501 -0.3457 0.9263
vn -0.3148 -0.2696 0.9101
vn 0.2000 0.0532 0.9783
vn 0.4454 -0.3164 0.8376
vn 0.5050 -0.3883 0.7708
vn 0.9549 -0.0282 0.2956
vn 0.9831 -0.0050 0.1831
vn 0.6693 -0.0811 -0.7386
vn -0.8379 -0.0659 -0.5418
vn -0.9275 -0.0860 -0.3638
vn -0.9578 -0.0749 -0.2774
vn -0.9067 0.0090 0.4216
vn -0.9195 0.0072 0.3930
vn -0.5598 0.0863 0.8242
vn -0.5700 0.0855 0.8172
vn -0.6602 -0.1865 0.7275
vn -0.2043 0.1026 0.9735
vn -0.6034 -0.2269 0.7644
vn -0.6231 -0.1873 0.7594
vn -0.5785 -0.2357 0.7809
vn -0.5306 -0.5854 0.6130
vn 0.9435 -0.1548 0.2929
vn 0.4763 -0.7230 0.5004
vn 0.0908 -0.7384 0.6683
vn 0.6026 -0.3466 0.7188
vn 0.1283 -0.2226 0.9664
vn -0.0347 -0.2142 0.9762
vn -0.1269 0.0029 0.9919
vn 0.1183 -0.3268 0.9377
vn -0.9776 -0.0491 0.2047
vn -0.9746 -0.0482 0.2189
vn -0.9729 -0.0478 0.2261
vn -0.9783 -0.0493 0.2011
vn -0.7932 -0.0872 -0.6026
vn -0.7249 -0.0745 -0.6848
vn -0.5316 -0.1275 -0.8373
vn -0.3821 -0.0904 -0.9197
vn -0.1784 -0.1093 -0.9779
vn 0.3265 -0.1288 -0.9364
vn 0.9613 -0.0146 -0.2752
vn 0.9986 -0.0221 -0.0478
vn 0.9986 -0.0221 -0.0481
vn 0.9988 -0.0210 -0.0431
vn 0.9988 -0.0211 -0.0437
vn 0.9174 -0.1334 0.3750
vn 0.8577 -0.1685 0.4858
vn 0.7290 -0.2736 0.6275
vn 0.5625 -0.1404 0.8148
vn 0.4617 -0.1357 0.8766
vn 0.2888 -0.4725 0.8326
vn -0.7488 -0.2106 0.6284
vn -0.8997 -0.1394 0.4137
vn -0.9054 0.0383 -0.4229
vn -0.8564 0.0220 -0.5159
vn -0.2061 -0.0145 -0.9784
vn -0.1184 -0.0135 -0.9929
vn 0.7795 -0.0354 -0.6254
vn 0.8217 -0.0196 -0.5696
vn 0.9581 -0.0153 0.2859
vn 0.9563 -0.0137 0.2921
vn 0.9562 -0.0136 0.2926
vn 0.9580 -0.0151 0.2864
vn 0.5333 0.7014 0.4730
vn 0.3939 0.1289 0.9101
vn 0.3069 0.0816 0.9482
vn -0.1619 0.1128 0.9803
vn -0.0375 0.3920 0.9192
vn -0.5614 0.2398 0.7920
vn -0.7044 0.5022 0.5016
vn -0.5330 0.6428 0.5502
vn -0.8520 0.5234 -0.0057
vn -0.6842 0.7228 0.0965
vn -0.6433 0.7072 -0.2934
vn -0.7200 0.5148 -0.4653
vn -0.7624 0.2976 -0.5746
vn -0.7824 0.2125 -0.5854
vn -0.5910 -0.5997 -0.5396
vn -0.2562 0.6959 0.6709
vn 0.3068 0.2760 0.9109
vn -0.0380 0.3919 0.9192
vn 0.5467 0.2448 0.8008
vn 0.9165 0.1128 0.3839
vn 0.8572 0.1700 0.4861
vn 0.9629 0.0103 -0.2697
vn 0.9679 0.0181 -0.2507
vn 0.4222 -0.0414 -0.9056
vn -0.4529 -0.1087 -0.8849
vn -0.6188 -0.1056 -0.7784
vn -0.8153 -0.1422 -0.5613
vn -0.9931 -0.1170 0.0026
vn -0.9812 -0.1068 -0.1605
vn -0.9171 -0.1846 0.3532
vn -0.6154 -0.2213 0.7565
vn -0.2130 -0.4969 0.8412
vn 0.3133 -0.2835 0.9064
vn 0.6949 -0.2254 0.6828
vn 0.6119 -0.2312 0.7564
vn 0.8644 -0.0864 0.4953
vn 0.9153 -0.1331 0.3802
vn 0.8484 -0.0414 -0.5277
vn 0.2233 -0.1577 -0.9619
vn -0.0371 -0.1683 -0.9850
vn -0.9940 -0.1018 -0.0398
vn -0.9943 -0.1015 -0.0317
vn -0.9944 -0.1013 -0.0314
vn -0.9947 -0.1007 -0.0222
vn -0.8253 -0.0427 0.5631
vn -0.7873 -0.0389 0.6153
vn -0.5756 0.7985 0.1764
vn -0.3639 -0.8271 -0.4283
vn -0.1637 0.9330 0.3203
vn -0.3128 0.9093 0.2746
vn -0.0762 0.8909 0.4478
vn 0.1370 0.6998 0.7010
vn 0.7719 0.1579 0.6158
vn 0.3185 0.6514 0.6886
vn 0.1890 0.8755 0.4448
vn 0.9811 -0.1117 0.1580
vn 0.9896 0.1420 0.0216
vn 0.9804 0.1741 -0.0920
vn 0.6780 0.0379 -0.7341
vn -0.2201 -0.1360 -0.9660
vn -0.5934 -0.2061 -0.7781
vn -0.7785 -0.2103 -0.5914
vn -0.0193 -0.2092 0.9777
vn -0.5606 -0.2304 0.7954
vn -0.5692 -0.2327 0.7886
vn -0.5695 -0.2327 0.7884
vn 0.2871 -0.1861 0.9396
vn 0.6651 -0.1126 0.7383
vn 0.8633 -0.0066 0.5047
vn 0.7462 0.1672 -0.6444
vn 0.8689 -0.0331 -0.4939
vn 0.3671 -0.0157 -0.9301
vn 0.2694 -0.0356 -0.9624
vn 0.1939 0.0257 -0.9807
vn -0.2312 -0.2131 -0.9493
vn -0.6693 -0.2026 -0.7148
vn -0.5283 -0.1786 -0.8301
vn -0.9222 -0.1788 -0.3427
vn -0.9612 -0.1857 -0.2038
vn -0.9776 -0.1414 0.1556
vn -0.6202 -0.0399 0.7834
vn -0.6774 -0.0468 0.7342
vn 0.5530 -0.0173 0.8330
vn 0.8456 -0.0155 0.5336
vn 0.9888 0.0556 0.1388
vn 0.9193 0.0385 0.3916
vn 0.7470 -0.2186 -0.6278
vn 0.4814 -0.5272 -0.7002
vn 0.2302 -0.4223 -0.8768
vn 0.4910 -0.6613 -0.5670
vn 0.0414 -0.5433 -0.8385
vn 0.4568 -0.5627 -0.6890
vn -0.0193 -0.3305 -0.9436
vn 0.1929 -0.1924 -0.9622
vn -0.1275 0.1978 -0.9719
vn 0.0410 0.0796 -0.9960
vn -0.3154 -0.3888 -0.8656
vn -0.0895 -0.2267 -0.9699
vn -0.2780 0.2922 -0.9151
vn -0.4953 0.2333 -0.8368
vn -0.8880 0.0065 -0.4598
vn -0.8835 0.0003 -0.4684
vn -0.8872 0.0057 -0.4614
vn -0.9998 -0.0038 0.0197
vn -0.9560 -0.1651 0.2425
vn -0.5136 -0.0371 0.8572
vn -0.4608 0.0751 0.8843
vn -0.3354 -0.3956 0.8550
vn -0.2629 -0.4746 0.8400
vn -0.3369 0.0167 0.9414
vn -0.1085 0.2171 0.9701
vn -0.2081 0.2090 0.9555
vn 0.0046 0.3219 0.9468
vn -0.1184 -0.0095 0.9929
vn 0.0872 -0.1541 0.9842
vn -0.1251 -0.0557 0.9906
vn -0.3594 -0.3215 0.8760
vn -0.3855 -0.0998 0.9173
vn -0.4683 -0.1685 0.8673
vn -0.6931 -0.1542 0.7042
vn -0.7008 -0.1617 0.6948
vn -0.6986 -0.1596 0.6975
vn -0.6908 -0.1520 0.7069
vn -0.8481 -0.1810 0.4979
vn -0.8785 -0.2205 0.4238
vn -1.0000 0.0044 0.0066
vn -0.8837 0.0005 -0.4681
vn -0.8625 0.2993 -0.4081
vn -0.7796 0.1886 -0.5972
vn -0.3541 0.1660 -0.9204
vn -0.3223 -0.2185 -0.9211
vn -0.6164 -0.1032 -0.7806
vn -0.1416 -0.3869 -0.9112
vn -0.3982 -0.2389 -0.8856
vn 0.1907 -0.4289 -0.8830
vn -0.4717 -0.2151 -0.8551
vn 0.3911 0.1059 -0.9143
vn 0.8355 -0.0422 -0.5478
vn 0.8477 -0.0455 -0.5285
vn 0.8349 -0.0420 -0.5488
vn 0.9363 -0.0507 -0.3474
vn 0.9918 -0.0779 0.1016
vn 0.8618 -0.0891 0.4994
vn 0.4991 0.0354 0.8658
vn 0.2301 0.0117 0.9731
vn -0.4618 -0.1762 0.8693
vn -0.6990 -0.1496 0.6993
vn -0.8283 -0.1929 0.5260
vn -0.8555 -0.2394 0.4591
vn -0.9675 -0.2236 0.1178
vn -0.9538 -0.2996 -0.0217
vn -0.9249 -0.1498 -0.3496
vn -0.9635 -0.1252 -0.2368
vn -0.8084 -0.1117 -0.5780
vn -0.6025 -0.0250 -0.7977
vn -0.0911 0.4848 -0.8699
vn 0.4320 0.3834 -0.8163
vn 0.3733 0.3684 -0.8514
vn 0.8335 0.2705 -0.4818
vn 0.8038 0.2972 -0.5154
vn 0.9800 0.1877 -0.0663
vn 0.9336 0.0565 0.3538
vn 0.7588 -0.0381 0.6502
vn 0.7326 -0.0546 0.6785
vn 0.6255 -0.0635 0.7777
vn 0.4242 -0.1175 0.8979
vn -0.8293 -0.2220 0.5129
vn -0.7595 0.4918 -0.4257
vn -0.5331 -0.3774 -0.7572
vn -0.2129 -0.0698 -0.9746
vn -0.3016 -0.1141 -0.9466
vn 0.6404 0.3453 -0.6860
vn 0.7941 0.2069 -0.5715
vn 0.9596 0.2557 -0.1176
vn 0.9729 0.1700 0.1566
vn 0.9811 0.0739 0.1788
vn 0.6334 -0.6749 0.3784
vn 0.5873 -0.4994 0.6369
vn 0.5735 -0.5375 0.6182
vn 0.8137 -0.0118 0.5811
vn 0.7489 -0.1909 0.6346
vn 0.9433 0.2036 0.2622
vn 0.9738 0.1476 -0.1728
vn 0.5681 0.0644 -0.8204
vn 0.8661 0.1713 -0.4695
vn 0.1958 0.0304 -0.9802
vn -0.1220 -0.5599 -0.8195
vn -0.8861 -0.2473 -0.3919
vn -0.9491 -0.2428 -0.2008
vn -0.9486 -0.2367 0.2101
vn -0.9702 -0.2274 0.0836
vn -0.9679 -0.2286 -0.1045
vn -0.7510 -0.2234 0.6214
vn -0.8545 -0.2383 0.4616
vn -0.5608 -0.2305 0.7953
vn 0.4980 -0.1689 0.8505
vn 0.9444 0.0739 0.3203
vn 0.9878 0.1552 -0.0104
vn 0.3285 0.4844 -0.8108
vn 0.0038 -0.0297 -0.9996
vn -0.2458 0.0155 -0.9692
vn -0.4171 -0.0399 -0.9080
vn -0.9698 -0.2438 -0.0005
vn -0.3711 -0.0386 0.9278
vn 0.2833 -0.0249 0.9587
vn 0.7072 -0.0533 0.7050
vn 0.8057 -0.0532 0.5899
vn 0.9926 0.0470 0.1119
vn 0.9898 0.0705 -0.1237
vn 0.9968 0.0784 -0.0176
vn 0.9867 -0.1615 0.0206
vn -0.9691 -0.2153 0.1201
vn -0.7559 -0.3527 0.5516
vn -0.3350 -0.1112 0.9356
vn 0.9932 -0.0880 -0.0766
vn 0.9480 -0.0624 -0.3122
vn 0.8479 -0.0456 -0.5282
vn 0.7254 -0.0342 -0.6875
vn 0.1815 -0.0085 -0.9833
vn -0.7509 -0.0235 -0.6600
vn -0.7020 -0.0155 -0.7120
vn -0.7162 0.0035 -0.6979
vn -0.7035 -0.0135 -0.7106
vn -0.9896 0.1376 -0.0432
vn -0.9709 -0.0490 0.2343
vn -0.9436 0.0047 0.3311
vn -0.7436 -0.0140 0.6684
vn -0.5602 -0.0099 0.8283
vn -0.5279 0.1352 0.8385
vn -0.2424 0.2562 0.9357
vn -0.1415 -0.2010 0.9693
vn -0.1246 -0.0565 0.9906
vn -0.1526 0.1884 0.9702
vn -0.1851 -0.1567 0.9702
vn -0.4534 -0.0898 0.8868
vn -0.6009 0.1178 0.7906
vn -0.8150 -0.0464 0.5776
vn -0.8179 -0.0595 0.5723
vn -0.8140 -0.0454 0.5791
vn -0.8574 -0.0545 0.5117
vn -0.9254 0.1433 0.3508
vn -0.9355 0.2130 0.2818
vn -0.8216 -0.0693 -0.5658
vn -1.0000 -0.0028 0.0076
vn -0.9532 -0.0005 -0.3025
vn -0.9589 -0.0071 -0.2837
vn -0.9568 -0.0047 -0.2908
vn -0.7413 0.6396 -0.2033
vn -0.8343 0.1000 0.5422
vn -0.8114 -0.0337 0.5835
vn -0.6544 -0.0670 0.7532
vn -0.6706 -0.0768 0.7379
vn -0.4834 0.0864 0.8711
vn -0.2914 0.1612 0.9429
vn -0.1912 0.1187 0.9743
vn -0.1155 -0.0997 0.9883
vn -0.2376 -0.1810 0.9544
vn -0.4461 -0.0822 0.8912
vn -0.7206 -0.0182 0.6931
vn -0.1414 -0.1594 0.9770
vn 0.9909 -0.1166 -0.0671
vn 0.2354 -0.2311 -0.9440
vn 0.3599 -0.0503 -0.9316
vn 0.2540 0.0392 -0.9664
vn 0.0047 0.1172 -0.9931
vn -0.2459 0.0207 -0.9691
vn -0.1932 0.0940 -0.9767
vn -0.4213 0.7173 -0.5549
vn -0.4335 0.8225 -0.3681
vn -0.4504 0.8471 -0.2820
vn -0.4616 0.7927 -0.3981
vn -0.3484 0.9100 0.2247
vn -0.4324 0.8977 0.0853
vn -0.3119 0.9091 0.2761
vn -0.2518 0.9647 0.0773
vn -0.5275 0.7900 0.3126
vn -0.7742 0.6295 -0.0652
vn -0.5679 -0.4977 -0.6556
vn -0.6571 -0.1045 -0.7465
vn -0.7381 -0.2245 -0.6362
vn -0.7313 -0.2337 -0.6408
vn -0.7119 -0.4526 -0.5370
vn -0.5978 -0.4458 -0.6662
vn -0.8805 -0.1233 -0.4578
vn -0.9293 -0.2423 -0.2786
vn -0.8898 -0.1164 -0.4413
vn -0.9585 -0.2021 0.2011
vn -0.4211 0.7610 0.4936
vn -0.0765 0.7539 0.6525
vn -0.6559 0.0886 0.7496
vn -0.2286 0.5811 0.7810
vn -0.0890 0.4113 0.9072
vn -0.2401 0.3974 0.8857
vn -0.5381 0.3090 0.7842
vn -0.6225 0.2469 0.7426
vn -0.7881 -0.5185 0.3319
vn -0.9277 -0.0406 0.3711
vn -0.9663 -0.2495 -0.0639
vn -0.9380 -0.2036 -0.2804
vn -0.7380 -0.3361 -0.5851
vn -0.7385 -0.0771 -0.6698
vn -0.6449 -0.1520 -0.7490
vn -0.4615 -0.0626 -0.8849
vn -0.3815 -0.0959 -0.9194
vn -0.2655 0.1045 -0.9584
vn -0.1359 0.0192 -0.9905
vn -0.0912 0.2106 -0.9733
vn -0.0899 0.2091 -0.9737
vn -0.0836 0.2019 -0.9758
vn -0.0848 0.2033 -0.9754
vn -0.0477 -0.0995 -0.9939
vn -0.0094 -0.0782 -0.9969
vn 0.0370 -0.2385 -0.9704
vn 0.0817 -0.2064 -0.9751
vn 0.1287 -0.2623 -0.9564
vn 0.1512 -0.2521 -0.9558
vn 0.2877 -0.2621 -0.9212
vn 0.0819 -0.0972 -0.9919
vn 0.1278 0.0247 -0.9915
vn -0.4806 -0.1444 -0.8650
vn -0.6900 -0.3181 -0.6501
vn -0.9205 -0.3591 -0.1543
vn -0.9380 -0.0255 0.3458
vn -0.9771 -0.0089 0.2127
vn -0.9771 -0.0087 0.2125
vn -0.9771 -0.0088 0.2126
vn -0.9740 -0.0955 0.2055
vn -0.8994 -0.4362 -0.0270
vn -0.8994 -0.4363 -0.0268
vn -0.8994 -0.4363 -0.0270
vn -0.9815 0.0685 0.1788
vn -0.9815 0.0684 0.1789
vn -0.9815 0.0686 0.1786
vn -0.9441 0.0182 0.3291
vn -0.9442 0.0182 0.3289
vn -0.9441 0.0182 0.3292
vn -0.9154 -0.4020 -0.0194
vn -0.9154 -0.4020 -0.0193
vn -0.5449 -0.4015 -0.7361
vn -0.3084 -0.3738 -0.8747
vn -0.4052 -0.2775 -0.8711
vn -0.0333 -0.2408 -0.9700
vn -0.1957 -0.3068 -0.9314
vn -0.5953 -0.3834 -0.7061
vn -0.8211 -0.3511 -0.4500
vn -0.9878 0.0368 0.1511
vn -0.9869 0.0350 0.1574
vn -0.9902 0.0409 0.1337
vn -0.9490 0.2344 0.2108
vn -0.9490 0.2344 0.2107
vn -0.9856 -0.1681 0.0204
vn -0.9856 -0.1681 0.0199
vn -0.9856 -0.1681 0.0201
vn -0.9654 -0.1969 -0.1710
vn -0.9654 -0.1969 -0.1707
vn -0.9655 -0.1970 -0.1705
vn -0.9879 -0.1516 0.0310
vn -0.9879 -0.1519 0.0310
vn -0.9880 -0.1514 0.0311
vn -0.9369 -0.0060 0.3496
vn -0.9368 -0.0060 0.3497
vn -0.9369 -0.0061 0.3495
vn -0.8769 0.1404 0.4596
vn -0.8769 0.1406 0.4596
vn -0.8769 0.1402 0.4597
vn -0.9968 -0.0737 0.0320
vn -0.9855 -0.1576 0.0622
vn -0.9321 -0.2843 -0.2244
vn -0.8345 -0.3514 -0.4245
vn -0.9907 0.0420 0.1295
vn -0.9753 0.1002 0.1971
vn -0.9722 0.0967 0.2133
vn -0.5849 -0.2730 -0.7638
vn -0.4683 -0.3107 -0.8272
vn -0.0949 -0.2959 -0.9505
vn -0.1157 -0.2933 -0.9490
vn -0.0832 -0.2972 -0.9512
vn -0.1255 -0.2921 -0.9481
vn -0.1800 -0.3814 -0.9067
vn -0.0941 -0.3237 -0.9415
vn -0.0472 -0.1735 -0.9837
vn -0.5204 -0.2705 -0.8099
vn -0.5208 -0.2709 -0.8095
vn -0.5219 -0.2713 -0.8087
vn -0.9847 -0.0692 0.1599
vn -0.9888 -0.0400 -0.1437
vn -0.9560 -0.1332 -0.2612
vn -0.8684 -0.2114 -0.4486
vn -0.2213 -0.3190 -0.9215
vn -0.2213 -0.3191 -0.9215
vn -0.5494 -0.2413 -0.8000
vn -0.9008 -0.2069 -0.3819
vn -0.5173 -0.2672 -0.8130
vn -0.9342 -0.3389 -0.1116
vn -0.9342 -0.3389 -0.1117
vn -0.9342 -0.3390 -0.1114
vn -0.9173 -0.3969 -0.0318
vn -0.9179 -0.3956 -0.0324
vn -0.9174 -0.3966 -0.0320
vn -0.9790 -0.0651 0.1934
vn -0.9790 -0.0652 0.1934
vn -0.9790 -0.0649 0.1933
vn -0.5409 -0.8325 0.1198
vn -0.9409 -0.0480 0.3353
vn -0.9277 -0.2011 0.3144
vn -0.4370 -0.8959 0.0802
vn 0.4101 -0.2029 -0.8892
vn 0.1227 -0.0195 -0.9923
vn 0.0641 0.0908 -0.9938
vn -0.3636 0.2206 -0.9051
vn -0.2928 0.3462 -0.8913
vn -0.3559 -0.1296 -0.9255
vn -0.3198 0.4660 -0.8249
vn -0.4584 0.8879 0.0393
vn -0.4547 0.8873 -0.0775
vn -0.1964 0.7558 0.6246
vn -0.2033 0.7385 0.6429
vn -0.3842 0.7030 0.5985
vn -0.5545 0.4757 0.6828
vn -0.3206 0.5696 0.7568
vn -0.4903 0.3807 0.7840
vn -0.4903 0.3808 0.7840
vn -0.3704 0.4283 0.8242
vn -0.1585 0.7254 0.6699
vn -0.3876 0.2819 0.8777
vn -0.3875 0.2819 0.8777
vn -0.6255 -0.0403 0.7792
vn -0.6239 -0.0409 0.7805
vn -0.6249 -0.0406 0.7797
vn -0.6265 -0.0469 0.7780
vn -0.6276 -0.0464 0.7771
vn -0.6272 -0.0466 0.7775
vn -0.9383 -0.3305 0.1015
vn -0.9382 -0.3307 0.1017
vn -0.9384 -0.3304 0.1015
vn 0.9433 0.3319 -0.0025
vn 0.9414 0.3373 -0.0037
vn 0.9405 0.3398 -0.0039
vn 0.9201 0.3140 -0.2341
vn 0.9224 0.3098 -0.2307
vn 0.9216 0.3109 -0.2324
vn 0.9742 0.0998 -0.2026
vn 0.9747 0.0938 -0.2027
vn -0.9757 -0.1315 0.1752
vn -0.9749 -0.1364 0.1758
vn -0.9752 -0.1350 0.1753
vn -0.6121 0.2284 -0.7571
vn -0.3748 0.2424 -0.8949
vn -0.8733 0.3464 -0.3425
vn -0.9295 0.3598 0.0815
vn -0.9354 0.3390 -0.1002
vn -0.5221 0.8189 0.2384
vn -0.4458 0.7085 0.5470
vn -0.3991 0.6965 0.5963
vn -0.4161 0.4272 0.8027
vn -0.3939 0.4111 0.8221
vn -0.9250 -0.3729 0.0728
vn -0.9246 -0.3737 0.0739
vn -0.9244 -0.3741 0.0744
vn -0.8866 -0.3660 0.2829
vn -0.8865 -0.3719 0.2753
vn -0.8879 -0.3591 0.2875
vn 0.4762 -0.7377 0.4786
vn 0.4763 -0.7377 0.4786
vn -0.9697 -0.2431 -0.0231
vn -0.9708 -0.2390 -0.0199
vn -0.9700 -0.2420 -0.0217
vn 0.6288 -0.7449 0.2232
vn 0.6292 -0.7447 0.2228
vn 0.6341 -0.7413 0.2202
vn 0.5094 -0.8262 0.2407
vn 0.5084 -0.8269 0.2404
vn 0.5052 -0.8290 0.2401
vn 0.8477 -0.1562 -0.5069
vn 0.6076 -0.1116 -0.7864
vn 0.5785 -0.1173 -0.8072
vn 0.6933 -0.0957 -0.7143
vn 0.7155 -0.0893 -0.6929
vn 0.1226 -0.0190 -0.9923
vn -0.3969 0.2025 -0.8953
vn -0.6123 0.2293 -0.7567
vn -0.8755 0.3524 -0.3306
vn -0.7285 0.1117 0.6759
vn -0.7311 0.1067 0.6739
vn -0.7279 0.1134 0.6763
vn -0.5565 0.0247 0.8305
vn -0.5536 0.0293 0.8323
vn -0.5545 0.0271 0.8317
vn 0.2259 -0.5365 0.8131
vn 0.2258 -0.5364 0.8132
vn 0.2260 -0.5365 0.8131
vn 0.0666 0.1341 0.9887
vn 0.0670 0.1340 0.9887
vn 0.0663 0.1341 0.9887
vn 0.9554 -0.2086 0.2091
vn 0.9553 -0.2090 0.2091
vn 0.9554 -0.2084 0.2091
vn 0.9506 -0.1363 -0.2789
vn 0.9475 -0.1191 -0.2967
vn 0.9498 -0.1322 -0.2837
vn 0.9534 -0.1486 -0.2627
vn 0.8002 -0.0852 -0.5937
vn -0.8662 0.2050 -0.4558
vn -0.9757 0.1819 -0.1225
vn -0.9897 0.1427 -0.0143
vn -0.9768 0.1799 -0.1164
vn -0.9331 0.2572 0.2514
vn -0.9331 0.2573 0.2514
vn -0.8949 0.2131 0.3922
vn -0.9359 0.2589 0.2389
vn -0.7554 0.0839 0.6499
vn -0.7555 0.0839 0.6498
vn -0.7557 0.0838 0.6496
vn -0.9065 0.2177 0.3618
vn -0.9058 0.2201 0.3620
vn -0.9062 0.2188 0.3619
vn -0.3773 -0.2764 0.8839
vn -0.3773 -0.2755 0.8841
vn -0.3773 -0.2759 0.8840
vn 0.8180 -0.2187 0.5321
vn 0.8179 -0.2187 0.5321
vn 0.8179 -0.2188 0.5321
vn 0.8953 -0.2175 0.3889
vn 0.9693 -0.1868 0.1600
vn 0.9692 -0.1872 0.1600
vn 0.9693 -0.1870 0.1600
vn -0.7615 0.1569 -0.6289
vn -0.7879 0.1603 -0.5946
vn 0.6416 -0.2141 0.7366
vn 0.4386 -0.2276 0.8694
vn 0.4386 -0.2275 0.8694
vn 0.9499 -0.1109 -0.2924
vn 0.9223 -0.1048 -0.3719
vn 0.6783 -0.0572 -0.7326
vn 0.8084 -0.0619 -0.5853
vn 0.5806 -0.0372 -0.8133
vn -0.2161 0.0381 -0.9756
vn -0.5220 0.0757 -0.8496
vn 0.0051 -0.1506 0.9886
vn 0.2863 -0.0381 -0.9574
vn 0.2863 -0.0380 -0.9574
vn 0.1718 -0.0121 -0.9851
vn -0.0990 0.0163 -0.9950
vn -0.9898 0.1420 -0.0120
vn -0.9836 0.1222 0.1329
vn -0.9836 0.1222 0.1330
vn -0.9863 0.1293 0.1022
vn -0.9151 0.0901 0.3930
vn -0.8186 0.0724 0.5697
vn -0.8450 0.0850 0.5280
vn -0.9206 0.0904 0.3799
vn -0.4282 -0.0472 0.9024
vn -0.0273 -0.1499 0.9883
vn 0.9827 -0.1852 -0.0080
vn -0.8723 0.1228 -0.4732
vn -0.7480 0.0320 0.6629
vn -0.6947 0.0260 0.7188
vn -0.2911 -0.0953 0.9519
vn 0.5594 -0.4174 0.7161
vn 0.9722 -0.2339 0.0079
vn 0.1320 -0.3231 0.9371
vn 0.4992 -0.3783 0.7796
vn 0.7933 -0.3778 0.4774
vn 0.6815 -0.0313 -0.7311
vn 0.2774 0.0082 -0.9607
vn 0.2526 0.0188 -0.9674
vn 0.2898 0.0032 -0.9571
vn -0.1429 0.0349 -0.9891
vn -0.6429 0.0662 -0.7631
vn -0.8029 0.0730 -0.5916
vn 0.7425 -0.3586 0.5658
vn 0.9523 -0.1631 0.2580
vn 0.9182 -0.1070 -0.3814
vn 0.5370 -0.0221 -0.8433
vn 0.2424 0.0225 -0.9699
vn -0.8883 0.0215 -0.4588
vn -0.9964 -0.0111 -0.0835
vn -0.8212 0.0735 0.5659
vn -0.6627 0.0555 0.7468
vn -0.6209 0.0590 0.7817
vn -0.6240 0.0588 0.7792
vn -0.6684 0.0550 0.7417
vn -0.1737 0.0253 0.9845
vn -0.1458 0.0173 0.9892
vn 0.4355 -0.0025 0.9002
vn 0.4205 0.0036 0.9073
vn 0.4735 -0.0184 0.8806
vn 0.4868 -0.0248 0.8732
vn 0.7580 -0.0412 0.6510
vn 0.9301 -0.1189 -0.3476
vn 0.8172 -0.0876 0.5696
vn 0.9600 -0.1506 0.2359
vn 0.1361 -0.0128 -0.9906
vn -0.1460 0.0319 -0.9888
vn -0.5104 -0.0092 -0.8599
vn -0.5792 -0.0388 -0.8143
vn -0.5241 -0.0151 -0.8515
vn -0.6809 -0.0748 0.7285
vn 0.8248 -0.0992 0.5567
vn 0.9625 -0.1553 0.2224
vn 0.9784 -0.1923 -0.0761
vn 0.9233 -0.1745 -0.3420
vn -0.9999 -0.0094 0.0069
vn -0.9936 0.0138 -0.1118
vn -0.9397 -0.0492 0.3385
vn -0.9749 -0.0225 0.2217
vn -0.2279 -0.0894 0.9696
vn 0.3431 -0.0793 0.9359
vn 0.5798 -0.1025 0.8083
vn 0.8535 -0.0719 0.5161
vn 0.7225 -0.1890 -0.6650
vn 0.2450 -0.1293 -0.9609
vn -0.5891 -0.0433 -0.8069
vn -0.5785 -0.0432 -0.8146
vn -0.8820 -0.0179 -0.4710
vn -0.9201 -0.0200 -0.3911
vn -0.6568 -0.0805 0.7498
vn -0.4032 -0.1088 0.9086
vn 0.3582 -0.1206 -0.9258
vn 0.3582 -0.1205 -0.9258
vn -0.1186 -0.1105 -0.9868
vn -0.9945 -0.0548 -0.0894
vn 0.9821 -0.0778 0.1715
vn 0.8602 -0.1524 -0.4867
vn 0.8339 -0.1578 -0.5288
vn -0.9290 0.0309 -0.3687
vn -0.9405 -0.0585 0.3348
vn -0.7626 0.1499 0.6293
vn -0.7626 0.1498 0.6293
vn -0.7626 0.1497 0.6293
vn 0.8064 -0.0326 0.5904
vn 0.0324 -0.3167 -0.9480
vn 0.9339 0.0111 0.3573
vn 0.9339 0.0111 0.3572
vn 0.9339 0.0110 0.3573
vn 0.9760 -0.2064 -0.0689
vn 0.9760 -0.2063 -0.0689
vn 0.9919 -0.0940 0.0849
vn -0.9446 -0.0481 0.3247
vn -0.9440 -0.0577 0.3248
vn -0.9437 -0.0558 0.3262
vn -0.4320 0.0130 0.9018
vn 0.5449 -0.0477 0.8372
vn 0.6910 -0.0957 0.7165
vn -0.9455 0.0125 -0.3253
vn -0.9455 0.0126 -0.3253
vn -0.9456 0.0129 -0.3252
vn -0.4344 -0.0309 0.9002
vn -0.4355 -0.0312 0.8997
vn -0.4342 -0.0309 0.9003
vn -0.2368 -0.0478 -0.9704
vn -0.5610 -0.3602 -0.7453
vn -0.9134 -0.3587 0.1925
vn -0.7184 -0.3953 0.5724
vn -0.7102 -0.3036 0.6352
vn -0.5126 -0.2900 0.8082
vn -0.5071 0.5790 0.6384
vn -0.2615 -0.3436 -0.9020
vn -0.9382 -0.3199 0.1323
vn -0.7919 -0.0079 0.6106
vn -0.7919 -0.0075 0.6107
vn -0.7920 -0.0087 0.6104
vn -0.7808 0.1160 0.6139
vn -0.7812 0.1171 0.6131
vn -0.7803 0.1148 0.6147
vn -0.3460 -0.0779 -0.9350
vn 0.5376 -0.3288 -0.7764
vn 0.8854 -0.4153 -0.2089
vn 0.9500 -0.2996 -0.0881
vn 0.7912 0.0771 0.6067
vn 0.7263 -0.2998 -0.6186
vn 0.7263 -0.2997 -0.6186
vn 0.7043 0.0032 0.7099
vn -0.0923 -0.9239 0.3714
vn 0.4616 -0.0544 0.8854
vn 0.6486 0.0918 0.7556
vn -0.8095 0.0810 0.5815
vn -0.9579 -0.0791 -0.2760
vn 0.9731 -0.2300 -0.0151
vn -0.9782 0.0484 0.2018
vn -0.3881 0.2315 0.8921
vn -0.2447 -0.2705 0.9311
vn 0.0276 -0.7721 0.6348
vn 0.7441 -0.6676 -0.0254
vn 0.8655 -0.4954 0.0733
vn 0.3250 -0.9274 0.1852
vn -0.7959 -0.0136 0.6053
vn 0.7624 -0.6348 -0.1257
vn 0.9805 0.0970 0.1711
vn 0.9805 0.0971 0.1711
vn -0.7173 0.0326 0.6960
vn 0.9243 -0.1455 -0.3528
vn -0.5517 -0.3109 0.7740
vn -0.6047 -0.3563 0.7123
vn -0.5720 -0.3291 0.7514
vn -0.2061 0.3043 0.9300
vn -0.6954 0.4019 0.5957
vn -0.6796 -0.4560 -0.5746
vn 0.0861 -0.9323 -0.3513
vn -0.2483 -0.6997 -0.6699
vn -0.6189 0.1209 0.7761
vn -0.7233 -0.2657 -0.6373
vn -0.8423 -0.5292 -0.1026
vn 0.7308 -0.3106 -0.6078
vn 0.9553 0.1779 0.2361
vn 0.4896 0.1640 0.8564
vn -0.7841 -0.2522 -0.5671
vn -0.4470 0.0073 0.8945
vn -0.8867 -0.1448 0.4390
vn 0.6390 -0.6537 -0.4054
vn -0.6337 0.5604 0.5332
vn -0.6666 0.5782 0.4704
vn -0.5421 0.5231 0.6577
vn -0.2235 0.3314 0.9166
vn -0.2235 0.3315 0.9166
vn 0.6242 -0.2628 0.7358
vn 0.6241 -0.2628 0.7358
vn 0.7820 -0.1886 -0.5941
vn 0.9898 0.0419 0.1358
vn 0.5796 -0.0476 0.8135
vn -0.5163 0.3883 0.7633
vn 0.5815 -0.8022 -0.1353
vn 0.8270 -0.4780 -0.2958
vn 0.9538 -0.2280 -0.1957
vn -0.9134 -0.2831 0.2926
vn -0.5085 -0.2694 0.8179
vn 0.3844 -0.6377 -0.6675
vn 0.3845 -0.6377 -0.6674
vn -0.4752 -0.8634 0.1696
vn 0.3712 -0.6817 -0.6305
vn 0.9216 -0.1979 -0.3339
vn 0.4618 0.6114 0.6426
vn 0.7195 0.2799 0.6356
vn -0.0898 0.5590 0.8243
vn -0.0964 0.5570 0.8249
vn 0.7408 0.5276 0.4158
vn 0.9059 0.3449 0.2459
vn 0.2731 0.6423 0.7161
vn -0.2958 0.6429 0.7065
vn -0.5742 0.5534 0.6034
vn -0.9039 0.3943 0.1660
vn -0.6744 0.1943 -0.7123
vn -0.4009 0.0631 -0.9139
vn -0.8888 0.3895 -0.2414
vn -0.1139 -0.0125 -0.9934
vn 0.4151 -0.2523 -0.8741
vn 0.4209 -0.2536 -0.8709
vn 0.4114 -0.2514 -0.8761
vn 0.4054 -0.2500 -0.8793
vn 0.8069 -0.5338 -0.2528
vn -0.7534 0.2530 -0.6070
vn -0.7990 0.0839 -0.5955
vn -0.8996 0.4034 0.1671
vn -0.8888 0.4570 -0.0333
vn 0.8697 -0.4911 0.0487
vn -0.1150 -0.0069 -0.9933
vn 0.8567 -0.5150 0.0303
vn 0.5808 -0.3132 -0.7514
vn 0.5808 -0.3133 -0.7514
vn 0.4124 -0.2998 -0.8603
vn 0.9792 -0.0747 -0.1886
vn 0.9899 0.0878 -0.1113
vn 0.9487 -0.2876 0.1316
vn 0.9487 -0.2876 0.1315
vn 0.9355 -0.3522 0.0270
vn 0.8663 -0.3969 -0.3032
vn -0.0887 0.6063 0.7903
vn -0.6174 0.5095 0.5993
vn -0.2548 -0.6991 -0.6681
vn -0.6597 -0.3695 0.6545
vn -0.9961 0.0001 0.0880
vn -0.9404 0.3273 -0.0924
vn -0.8762 0.2672 -0.4011
vn -0.9410 0.3253 -0.0933
vn -0.9165 0.3802 0.1247
vn -0.9336 0.3464 -0.0910
vn -0.9368 0.3475 -0.0406
vn 0.6411 -0.7584 0.1174
vn 0.6378 -0.7658 0.0821
vn 0.6409 -0.7593 0.1128
vn 0.9410 -0.3377 -0.0230
vn 0.9166 -0.3986 0.0313
vn 0.9416 -0.3266 -0.0821
vn -0.2489 -0.2698 -0.9302
vn -0.9791 -0.2032 0.0052
vn 0.2953 0.2841 0.9122
vn -0.8563 -0.0531 0.5137
vn -0.6194 0.1593 0.7688
vn 0.4607 -0.2384 -0.8549
vn 0.9647 -0.0141 -0.2628
vn 0.7481 0.1317 0.6504
vn -0.4863 0.1166 0.8660
vn -0.9847 -0.1674 -0.0487
vn 0.7273 0.1688 0.6652
vn 0.3433 -0.2246 -0.9120
vn -0.9902 0.0590 0.1264
vn 0.3396 -0.2170 -0.9152
vn 0.5657 -0.5744 0.5917
vn -0.4605 -0.1850 -0.8682
vn -0.1174 0.1706 0.9783
vn -0.0940 0.1747 0.9801
vn -0.0984 0.1739 0.9798
vn 0.6323 -0.2911 -0.7179
vn 0.9387 -0.2968 -0.1755
vn 0.6748 -0.1016 -0.7310
vn -0.6703 -0.4858 -0.5610
vn -0.3044 0.2951 0.9057
vn 0.4448 0.3194 0.8367
vn -0.6813 -0.3543 -0.6405
vn 0.7039 0.1673 0.6903
vn 0.5854 -0.2028 -0.7850
vn 0.7524 -0.3138 -0.5791
vn 0.6000 0.1873 0.7778
vn -0.1165 0.1978 0.9733
vn -0.6667 0.0378 0.7444
vn 0.5728 -0.2791 -0.7707
vn 0.1253 0.1939 0.9730
vn 0.9499 -0.3126 0.0061
vn 0.8809 -0.3024 -0.3641
vn 0.7497 -0.3831 -0.5396
vn 0.8519 -0.0932 0.5153
vn 0.2264 -0.9728 0.0497
vn -0.7126 -0.3906 -0.5828
vn 0.1899 -0.9810 0.0383
vn 0.7577 -0.2837 -0.5878
vn 0.4955 0.2102 0.8428
vn -0.0558 -0.9755 0.2130
vn 0.3955 -0.5015 0.7695
vn -0.9863 -0.1600 -0.0389
vn 0.4996 -0.8603 0.1013
vn -0.2001 -0.6785 0.7068
vn -0.3294 -0.9260 -0.1846
vn 0.8879 -0.3711 -0.2720
vn -0.9914 -0.0960 -0.0889
vn -0.9135 -0.0075 0.4067
vn -0.7541 0.1331 0.6431
vn -0.7233 0.0800 0.6858
vn -0.9748 -0.1353 -0.1774
vn 0.9796 -0.1079 0.1696
vn 0.9606 -0.0049 -0.2780
vn 0.9687 0.0162 -0.2477
vn 0.7191 -0.6808 0.1391
vn 0.6880 -0.7129 0.1357
vn -0.1397 0.2037 0.9690
vn -0.6483 -0.2593 -0.7159
vn -0.3358 -0.2309 -0.9132
vn -0.2612 -0.2522 -0.9318
vn 0.0901 -0.9957 0.0196
vn 0.9810 -0.0857 -0.1739
vn 0.6380 -0.2449 -0.7301
vn 0.4376 0.0986 0.8937
vn 0.2029 -0.3806 -0.9022
vn 0.3712 -0.2702 -0.8884
vn 0.4443 0.3196 0.8369
vn -0.8869 -0.3054 -0.3465
vn -0.9523 -0.2794 -0.1224
vn -0.9629 -0.1586 0.2184
vn -0.9818 -0.1848 0.0441
vn -0.9267 0.0991 0.3625
vn 0.6031 -0.7949 -0.0657
vn 0.6877 -0.2367 0.6863
vn 0.6877 -0.2367 0.6864
vn 0.7694 0.0756 0.6342
vn 0.9990 -0.0355 -0.0267
vn 0.9932 0.0919 -0.0710
vn 0.9932 0.0919 -0.0711
vn 0.9542 -0.2251 -0.1973
vn 0.9756 -0.1045 -0.1931
vn 0.9369 0.0528 0.3455
vn 0.8798 0.3434 0.3287
vn 0.8811 0.3441 0.3244
vn 0.9127 0.4078 0.0238
vn 0.9897 0.0944 0.1073
vn 0.9795 0.1002 0.1747
vn 0.9915 0.0888 0.0948
vn -0.3141 0.1718 0.9337
vn -0.0801 -0.3375 -0.9379
vn -0.1382 0.3417 0.9296
vn -0.3809 -0.4390 -0.8138
vn -0.9318 -0.0392 0.3608
vn -0.8027 -0.0515 0.5941
vn -0.8158 0.0291 -0.5775
vn -0.6163 -0.3657 0.6975
vn -0.4476 -0.2509 -0.8583
vn -0.5692 -0.4375 -0.6961
vn -0.9947 -0.1026 -0.0071
vn -0.9947 -0.1026 -0.0072
vn -0.5387 -0.1838 -0.8222
vn -0.1227 0.1696 0.9778
vn 0.5348 0.2551 0.8055
vn -0.6962 -0.3789 -0.6097
vn 0.8690 -0.1753 -0.4627
vn 0.8690 -0.1752 -0.4627
vn 0.8690 -0.1752 -0.4628
vn 0.6851 0.0759 0.7245
vn -0.3408 -0.3789 -0.8604
vn -0.5580 -0.2637 -0.7869
vn -0.4078 -0.6899 -0.5981
vn -0.9798 -0.1672 -0.1097
vn 0.7952 0.1067 0.5969
vn 0.8354 0.0803 0.5438
vn 0.6387 0.1888 0.7459
vn -0.4668 -0.8836 0.0376
vn 0.6186 0.1976 0.7605
vn -0.1253 0.2246 0.9664
vn -0.4338 0.0776 0.8976
vn 0.1915 -0.9392 0.2849
vn 0.2731 -0.9280 0.2535
vn -0.1494 0.1815 0.9720
vn -0.9515 -0.0673 0.3001
vn -0.9031 0.0588 0.4254
vn 0.2206 -0.2559 -0.9412
vn -0.9597 -0.2401 -0.1457
vn -0.9597 -0.2401 -0.1458
vn -0.9816 -0.1884 0.0313
vn -0.9838 -0.1591 0.0825
vn -0.1301 -0.3409 -0.9311
vn -0.4264 -0.4740 -0.7704
vn 0.5887 -0.1240 -0.7987
vn 0.4938 -0.2829 -0.8223
vn 0.7154 -0.2947 -0.6335
vn 0.6493 -0.7442 0.1568
vn 0.6176 -0.7854 -0.0420
vn -0.9361 -0.0882 -0.3406
vn -0.9142 -0.0510 0.4019
vn -0.0743 -0.3012 -0.9507
vn -0.6262 -0.1702 0.7609
vn -0.9836 -0.1426 0.1101
vn 0.7336 -0.6795 0.0125
vn 0.7336 -0.6795 0.0124
vn 0.7336 -0.6795 0.0126
vn 0.6842 -0.0877 0.7240
vn -0.9842 -0.0369 0.1730
vn 0.9927 0.0482 0.1105
vn -0.1276 -0.2463 0.9608
vn 0.5018 -0.8055 -0.3153
vn -0.0081 -0.7271 -0.6865
vn 0.5572 -0.4626 -0.6896
vn 0.6231 -0.4809 0.6168
vn 0.5514 -0.3396 0.7620
vn -0.5138 -0.8481 -0.1292
vn 0.8546 -0.2486 0.4559
vn -0.0772 -0.5921 -0.8021
vn 0.5530 -0.5001 -0.6664
vn 0.7617 -0.2852 -0.5818
vn -0.4902 0.1252 0.8626
vn -0.6557 0.7038 -0.2733
vn -0.7457 0.6083 0.2718
vn 0.2688 -0.8192 0.5067
vn -0.1882 0.9764 0.1056
vn -0.1607 0.9275 0.3374
vn -0.6546 0.7447 0.1298
vn -0.7891 0.5868 -0.1813
vn -0.4576 0.7115 0.5333
vn 0.0074 0.7862 0.6179
vn -0.0001 -0.9998 0.0187
vn -0.0054 -0.9998 0.0187
vn 0.0069 -0.9998 0.0206
vn 0.3386 -0.8202 0.4611
vn 0.6473 -0.5869 0.4864
vn 0.7121 -0.2540 0.6545
vn -0.1702 0.9238 0.3429
vn -0.1176 0.9580 -0.2616
vn -0.6308 0.7631 -0.1405
vn 0.4805 0.5518 0.6816
vn 0.2462 0.7265 0.6416
vn -0.0421 0.7064 0.7066
vn -0.4625 0.7110 0.5297
vn -0.7811 0.5885 -0.2086
vn -0.7515 0.6350 0.1790
vn -0.2535 0.9376 0.2379
vn 0.1443 0.7631 0.6300
vn 0.3670 0.7122 0.5984
vn 0.4428 0.7656 0.4666
vn 0.0060 -0.9998 0.0211
vn -0.0259 -0.9996 -0.0057
vn -0.0005 -0.9998 0.0185
vn 0.6356 -0.5891 0.4990
vn 0.7520 -0.0267 0.6586
vn 0.2944 0.8825 0.3668
vn 0.6827 -0.1468 0.7158
vn 0.7402 0.0226 0.6720
vn 0.4447 -0.8820 0.1559
vn -0.1234 -0.7395 0.6618
vn 0.3517 -0.1135 0.9292
vn 0.1750 0.1560 0.9721
vn -0.0228 -0.8999 0.4356
vn -0.8553 0.4644 -0.2297
vn -0.8681 0.4618 -0.1820
vn -0.8705 0.4635 0.1652
vn 0.2005 0.7432 0.6383
vn -0.4376 0.6556 0.6153
vn -0.8723 0.4049 -0.2740
vn -0.2817 0.9537 0.1051
vn -0.8836 0.1949 -0.4258
vn -0.6446 0.6978 0.3124
vn -0.8836 0.4163 -0.2141
vn -0.5629 0.7499 0.3476
vn -0.9189 0.1138 -0.3777
vn -0.4998 0.8658 0.0226
vn -0.6362 0.7560 -0.1540
vn -0.5522 0.8307 0.0715
vn -0.4934 0.8522 0.1738
vn -0.5355 0.8400 0.0880
vn 0.1594 -0.3880 0.9078
vn -0.4995 -0.1621 0.8510
vn -0.8061 -0.5610 -0.1884
vn -0.8273 -0.3225 -0.4599
vn 0.1948 -0.3984 0.8963
vn -0.5886 -0.7457 -0.3121
vn -0.5358 -0.5526 0.6384
vn -0.8299 -0.3706 -0.4170
vn 0.5172 -0.7006 0.4917
vn 0.5868 -0.4635 0.6640
vn -0.5416 -0.7703 -0.3366
vn 0.1542 -0.8626 0.4818
vn 0.3121 -0.8011 0.5107
vn 0.1788 -0.9634 -0.1997
vn -0.1813 -0.9720 0.1497
vn 0.2392 -0.9629 -0.1248
vn -0.3479 -0.9375 -0.0102
vn -0.2502 -0.9677 0.0315
vn -0.2841 -0.9437 0.1695
vn 0.4663 -0.8724 -0.1463
vn -0.3121 -0.9456 0.0922
vn -0.3126 -0.9455 0.0910
vn -0.3108 -0.9457 0.0949
vn -0.3104 -0.9458 0.0960
vn -0.0478 -0.9928 0.1098
vn 0.1735 -0.9487 -0.2645
vn -0.7914 -0.6102 -0.0379
vn -0.0204 -0.9920 0.1247
vn -0.3448 -0.9050 0.2494
vn -0.6636 -0.3268 0.6729
vn -0.9304 -0.3421 0.1317
vn 0.0530 -0.6342 -0.7714
vn -0.0370 -0.8878 0.4587
vn -0.2244 -0.8357 0.5013
vn 0.4630 -0.8207 -0.3349
vn -0.1973 -0.9603 -0.1971
vn 0.3921 -0.9193 -0.0335
vn 0.6105 -0.7775 -0.1511
vn -0.6387 -0.7154 -0.2832
vn -0.2799 -0.9349 -0.2182
vn -0.0174 -0.9985 0.0512
vn 0.8613 -0.0688 0.5034
vn -0.6570 -0.1203 -0.7443
vn 0.1367 0.8265 -0.5461
vn -0.9792 0.0186 0.2020
vn -0.6277 0.6878 0.3645
vn -0.6308 0.6876 0.3597
vn -0.6231 0.6876 0.3728
vn 0.7054 0.5702 0.4211
vn -0.3650 0.5373 0.7603
vn -0.3685 0.5442 0.7536
vn -0.3631 0.5322 0.7648
vn -0.9192 -0.3878 0.0688
vn -0.7290 0.3861 -0.5652
vn -0.8469 0.5227 -0.0974
vn -0.8338 -0.1315 0.5361
vn -0.8335 -0.1319 0.5365
vn -0.8339 -0.1314 0.5361
vn 0.6118 0.6050 -0.5096
vn 0.2883 0.9115 -0.2934
vn 0.2125 0.9331 -0.2901
vn 0.0414 0.9202 0.3892
vn 0.0417 0.9200 0.3896
vn 0.0424 0.9194 0.3911
vn 0.4699 0.1470 0.8704
vn -0.5726 0.7076 0.4139
vn -0.5726 0.7076 0.4140
vn -0.2364 0.9712 0.0309
vn -0.2365 0.9712 0.0309
vn 0.1260 0.9578 -0.2584
vn 0.9928 0.0435 -0.1119
vn 0.9928 0.0435 -0.1120
vn 0.9928 0.0436 -0.1117
vn 0.8024 0.3353 0.4938
vn 0.8022 0.3354 0.4939
vn 0.8024 0.3353 0.4937
vn 0.3369 0.9412 -0.0257
vn 0.0213 0.8458 0.5331
vn -0.6109 -0.6836 0.3993
vn -0.6110 -0.6836 0.3992
vn -0.6110 -0.6836 0.3993
vn -0.9468 0.0133 0.3216
vn -0.4463 -0.8947 -0.0179
vn -0.5910 -0.8051 -0.0505
vn -0.5139 -0.7339 -0.4442
vn 0.5620 -0.2353 -0.7930
vn -0.1275 -0.2342 -0.9638
vn 0.1876 -0.7268 -0.6607
vn 0.1876 -0.7268 -0.6608
vn 0.8161 -0.2325 -0.5291
vn 0.5866 -0.8079 0.0565
vn -0.1864 -0.8991 0.3962
vn -0.1375 -0.8888 0.4372
vn -0.5236 0.5511 -0.6498
vn -0.5236 0.5511 -0.6497
vn -0.2678 0.5278 -0.8060
vn 0.2642 0.4337 -0.8614
vn 0.2011 0.4293 -0.8805
vn -0.9161 0.4008 -0.0117
vn -0.9161 0.4009 -0.0117
vn -0.8046 0.5368 -0.2538
vn -0.7779 0.4918 -0.3911
vn -0.5083 0.5541 -0.6592
vn -0.2770 0.1385 0.9508
vn -0.9066 0.4198 0.0427
vn -0.2001 0.3495 0.9153
vn -0.2416 0.7014 0.6706
vn -0.6030 0.5154 0.6089
vn -0.3105 0.8587 0.4078
vn -0.3106 0.8587 0.4078
vn -0.7584 -0.5314 -0.3773
vn -0.7584 -0.5314 -0.3774
vn -0.0927 0.8753 -0.4745
vn 0.0452 0.1493 0.9878
vn -0.3513 -0.0342 0.9356
vn -0.5181 0.2674 0.8124
vn -0.7366 0.2600 0.6244
vn -0.7910 -0.0170 -0.6116
vn -0.8274 -0.4129 0.3807
vn -0.5336 -0.8195 -0.2089
vn -0.7446 0.0158 -0.6673
vn -0.4231 0.2310 -0.8761
vn -0.8021 0.0916 -0.5902
vn -0.9645 0.2544 -0.0710
vn -0.8356 0.3038 0.4577
vn -0.6674 0.3031 0.6802
vn -0.6870 0.0266 0.7262
vn 0.2696 0.1962 -0.9428
vn 0.0854 0.3148 -0.9453
vn -0.0650 0.3168 -0.9462
vn -0.0516 0.3097 -0.9494
vn -0.9642 0.2648 -0.0141
vn -0.9366 0.3249 0.1313
vn -0.8516 0.3340 0.4041
vn -0.4834 0.2236 -0.8463
vn -0.8059 0.1161 0.5806
vn -0.6770 -0.0135 -0.7358
vn -0.7468 -0.0082 -0.6650
vn -0.9309 0.0658 -0.3593
vn -0.7132 0.0085 0.7009
vn -0.6481 0.0107 0.7614
vn -0.5864 0.0863 0.8054
vn 0.5747 -0.1379 -0.8067
vn 0.3477 -0.2208 -0.9113
vn 0.0106 -0.0069 -0.9999
vn -0.6624 0.0245 -0.7488
vn -0.3330 -0.0309 -0.9424
vn -0.4011 0.0245 0.9157
vn -0.7129 -0.1328 0.6886
vn -0.6876 -0.0339 -0.7253
vn -0.9840 0.0241 0.1765
vn -0.3836 -0.0016 0.9235
vn -0.4596 0.0353 -0.8874
vn -0.9618 -0.0108 -0.2734
vn 0.1024 0.9769 -0.1874
vn -0.2072 0.9306 -0.3019
vn -0.0303 0.8916 0.4519
vn -0.5792 0.5053 0.6396
vn -0.4104 0.6603 0.6289
vn -0.3494 0.8081 0.4742
vn -0.5605 -0.7658 0.3152
vn -0.3761 0.9057 -0.1957
vn -0.3213 -0.0729 0.9442
vn -0.0785 -0.9873 -0.1382
vn -0.0713 -0.8872 0.4558
vn -0.5549 -0.5995 0.5769
vn -0.3127 -0.9472 -0.0701
vn -0.9812 -0.1760 0.0790
vn -0.6824 -0.3393 -0.6474
vn -0.6497 0.7001 0.2963
vn -0.8926 0.4089 0.1897
vn -0.9918 -0.1201 0.0437
vn -0.5445 -0.0629 0.8364
vn 0.9991 0.0353 -0.0249
vn 0.9853 0.0927 -0.1436
vn 0.6139 0.0452 0.7881
vn -0.5960 -0.0982 -0.7969
vn 0.8420 -0.5360 -0.0617
vn 0.2675 -0.3925 -0.8800
vn 0.0331 0.7508 0.6597
vn -0.1610 0.8507 -0.5004
vn -0.8336 -0.5459 0.0837
vn -0.3946 -0.6396 -0.6597
vn -0.1917 -0.8554 -0.4812
vn 0.4031 -0.8655 0.2974
vn 0.0545 -0.7409 0.6694
vn -0.5196 -0.2038 0.8298
vn -0.3852 -0.8626 0.3279
vn -0.3872 -0.8609 0.3301
vn -0.3826 -0.8649 0.3249
vn -0.3780 -0.8691 0.3192
vn 0.5603 -0.7814 -0.2746
vn 0.3648 -0.4587 -0.8103
vn 0.9635 -0.0761 -0.2567
vn 0.9567 -0.0938 0.2756
vn 0.4217 -0.7453 -0.5164
vn -0.2357 -0.8674 -0.4382
vn -0.3289 -0.9310 0.1583
vn -0.1958 -0.9661 0.1682
vn 0.1989 -0.9531 0.2280
vn 0.3628 -0.9099 0.2012
vn -0.1078 0.5484 0.8293
vn -0.2090 0.7478 0.6302
vn 0.4491 -0.1781 0.8756
vn 0.4882 -0.0925 -0.8678
vn 0.0866 0.9776 -0.1917
vn -0.1237 -0.2831 -0.9511
vt 0.019770 1.039230
vt 0.000000 1.038630
vt 0.020955 0.980887
vt 0.073065 0.844056
vt 0.090593 0.859009
vt 0.045266 0.889107
vt 0.024133 1.537500
vt 0.013790 1.534370
vt 0.015807 1.530170
vt 0.143973 1.411950
vt 0.110373 1.445990
vt 0.128011 1.385040
vt 0.034515 1.538840
vt 0.051583 1.551620
vt 0.049079 1.559440
vt 0.152106 1.348060
vt 0.173035 1.376890
vt 0.164209 1.391460
vt 0.147086 1.360090
vt 0.058400 1.568900
vt 0.071644 1.601560
vt 0.064110 1.582120
vt 0.049602 1.490910
vt 0.053153 1.522770
vt 0.044190 1.515230
vt 0.076766 1.500380
vt 0.057674 1.519990
vt 0.067398 1.479640
vt 0.131627 0.053184
vt 0.121616 0.075877
vt 0.117232 0.043332
vt 0.194980 0.048644
vt 0.188568 0.075245
vt 0.202593 0.046642
vt 0.185058 0.077523
vt 0.018350 0.824196
vt 0.009987 0.839467
vt 0.040374 0.846809
vt 0.030149 0.821012
vt 0.069619 1.713210
vt 0.076059 1.685160
vt 0.058579 1.672640
vt 0.049168 1.707450
vt 0.179553 1.382650
vt 0.178989 1.366740
vt 0.157575 1.364330
vt 0.140487 1.404930
vt 0.059610 1.445730
vt 0.029074 1.455900
vt 0.048138 1.490760
vt 0.107331 1.434630
vt 0.058374 1.504560
vt 0.111501 1.471100
vt 0.007430 1.549590
vt 0.000000 1.551830
vt 0.017116 1.579700
vt 0.017878 1.551490
vt 0.000000 1.582970
vt 0.000000 1.625980
vt 0.023655 1.625310
vt 0.000000 1.680860
vt 0.023488 1.675600
vt 0.000000 1.720500
vt 0.028124 1.712510
vt 0.000000 1.760390
vt 0.029891 1.743030
vt 0.022579 1.761230
vt 0.000000 1.769590
vt 0.031355 1.764660
vt 0.020878 1.762410
vt 0.000000 1.751920
vt 0.021211 1.748020
vt 0.000000 1.718510
vt 0.013828 1.713990
vt 0.000000 1.606150
vt 0.015593 1.621710
vt 0.009680 1.585720
vt 0.000000 1.532960
vt 0.000000 1.527780
vt 0.024887 1.516520
vt 0.000000 1.514850
vt 0.000000 1.483950
vt 0.031829 1.500430
vt 0.032331 1.453040
vt 0.000000 1.402060
vt 0.013773 1.407330
vt 0.035547 1.319140
vt 0.000000 1.278990
vt 0.029506 1.279050
vt 0.000000 1.214260
vt 0.015919 1.242850
vt 0.019743 1.202050
vt 0.022861 1.169770
vt 0.000000 1.134280
vt 0.020012 1.124380
vt 0.000000 1.092090
vt 0.027570 1.082730
vt 0.055680 1.070480
vt 0.048256 0.980318
vt 0.093186 1.004840
vt 0.078418 0.977973
vt 0.117805 0.978291
vt 0.094971 0.961434
vt 0.122318 0.953329
vt 0.108772 0.975402
vt 0.145303 0.910208
vt 0.160660 0.822638
vt 0.121142 0.934753
vt 0.151212 0.805417
vt 0.129694 0.833755
vt 0.118267 0.884049
vt 0.114509 0.817612
vt 0.141106 0.726167
vt 0.076201 0.787170
vt 0.098095 0.811971
vt 0.110371 0.705583
vt 0.048516 0.816574
vt 0.085515 0.706317
vt 0.065649 0.677291
vt 0.046405 0.645106
vt 0.046311 0.642065
vt 0.015832 0.756872
vt 0.094456 0.612268
vt 0.078167 0.605267
vt 0.092478 0.559888
vt 0.107903 0.572666
vt 0.109562 0.658588
vt 0.118864 0.560539
vt 0.142298 0.595854
vt 0.135782 0.564130
vt 0.130845 0.536548
vt 0.145731 0.519423
vt 0.155722 0.538769
vt 0.159793 0.570285
vt 0.165423 0.510692
vt 0.164436 0.492355
vt 0.154953 0.416446
vt 0.120869 0.484432
vt 0.141269 0.505207
vt 0.131227 0.408659
vt 0.108407 0.413453
vt 0.107291 0.349402
vt 0.090848 0.383834
vt 0.096029 0.321136
vt 0.084782 0.357039
vt 0.090822 0.307424
vt 0.091404 0.315909
vt 0.108785 0.284280
vt 0.133385 0.171857
vt 0.120671 0.347226
vt 0.136527 0.314050
vt 0.151885 0.286222
vt 0.146057 0.172514
vt 0.167300 0.240786
vt 0.160204 0.169905
vt 0.175532 0.173708
vt 0.175394 0.167137
vt 0.179258 0.169789
vt 0.178028 0.137006
vt 0.180617 0.118173
vt 0.175938 0.167727
vt 0.171256 0.122724
vt 0.171267 0.067892
vt 0.147817 0.100757
vt 0.161185 0.029736
vt 0.142095 0.084078
vt 0.139499 0.029075
vt 0.123805 0.036317
vt 0.128714 0.015341
vt 0.126771 0.005813
vt 0.116525 0.018203
vt 0.161826 0.005884
vt 0.127083 0.008082
vt 0.143610 0.015968
vt 0.129390 0.036996
vt 0.134102 0.032987
vt 0.139794 0.058414
vt 0.136018 0.031913
vt 0.146896 0.047078
vt 0.130528 0.018323
vt 0.132676 0.022213
vt 0.145406 0.016055
vt 0.163119 0.005936
vt 0.148333 0.005851
vt 0.180342 0.023663
vt 0.181469 0.092817
vt 0.163825 0.136480
vt 0.108408 0.238837
vt 0.106851 0.235573
vt 0.124906 0.347494
vt 0.150467 0.369761
vt 0.178590 0.409004
vt 0.158333 0.501459
vt 0.164935 0.504751
vt 0.151548 0.462798
vt 0.133863 0.499348
vt 0.117302 0.520985
vt 0.102850 0.537095
vt 0.071829 0.559910
vt 0.054051 0.695356
vt 0.048196 0.667944
vt 0.059678 0.575588
vt 0.122321 0.729180
vt 0.164379 0.808396
vt 0.148812 0.904192
vt 0.154124 0.842379
vt 0.131631 0.967441
vt 0.136615 0.826096
vt 0.124368 0.814182
vt 0.058684 0.924642
vt 0.000000 0.978236
vt 0.000000 0.904476
vt 0.023045 0.898006
vt 0.025409 0.974688
vt 0.000000 0.844597
vt 0.014855 0.846635
vt 0.000000 0.818409
vt 0.024907 0.825346
vt 0.010636 0.819353
vt 0.005189 0.822611
vt 0.000000 0.839868
vt 0.004782 0.827168
vt 0.007554 0.831498
vt 0.000000 0.869988
vt 0.017613 0.862804
vt 0.000000 0.924657
vt 0.019349 0.894595
vt 0.000000 0.977432
vt 0.007630 0.976962
vt 0.023747 0.933892
vt 0.031984 0.982363
vt 0.000000 1.029420
vt 0.028364 1.070940
vt 0.029320 1.031860
vt 0.000000 1.106170
vt 0.030185 1.103360
vt 0.026607 1.141160
vt 0.000000 1.195500
vt 0.030156 1.190950
vt 0.000000 1.315040
vt 0.016288 1.310490
vt 0.000000 1.400010
vt 0.015544 1.389090
vt 0.000000 1.470270
vt 0.058913 1.392830
vt 0.091328 1.402750
vt 0.176857 1.442850
vt 0.084652 1.494090
vt 0.060177 1.514950
vt 0.096788 1.496560
vt 0.029985 1.549120
vt 0.031098 1.581270
vt 0.028449 1.613690
vt 0.053390 1.740490
vt 0.045979 1.752400
vt 0.030427 1.715040
vt 0.034458 1.630140
vt 0.025053 1.585600
vt 0.049201 1.608680
vt 0.066005 1.610650
vt 0.079320 1.612700
vt 0.085955 1.638210
vt 0.081965 1.653500
vt 0.068015 1.654040
vt 0.061944 1.741330
vt 0.068328 1.721310
vt 0.050276 1.727010
vt 0.066009 1.705050
vt 0.052292 1.699460
vt 0.076685 1.662090
vt 0.078574 1.697420
vt 0.079062 1.708110
vt 0.051846 1.631570
vt 0.053556 1.589610
vt 0.058596 1.576190
vt 0.041530 1.566080
vt 0.051371 1.528120
vt 0.045714 1.520670
vt 0.070041 1.359610
vt 0.062025 1.437250
vt 0.098324 1.366150
vt 0.106264 1.333070
vt 0.098339 1.302180
vt 0.126413 1.323820
vt 0.103270 1.275970
vt 0.135345 1.311980
vt 0.117688 1.211530
vt 0.136739 1.293950
vt 0.101516 1.231000
vt 0.128394 1.200280
vt 0.140494 1.198140
vt 0.147241 1.242330
vt 0.119960 1.115370
vt 0.124551 1.138750
vt 0.120231 1.140340
vt 0.112504 1.100680
vt 0.108281 1.069130
vt 0.088055 1.094560
vt 0.082108 1.055510
vt 0.060505 1.041080
vt 0.060657 1.078010
vt 0.058536 0.977974
vt 0.030251 0.975802
vt 0.048984 0.873677
vt 0.061494 0.830877
vt 0.111913 0.804163
vt 0.154676 0.771459
vt 0.150220 0.663334
vt 0.162864 0.645148
vt 0.166150 0.707215
vt 0.171809 0.700180
vt 0.162750 0.583067
vt 0.165638 0.733240
vt 0.154718 0.660743
vt 0.071533 0.527393
vt 0.084270 0.476464
vt 0.080069 0.470648
vt 0.060954 0.550851
vt 0.105425 0.457761
vt 0.087857 0.479330
vt 0.104619 0.367379
vt 0.124469 0.437207
vt 0.138779 0.442972
vt 0.185181 0.325959
vt 0.190910 0.333897
vt 0.183838 0.386795
vt 0.188392 0.275288
vt 0.190325 0.358751
vt 0.179493 0.269654
vt 0.183676 0.362946
vt 0.161059 0.294173
vt 0.165189 0.173319
vt 0.151237 0.172975
vt 0.139099 0.315643
vt 0.139438 0.173310
vt 0.126224 0.173331
vt 0.119047 0.223653
vt 0.120520 0.169550
vt 0.117753 0.173541
vt 0.127835 0.169961
vt 0.122284 0.139012
vt 0.118289 0.101566
vt 0.123799 0.141608
vt 0.132704 0.089752
vt 0.146114 0.082061
vt 0.144025 0.104602
vt 0.159572 0.063522
vt 0.156765 0.096312
vt 0.180209 0.057908
vt 0.198705 0.050856
vt 0.175407 0.083148
vt 0.213838 0.031865
vt 0.228631 0.020758
vt 0.143808 0.005212
vt 0.161946 0.008171
vt 0.198698 0.004145
vt 0.180683 0.012442
vt 0.214706 0.018386
vt 0.211360 0.009028
vt 0.223648 0.004737
vt 0.167957 0.108232
vt 0.153312 0.167340
vt 0.150939 0.123188
vt 0.119870 0.172628
vt 0.118495 0.298267
vt 0.171673 0.355464
vt 0.187605 0.399588
vt 0.175603 0.365217
vt 0.129196 0.461905
vt 0.114845 0.497417
vt 0.085825 0.517993
vt 0.095524 0.565103
vt 0.045348 0.946958
vt 0.035574 0.854343
vt 0.010957 0.811949
vt 0.016828 0.812799
vt 0.037057 0.804455
vt 0.135176 0.659096
vt 0.049088 0.654558
vt 0.054704 0.671834
vt 0.082290 0.479649
vt 0.160740 0.353695
vt 0.121114 0.170163
vt 0.125951 0.166885
vt 0.142365 0.169635
vt 0.136082 0.138195
vt 0.229673 0.012134
vt 0.123235 0.564073
vt 0.170677 0.658553
vt 0.172070 0.039612
vt 0.183538 0.036570
vt 0.126384 0.085755
vt 0.131484 0.124663
vt 0.139620 0.167836
vt 0.176877 0.174096
vt 0.092515 0.380865
vt 0.094050 0.501966
vt 0.116944 0.505928
vt 0.146973 0.566011
vt 0.167416 0.586534
vt 0.132994 0.651286
vt 0.062949 0.836800
vt 0.083746 0.811294
vt 0.082445 0.867010
vt 0.065210 0.901624
vt 0.060845 0.944043
vt 0.062086 0.982866
vt 0.085659 0.979499
vt 0.110093 1.013890
vt 0.120345 1.063620
vt 0.069846 1.252900
vt 0.059853 1.285720
vt 0.069290 1.303280
vt 0.057968 1.232040
vt 0.086011 1.208670
vt 0.095799 1.173900
vt 0.102132 1.142980
vt 0.118786 1.071640
vt 0.129404 1.020160
vt 0.090475 0.975633
vt 0.088379 0.901135
vt 0.017477 0.764198
vt 0.162947 0.169081
vt 0.149939 0.169843
vt 0.135042 0.093435
vt 0.179524 0.172382
vt 0.119812 0.977136
vt 0.120189 1.036430
vt 0.106640 1.064100
vt 0.080128 1.124670
vt 0.046376 1.198240
vt 0.052502 1.158330
vt 0.059000 1.113480
vt 0.081290 1.054440
vt 0.109083 1.026050
vt 0.136063 0.974243
vt 0.140481 0.971962
vt 0.135204 0.977456
vt 0.038757 1.120070
vt 0.057357 1.342720
vt 0.090113 1.357950
vt 0.111508 1.340800
vt 0.175691 1.463330
vt 0.172972 1.482820
vt 0.106688 1.495620
vt 0.135702 1.488240
vt 0.040546 1.549540
vt 0.044551 1.542330
vt 0.096404 1.479690
vt 0.058007 1.465040
vt 0.159326 1.261140
vt 0.125105 1.180700
vt 0.104390 1.134120
vt 0.079760 1.130410
vt 0.049366 1.134480
vt 0.051839 1.173440
vt 0.070187 1.281740
vt 0.073925 1.325740
vt 0.162794 1.334450
vt 0.173229 1.341950
vt 0.178593 1.359380
vt 0.175646 1.360910
vt 0.159447 1.349080
vt 0.168490 1.328950
vt 0.148040 1.333700
vt 0.161942 1.313200
vt 0.126562 1.263270
vt 0.148290 1.270200
vt 0.079145 1.196030
vt 0.102850 1.170480
vt 0.157980 1.268540
vt 0.144293 1.315300
vt 0.119157 1.314620
vt 0.173281 1.369780
vt 0.205153 1.378770
vt 0.203720 1.367460
vt 0.182075 1.407170
vt 0.222659 1.396560
vt 0.206329 1.414210
vt 0.179911 1.424360
vt 0.141016 1.464500
vt 0.169469 1.448040
vt 0.172697 1.428660
vt 0.171934 1.397350
vt 0.227401 1.378650
vt 0.228257 1.371350
vt 0.182594 1.437570
vt 0.218330 1.426690
vt 0.179081 1.461010
vt 0.240478 1.444950
vt 0.252942 1.451520
vt 0.179486 1.478600
vt 0.174822 1.481190
vt 0.173322 1.469910
vt 0.224685 1.405600
vt 0.225361 1.391420
vt 0.273787 1.376820
vt 0.278005 1.384420
vt 0.246939 1.409140
vt 0.175663 1.460560
vt 0.217966 1.452160
vt 0.177755 1.477480
vt 0.244400 1.420070
vt 0.246994 1.440810
vt 0.294194 1.382490
vt 0.280707 1.375380
vt 0.300481 1.440450
vt 0.269368 1.456980
vt 0.177830 1.482680
vt 0.270954 1.459080
vt 0.262882 1.455460
vt 0.413618 1.388160
vt 0.402944 1.401190
vt 0.352760 1.424940
vt 0.400876 1.418500
vt 0.423415 1.373710
vt 0.391388 1.373050
vt 0.391726 1.376720
vt 0.456196 1.406510
vt 0.394315 1.392610
vt 0.418865 1.442470
vt 0.455612 1.452220
vt 0.407011 1.454470
vt 0.418691 1.450550
vt 0.433923 1.438340
vt 0.450824 1.419200
vt 0.467659 1.383360
vt 0.465641 1.399130
vt 0.498895 1.371630
vt 0.474137 1.387380
vt 0.483285 1.417340
vt 0.497241 1.374730
vt 0.516546 1.376590
vt 0.489125 1.431430
vt 0.499176 1.453160
vt 0.505268 1.449550
vt 0.511273 1.438920
vt 0.525146 1.424540
vt 0.572801 1.402490
vt 0.541683 1.395500
vt 0.595261 1.446680
vt 0.583321 1.393190
vt 0.589520 1.388490
vt 0.563342 1.437540
vt 0.590234 1.444150
vt 0.623551 1.431860
vt 0.613244 1.419590
vt 0.671543 1.406260
vt 0.672860 1.424170
vt 0.672974 1.434330
vt 0.673337 1.441920
vt 0.671996 1.415110
vt 0.641451 1.409650
vt 0.673087 1.401000
vt 0.673010 1.444190
vt 0.675370 1.434010
vt 0.673366 1.410760
vt 0.675507 1.404910
vt 0.673284 1.423040
vt 0.703878 1.419840
vt 0.676169 1.417420
vt 0.678386 1.438180
vt 0.700075 1.410080
vt 0.675863 1.405150
vt 0.705735 1.400500
vt 0.677545 1.403690
vt 0.696554 1.413010
vt 0.677290 1.417100
vt 0.882546 1.388710
vt 0.867487 1.394740
vt 0.884134 1.396580
vt 0.886383 1.392510
vt 0.879542 1.395220
vt 0.876515 1.388530
vt 0.876497 1.395010
vt 0.873953 1.391930
vt 0.867075 1.385400
vt 0.859872 1.391340
vt 0.828249 1.395580
vt 0.851336 1.405100
vt 0.824054 1.408380
vt 0.875413 1.396470
vt 0.803563 1.419320
vt 0.800885 1.397990
vt 0.828940 1.398410
vt 0.788910 1.430860
vt 0.847079 1.414250
vt 0.814659 1.425110
vt 0.840970 1.410360
vt 0.809266 1.413150
vt 0.803795 1.402290
vt 0.809114 1.403860
vt 0.805080 1.409690
vt 0.791876 1.394450
vt 0.805189 1.404040
vt 0.807258 1.407530
vt 0.810032 1.411040
vt 0.791569 1.434690
vt 0.799471 1.409550
vt 0.805213 1.407760
vt 0.796783 1.400720
vt 0.832998 1.400550
vt 0.854706 1.397810
vt 0.869788 1.399340
vt 0.876009 1.401320
vt 0.843052 1.411100
vt 0.856283 1.396590
vt 0.872481 1.394740
vt 0.866508 1.392200
vt 0.811069 1.414820
vt 0.805992 1.420720
vt 0.774183 1.407010
vt 0.799563 1.403970
vt 0.790292 1.420140
vt 0.801646 1.417190
vt 0.786930 1.431200
vt 0.805084 1.415990
vt 0.801024 1.424790
vt 0.854283 1.401320
vt 0.814995 1.418610
vt 0.784295 1.428710
vt 0.786311 1.433360
vt 0.837657 1.411600
vt 0.852567 1.399910
vt 0.853062 1.395090
vt 0.838881 1.397640
vt 0.850093 1.397040
vt 0.776705 1.397690
vt 0.792039 1.436260
vt 0.810913 1.424500
vt 0.781728 1.430830
vt 0.723771 1.399480
vt 0.754869 1.401390
vt 0.735296 1.384830
vt 0.700673 1.426010
vt 0.722030 1.438890
vt 0.678851 1.431960
vt 0.677691 1.441760
vt 0.786162 1.426930
vt 0.734232 1.411350
vt 0.760350 1.396470
vt 0.754718 1.398890
vt 0.768246 1.363270
vt 0.738603 1.377210
vt 0.748200 1.380460
vt 0.729709 1.381120
vt 0.777379 1.354090
vt 0.734148 1.391250
vt 0.740829 1.397250
vt 0.761028 1.396520
vt 0.723127 1.385240
vt 0.757192 1.387410
vt 0.733386 1.382610
vt 0.699082 1.401000
vt 0.711575 1.431060
vt 0.767715 1.421920
vt 0.676087 1.443080
vt 0.715744 1.442590
vt 0.765817 1.412960
vt 0.718849 1.403500
vt 0.762520 1.407250
vt 0.794873 1.412630
vt 0.769452 1.438360
vt 0.781699 1.435960
vt 0.819674 1.411010
vt 0.820698 1.407060
vt 0.810104 1.425680
vt 0.857858 1.394040
vt 0.886105 1.399960
vt 0.864288 1.408020
vt 0.833241 1.400810
vt 0.834368 1.404350
vt 0.864586 1.389810
vt 0.871893 1.393960
vt 0.817348 1.405080
vt 0.890775 1.398590
vt 0.779881 1.365160
vt 0.771245 1.370780
vt 0.786210 1.355540
vt 0.764575 1.364940
vt 0.770270 1.372280
vt 0.789382 1.360710
vt 0.789057 1.367590
vt 0.790058 1.405010
vt 0.872522 1.399150
vt 0.831298 1.413960
vt 0.875062 1.402960
vt 0.760989 1.387970
vt 0.789037 1.368570
vt 0.791269 1.359130
vt 0.786731 1.353830
vt 0.175472 0.017158
vt 0.164876 0.019720
vt 0.164090 0.010790
vt 0.180214 0.012790
vt 0.161604 0.032854
vt 0.207184 0.008177
vt 0.201723 0.022810
vt 0.202753 0.007925
vt 0.142696 0.015940
vt 0.156025 0.004937
vt 0.155595 0.010143
vt 0.150587 0.042286
vt 0.187090 0.023177
vt 0.196395 0.010234
vt 0.188982 0.036081
vt 0.184151 0.004465
vt 0.143200 0.024708
vt 0.152826 0.021116
vt 0.172596 0.024089
vt 0.187063 0.011356
vt 0.194716 0.010110
vt 0.213584 0.004182
vt 0.144657 0.011955
vt 0.155318 0.004553
vt 0.159684 0.004044
vt 0.171972 0.004432
vt 0.202194 0.031438
vt 0.207348 0.011922
vt 0.219758 0.008360
vt 0.213579 0.023804
vt 0.214091 0.007384
vt 0.219182 0.009060
vt 0.229493 0.006213
vt 0.225620 0.020454
vt 0.190315 0.003712
vt 0.203883 0.004252
vt 0.214850 0.005388
vt 0.227787 0.003930
vt 0.176007 0.009842
vt 0.181875 0.004079
vt 0.189411 0.007442
vt 0.197040 0.003437
vt 0.200465 0.006496
vt 0.043156 0.977074
vt 0.074543 0.974444
vt 0.134967 0.983284
vt 0.139257 0.980366
vt 0.131842 0.981999
vt 0.113080 0.978072
vt -0.019770 1.039230
vt -0.020955 0.980887
vt -0.073065 0.844056
vt -0.045266 0.889107
vt -0.090593 0.859009
vt -0.024133 1.537500
vt -0.015807 1.530170
vt -0.013790 1.534370
vt -0.143973 1.411950
vt -0.128011 1.385040
vt -0.110373 1.445990
vt -0.034515 1.538840
vt -0.049079 1.559440
vt -0.051583 1.551620
vt -0.152106 1.348060
vt -0.147086 1.360090
vt -0.164209 1.391460
vt -0.173035 1.376890
vt -0.058400 1.568900
vt -0.064110 1.582120
vt -0.071644 1.601560
vt -0.049602 1.490910
vt -0.044190 1.515230
vt -0.053153 1.522770
vt -0.057674 1.519990
vt -0.076766 1.500380
vt -0.067398 1.479640
vt -0.131627 0.053184
vt -0.117232 0.043332
vt -0.121616 0.075877
vt -0.194980 0.048644
vt -0.202593 0.046642
vt -0.188568 0.075245
vt -0.185058 0.077523
vt -0.018350 0.824196
vt -0.030149 0.821012
vt -0.040374 0.846809
vt -0.009987 0.839467
vt -0.069619 1.713210
vt -0.058579 1.672640
vt -0.076059 1.685160
vt -0.049168 1.707450
vt -0.179553 1.382650
vt -0.157575 1.364330
vt -0.178989 1.366740
vt -0.140487 1.404930
vt -0.059610 1.445730
vt -0.048138 1.490760
vt -0.029074 1.455900
vt -0.107331 1.434630
vt -0.111501 1.471100
vt -0.058374 1.504560
vt -0.007430 1.549590
vt -0.017878 1.551490
vt -0.017116 1.579700
vt -0.023655 1.625310
vt -0.023488 1.675600
vt -0.028124 1.712510
vt -0.029891 1.743030
vt -0.022579 1.761230
vt -0.031355 1.764660
vt -0.020878 1.762410
vt -0.021211 1.748020
vt -0.013828 1.713990
vt -0.015593 1.621710
vt -0.009680 1.585720
vt -0.024887 1.516520
vt -0.031829 1.500430
vt -0.032331 1.453040
vt -0.013773 1.407330
vt -0.035547 1.319140
vt -0.029506 1.279050
vt -0.015919 1.242850
vt -0.019743 1.202050
vt -0.022861 1.169770
vt -0.020012 1.124380
vt -0.027570 1.082730
vt -0.055680 1.070480
vt -0.048256 0.980318
vt -0.078418 0.977973
vt -0.093186 1.004840
vt -0.117805 0.978291
vt -0.094971 0.961434
vt -0.108772 0.975402
vt -0.122318 0.953329
vt -0.145303 0.910208
vt -0.121142 0.934753
vt -0.160660 0.822638
vt -0.151212 0.805417
vt -0.118267 0.884049
vt -0.129694 0.833755
vt -0.114509 0.817612
vt -0.141106 0.726167
vt -0.076201 0.787170
vt -0.110371 0.705583
vt -0.098095 0.811971
vt -0.048516 0.816574
vt -0.085515 0.706317
vt -0.065649 0.677291
vt -0.046405 0.645106
vt -0.015832 0.756872
vt -0.046311 0.642065
vt -0.094456 0.612268
vt -0.092478 0.559888
vt -0.078167 0.605267
vt -0.109562 0.658588
vt -0.107903 0.572666
vt -0.118864 0.560539
vt -0.142298 0.595854
vt -0.135782 0.564130
vt -0.145731 0.519423
vt -0.130845 0.536548
vt -0.159793 0.570285
vt -0.155722 0.538769
vt -0.165423 0.510692
vt -0.164436 0.492355
vt -0.154953 0.416446
vt -0.141269 0.505207
vt -0.120869 0.484432
vt -0.131227 0.408659
vt -0.108407 0.413453
vt -0.090848 0.383834
vt -0.107291 0.349402
vt -0.096029 0.321136
vt -0.084782 0.357039
vt -0.090822 0.307424
vt -0.091404 0.315909
vt -0.108785 0.284280
vt -0.120671 0.347226
vt -0.133385 0.171857
vt -0.136527 0.314050
vt -0.151885 0.286222
vt -0.146057 0.172514
vt -0.167300 0.240786
vt -0.160360 0.169917
vt -0.175532 0.173708
vt -0.175394 0.167137
vt -0.179330 0.169769
vt -0.180617 0.118173
vt -0.178028 0.137006
vt -0.175938 0.167727
vt -0.171256 0.122724
vt -0.171267 0.067892
vt -0.147817 0.100757
vt -0.161185 0.029736
vt -0.142095 0.084078
vt -0.139499 0.029075
vt -0.123805 0.036317
vt -0.128714 0.015341
vt -0.116525 0.018203
vt -0.126771 0.005813
vt -0.127083 0.008082
vt -0.161826 0.005884
vt -0.143610 0.015968
vt -0.129390 0.036996
vt -0.134102 0.032987
vt -0.139794 0.058414
vt -0.136018 0.031913
vt -0.146896 0.047078
vt -0.132676 0.022213
vt -0.130528 0.018323
vt -0.145406 0.016055
vt -0.163119 0.005936
vt -0.148333 0.005851
vt -0.180342 0.023663
vt -0.181469 0.092817
vt -0.163825 0.136480
vt -0.108408 0.238837
vt -0.106851 0.235573
vt -0.124906 0.347494
vt -0.150467 0.369761
vt -0.178590 0.409004
vt -0.158333 0.501459
vt -0.164935 0.504751
vt -0.151548 0.462798
vt -0.133863 0.499348
vt -0.117302 0.520985
vt -0.102850 0.537095
vt -0.071829 0.559910
vt -0.059678 0.575588
vt -0.048196 0.667944
vt -0.054051 0.695356
vt -0.122321 0.729180
vt -0.164379 0.808396
vt -0.154124 0.842379
vt -0.148812 0.904192
vt -0.131631 0.967441
vt -0.136615 0.826096
vt -0.124368 0.814182
vt -0.058684 0.924642
vt -0.025409 0.974688
vt -0.023045 0.898006
vt -0.014855 0.846635
vt -0.024907 0.825346
vt -0.010636 0.819353
vt -0.005189 0.822611
vt -0.004782 0.827168
vt -0.007554 0.831498
vt -0.017613 0.862804
vt -0.019349 0.894595
vt -0.023747 0.933892
vt -0.007630 0.976962
vt -0.031984 0.982363
vt -0.029320 1.031860
vt -0.028364 1.070940
vt -0.030185 1.103360
vt -0.026607 1.141160
vt -0.030156 1.190950
vt -0.016288 1.310490
vt -0.015544 1.389090
vt -0.058913 1.392830
vt -0.091328 1.402750
vt -0.176857 1.442850
vt -0.084652 1.494090
vt -0.096788 1.496560
vt -0.060177 1.514950
vt -0.029985 1.549120
vt -0.031098 1.581270
vt -0.028449 1.613690
vt -0.053390 1.740490
vt -0.045979 1.752400
vt -0.030427 1.715040
vt -0.034458 1.630140
vt -0.025053 1.585600
vt -0.049201 1.608680
vt -0.066005 1.610650
vt -0.079320 1.612700
vt -0.085955 1.638210
vt -0.081965 1.653500
vt -0.068015 1.654040
vt -0.061944 1.741330
vt -0.068328 1.721310
vt -0.050276 1.727010
vt -0.066009 1.705050
vt -0.052292 1.699460
vt -0.076685 1.662090
vt -0.078574 1.697420
vt -0.079062 1.708110
vt -0.051846 1.631570
vt -0.053556 1.589610
vt -0.058596 1.576190
vt -0.041530 1.566080
vt -0.051371 1.528120
vt -0.045714 1.520670
vt -0.062025 1.437250
vt -0.070041 1.359610
vt -0.098324 1.366150
vt -0.106264 1.333070
vt -0.098339 1.302180
vt -0.126413 1.323820
vt -0.103270 1.275970
vt -0.135345 1.311980
vt -0.136739 1.293950
vt -0.117688 1.211530
vt -0.101516 1.231000
vt -0.128394 1.200280
vt -0.140494 1.198140
vt -0.119960 1.115370
vt -0.147241 1.242330
vt -0.124551 1.138750
vt -0.120231 1.140340
vt -0.112504 1.100680
vt -0.088055 1.094560
vt -0.108281 1.069130
vt -0.082108 1.055510
vt -0.060657 1.078010
vt -0.060505 1.041080
vt -0.058536 0.977974
vt -0.030251 0.975802
vt -0.048984 0.873677
vt -0.061494 0.830877
vt -0.111913 0.804163
vt -0.154676 0.771459
vt -0.162864 0.645148
vt -0.150220 0.663334
vt -0.166150 0.707215
vt -0.171809 0.700180
vt -0.165638 0.733240
vt -0.162750 0.583067
vt -0.154718 0.660743
vt -0.071533 0.527393
vt -0.060954 0.550851
vt -0.080069 0.470648
vt -0.084270 0.476464
vt -0.105425 0.457761
vt -0.104619 0.367379
vt -0.087857 0.479330
vt -0.124469 0.437207
vt -0.138779 0.442972
vt -0.185181 0.325959
vt -0.183838 0.386795
vt -0.190910 0.333897
vt -0.190325 0.358751
vt -0.188392 0.275288
vt -0.183676 0.362946
vt -0.179493 0.269654
vt -0.161059 0.294173
vt -0.165189 0.173319
vt -0.139099 0.315643
vt -0.151237 0.172975
vt -0.139438 0.173310
vt -0.119047 0.223653
vt -0.126952 0.170906
vt -0.122284 0.139012
vt -0.123799 0.141608
vt -0.118289 0.101566
vt -0.132704 0.089752
vt -0.144025 0.104602
vt -0.146114 0.082061
vt -0.156765 0.096312
vt -0.159572 0.063522
vt -0.180209 0.057908
vt -0.175407 0.083148
vt -0.198705 0.050856
vt -0.213838 0.031865
vt -0.228631 0.020758
vt -0.143808 0.005212
vt -0.161946 0.008171
vt -0.198698 0.004145
vt -0.180683 0.012442
vt -0.214706 0.018386
vt -0.211360 0.009028
vt -0.223648 0.004737
vt -0.167957 0.108232
vt -0.150939 0.123188
vt -0.153312 0.167340
vt -0.119870 0.172628
vt -0.118495 0.298267
vt -0.171673 0.355464
vt -0.187605 0.399588
vt -0.175603 0.365217
vt -0.129196 0.461905
vt -0.114845 0.497417
vt -0.085825 0.517993
vt -0.095524 0.565103
vt -0.045348 0.946958
vt -0.035574 0.854343
vt -0.010957 0.811949
vt -0.016828 0.812799
vt -0.037057 0.804455
vt -0.135176 0.659096
vt -0.049088 0.654558
vt -0.054704 0.671834
vt -0.082290 0.479649
vt -0.160740 0.353695
vt -0.117753 0.173541
vt -0.125951 0.166885
vt -0.119284 0.170221
vt -0.144522 0.165496
vt -0.136082 0.138195
vt -0.229673 0.012134
vt -0.123235 0.564073
vt -0.170677 0.658553
vt -0.183538 0.036570
vt -0.172070 0.039612
vt -0.126384 0.085755
vt -0.131484 0.124663
vt -0.139620 0.167836
vt -0.127725 0.167516
vt -0.176877 0.174096
vt -0.092515 0.380865
vt -0.094050 0.501966
vt -0.116944 0.505928
vt -0.146973 0.566011
vt -0.167416 0.586534
vt -0.132994 0.651286
vt -0.062949 0.836800
vt -0.083746 0.811294
vt -0.082445 0.867010
vt -0.065210 0.901624
vt -0.060845 0.944043
vt -0.085659 0.979499
vt -0.062086 0.982866
vt -0.110093 1.013890
vt -0.120345 1.063620
vt -0.069846 1.252900
vt -0.059853 1.285720
vt -0.069290 1.303280
vt -0.057968 1.232040
vt -0.086011 1.208670
vt -0.095799 1.173900
vt -0.102132 1.142980
vt -0.118786 1.071640
vt -0.129404 1.020160
vt -0.090475 0.975633
vt -0.088379 0.901135
vt -0.017477 0.764198
vt -0.163840 0.166768
vt -0.149901 0.169880
vt -0.135042 0.093435
vt -0.179524 0.172382
vt -0.119812 0.977136
vt -0.120189 1.036430
vt -0.106640 1.064100
vt -0.080128 1.124670
vt -0.046376 1.198240
vt -0.052502 1.158330
vt -0.059000 1.113480
vt -0.081290 1.054440
vt -0.109083 1.026050
vt -0.136063 0.974243
vt -0.140481 0.971962
vt -0.135204 0.977456
vt -0.038757 1.120070
vt -0.057357 1.342720
vt -0.090113 1.357950
vt -0.111508 1.340800
vt -0.175691 1.463330
vt -0.172972 1.482820
vt -0.106688 1.495620
vt -0.135702 1.488240
vt -0.044551 1.542330
vt -0.040546 1.549540
vt -0.096404 1.479690
vt -0.058007 1.465040
vt -0.159326 1.261140
vt -0.125105 1.180700
vt -0.104390 1.134120
vt -0.079760 1.130410
vt -0.049366 1.134480
vt -0.051839 1.173440
vt -0.070187 1.281740
vt -0.073925 1.325740
vt -0.162794 1.334450
vt -0.173229 1.341950
vt -0.178593 1.359380
vt -0.168490 1.328950
vt -0.159447 1.349080
vt -0.175646 1.360910
vt -0.161942 1.313200
vt -0.148040 1.333700
vt -0.126562 1.263270
vt -0.148290 1.270200
vt -0.079145 1.196030
vt -0.102850 1.170480
vt -0.157980 1.268540
vt -0.144293 1.315300
vt -0.119157 1.314620
vt -0.173281 1.369780
vt -0.203720 1.367460
vt -0.205153 1.378770
vt -0.222659 1.396560
vt -0.182075 1.407170
vt -0.206329 1.414210
vt -0.179911 1.424360
vt -0.141016 1.464500
vt -0.169469 1.448040
vt -0.172697 1.428660
vt -0.171934 1.397350
vt -0.227401 1.378650
vt -0.228257 1.371350
vt -0.218330 1.426690
vt -0.182594 1.437570
vt -0.240478 1.444950
vt -0.179081 1.461010
vt -0.252942 1.451520
vt -0.179486 1.478600
vt -0.174822 1.481190
vt -0.173322 1.469910
vt -0.224685 1.405600
vt -0.225361 1.391420
vt -0.273787 1.376820
vt -0.278005 1.384420
vt -0.246939 1.409140
vt -0.175663 1.460560
vt -0.177755 1.477480
vt -0.217966 1.452160
vt -0.246994 1.440810
vt -0.244400 1.420070
vt -0.294194 1.382490
vt -0.280707 1.375380
vt -0.300481 1.440450
vt -0.269368 1.456980
vt -0.270954 1.459080
vt -0.177830 1.482680
vt -0.262882 1.455460
vt -0.402944 1.401190
vt -0.413618 1.388160
vt -0.352760 1.424940
vt -0.400876 1.418500
vt -0.423415 1.373710
vt -0.391388 1.373050
vt -0.391726 1.376720
vt -0.456196 1.406510
vt -0.394315 1.392610
vt -0.418865 1.442470
vt -0.455612 1.452220
vt -0.407011 1.454470
vt -0.418691 1.450550
vt -0.433923 1.438340
vt -0.450824 1.419200
vt -0.467659 1.383360
vt -0.465641 1.399130
vt -0.498895 1.371630
vt -0.474137 1.387380
vt -0.483285 1.417340
vt -0.497241 1.374730
vt -0.516546 1.376590
vt -0.489125 1.431430
vt -0.499176 1.453160
vt -0.505268 1.449550
vt -0.511273 1.438920
vt -0.525146 1.424540
vt -0.572801 1.402490
vt -0.541683 1.395500
vt -0.595261 1.446680
vt -0.583321 1.393190
vt -0.589520 1.388490
vt -0.563342 1.437540
vt -0.590234 1.444150
vt -0.623551 1.431860
vt -0.613244 1.419590
vt -0.671543 1.406260
vt -0.672860 1.424170
vt -0.672974 1.434330
vt -0.673337 1.441920
vt -0.671996 1.415110
vt -0.641451 1.409650
vt -0.673087 1.401000
vt -0.673010 1.444190
vt -0.675370 1.434010
vt -0.673366 1.410760
vt -0.675507 1.404910
vt -0.673284 1.423040
vt -0.703878 1.419840
vt -0.678386 1.438180
vt -0.676169 1.417420
vt -0.675863 1.405150
vt -0.700075 1.410080
vt -0.705735 1.400500
vt -0.677545 1.403690
vt -0.696554 1.413010
vt -0.677290 1.417100
vt -0.882546 1.388710
vt -0.884134 1.396580
vt -0.867487 1.394740
vt -0.886383 1.392510
vt -0.879542 1.395220
vt -0.876515 1.388530
vt -0.873953 1.391930
vt -0.876497 1.395010
vt -0.867075 1.385400
vt -0.859872 1.391340
vt -0.828249 1.395580
vt -0.824054 1.408380
vt -0.851336 1.405100
vt -0.803563 1.419320
vt -0.875413 1.396470
vt -0.800885 1.397990
vt -0.828940 1.398410
vt -0.788910 1.430860
vt -0.814659 1.425110
vt -0.847079 1.414250
vt -0.840970 1.410360
vt -0.809266 1.413150
vt -0.803795 1.402290
vt -0.805080 1.409690
vt -0.809114 1.403860
vt -0.791876 1.394450
vt -0.805189 1.404040
vt -0.810032 1.411040
vt -0.807258 1.407530
vt -0.791569 1.434690
vt -0.799471 1.409550
vt -0.796783 1.400720
vt -0.805213 1.407760
vt -0.832998 1.400550
vt -0.854706 1.397810
vt -0.869788 1.399340
vt -0.843052 1.411100
vt -0.876009 1.401320
vt -0.856283 1.396590
vt -0.866508 1.392200
vt -0.872481 1.394740
vt -0.805992 1.420720
vt -0.811069 1.414820
vt -0.774183 1.407010
vt -0.790292 1.420140
vt -0.799563 1.403970
vt -0.801646 1.417190
vt -0.805084 1.415990
vt -0.786930 1.431200
vt -0.801024 1.424790
vt -0.854283 1.401320
vt -0.814995 1.418610
vt -0.786311 1.433360
vt -0.784295 1.428710
vt -0.837657 1.411600
vt -0.852567 1.399910
vt -0.838881 1.397640
vt -0.853062 1.395090
vt -0.850093 1.397040
vt -0.776705 1.397690
vt -0.792039 1.436260
vt -0.810913 1.424500
vt -0.781728 1.430830
vt -0.723771 1.399480
vt -0.735296 1.384830
vt -0.754869 1.401390
vt -0.700673 1.426010
vt -0.678851 1.431960
vt -0.722030 1.438890
vt -0.677691 1.441760
vt -0.734232 1.411350
vt -0.786162 1.426930
vt -0.760350 1.396470
vt -0.754718 1.398890
vt -0.768246 1.363270
vt -0.748200 1.380460
vt -0.738603 1.377210
vt -0.729709 1.381120
vt -0.777379 1.354090
vt -0.740829 1.397250
vt -0.734148 1.391250
vt -0.761028 1.396520
vt -0.723127 1.385240
vt -0.757192 1.387410
vt -0.733386 1.382610
vt -0.699082 1.401000
vt -0.711575 1.431060
vt -0.767715 1.421920
vt -0.715744 1.442590
vt -0.676087 1.443080
vt -0.765817 1.412960
vt -0.718849 1.403500
vt -0.762520 1.407250
vt -0.794873 1.412630
vt -0.769452 1.438360
vt -0.781699 1.435960
vt -0.819674 1.411010
vt -0.820698 1.407060
vt -0.810104 1.425680
vt -0.857858 1.394040
vt -0.886105 1.399960
vt -0.864288 1.408020
vt -0.833241 1.400810
vt -0.834368 1.404350
vt -0.864586 1.389810
vt -0.871893 1.393960
vt -0.817348 1.405080
vt -0.890775 1.398590
vt -0.779881 1.365160
vt -0.771245 1.370780
vt -0.786210 1.355540
vt -0.764575 1.364940
vt -0.770270 1.372280
vt -0.789382 1.360710
vt -0.789057 1.367590
vt -0.790058 1.405010
vt -0.872522 1.399150
vt -0.875062 1.402960
vt -0.831298 1.413960
vt -0.760989 1.387970
vt -0.789037 1.368570
vt -0.791269 1.359130
vt -0.786731 1.353830
vt -0.175472 0.017158
vt -0.164090 0.010790
vt -0.164876 0.019720
vt -0.180214 0.012790
vt -0.161604 0.032854
vt -0.207184 0.008177
vt -0.202753 0.007925
vt -0.201723 0.022810
vt -0.142696 0.015940
vt -0.155595 0.010143
vt -0.156025 0.004937
vt -0.150587 0.042286
vt -0.187090 0.023177
vt -0.188982 0.036081
vt -0.196395 0.010234
vt -0.184151 0.004465
vt -0.143200 0.024708
vt -0.152826 0.021116
vt -0.172596 0.024089
vt -0.187063 0.011356
vt -0.194716 0.010110
vt -0.213584 0.004182
vt -0.155318 0.004553
vt -0.144657 0.011955
vt -0.159684 0.004044
vt -0.171972 0.004432
vt -0.202194 0.031438
vt -0.207348 0.011922
vt -0.219758 0.008360
vt -0.214091 0.007384
vt -0.213579 0.023804
vt -0.219182 0.009060
vt -0.229493 0.006213
vt -0.225620 0.020454
vt -0.190315 0.003712
vt -0.203883 0.004252
vt -0.214850 0.005388
vt -0.227787 0.003930
vt -0.176007 0.009842
vt -0.181875 0.004079
vt -0.189411 0.007442
vt -0.197040 0.003437
vt -0.200465 0.006496
vt -0.043156 0.977074
vt -0.074543 0.974444
vt -0.134967 0.983284
vt -0.139257 0.980366
vt -0.131842 0.981999
vt -0.113080 0.978072
s 1
f 1/1/1 736/2/1 150/3/1
f 2/4/2 19/5/2 18/6/2
f 4/7/3 55/8/3 23/9/3
f 6/10/4 424/11/4 21/12/4
f 7/13/5 22/14/5 175/15/5
f 7/13/6 175/15/6 4/7/6
f 7/13/7 4/7/7 23/9/7
f 8/16/8 25/17/8 426/18/8
f 8/16/9 426/18/9 24/19/9
f 9/20/10 27/21/10 176/22/10
f 9/20/11 176/22/11 175/15/11
f 10/23/12 386/24/12 194/25/12
f 10/23/13 28/26/13 385/27/13
f 10/23/14 385/27/14 386/24/14
f 10/23/15 29/28/15 28/26/15
f 12/29/16 30/30/16 362/31/16
f 13/32/17 32/33/17 31/34/17
f 13/32/18 33/35/18 32/33/18
f 14/36/19 34/37/20 36/38/21
f 14/36/19 36/38/21 35/39/22
f 15/40/23 182/41/23 183/42/23
f 15/40/24 183/42/24 168/43/24
f 704/44/25 37/45/25 38/46/25
f 704/44/26 38/46/26 39/47/26
f 17/48/27 41/49/27 40/50/27
f 17/48/28 40/50/28 42/51/28
f 40/50/29 43/52/29 161/53/29
f 40/50/30 41/49/30 713/54/30
f 675/55/31 44/56/31 165/57/31
f 675/55/32 691/58/32 44/56/32
f 691/58/33 676/59/33 45/60/33
f 691/58/34 45/60/34 44/56/34
f 676/59/35 677/61/35 46/62/35
f 676/59/36 46/62/36 45/60/36
f 677/61/37 678/63/37 47/64/37
f 677/61/38 47/64/38 46/62/38
f 678/63/39 679/65/39 48/66/39
f 678/63/40 48/66/40 47/64/40
f 679/65/41 49/67/41 48/66/41
f 679/65/42 680/68/42 170/69/42
f 679/65/43 170/69/43 49/67/43
f 680/68/44 50/70/44 170/69/44
f 680/68/45 681/71/45 51/72/45
f 680/68/46 51/72/46 50/70/46
f 681/71/47 682/73/47 51/72/47
f 682/73/48 52/74/48 51/72/48
f 682/73/49 692/75/49 53/76/49
f 682/73/50 53/76/50 52/74/50
f 692/75/51 54/77/51 53/76/51
f 692/75/52 683/78/52 54/77/52
f 683/78/53 55/8/53 54/77/53
f 683/78/54 794/79/54 55/8/54
f 794/79/55 23/9/55 55/8/55
f 794/79/56 56/80/56 23/9/56
f 794/79/57 796/81/57 56/80/57
f 796/81/58 714/82/58 57/83/58
f 796/81/59 57/83/59 194/25/59
f 714/82/60 195/84/60 57/83/60
f 714/82/61 693/85/61 195/84/61
f 693/85/62 58/86/62 195/84/62
f 693/85/63 332/87/63 58/86/63
f 693/85/64 684/88/64 332/87/64
f 684/88/65 59/89/65 332/87/65
f 684/88/66 802/90/66 60/91/66
f 684/88/67 60/91/67 59/89/67
f 802/90/68 61/92/68 60/91/68
f 802/90/69 370/93/69 61/92/69
f 802/90/70 694/94/70 370/93/70
f 694/94/71 62/95/71 370/93/71
f 694/94/72 695/96/72 62/95/72
f 695/96/73 63/97/73 62/95/73
f 695/96/74 736/2/74 1/1/74
f 695/96/75 1/1/75 63/97/75
f 1/1/76 64/98/76 63/97/76
f 1/1/77 150/3/77 149/99/77
f 1/1/78 149/99/78 64/98/78
f 722/100/79 726/101/79 717/102/79
f 147/103/80 66/104/80 65/105/80
f 69/106/81 146/107/81 363/108/81
f 146/107/82 70/109/82 363/108/82
f 70/109/83 71/110/83 343/111/83
f 344/112/84 71/110/84 283/113/84
f 73/114/85 72/115/85 145/116/85
f 321/117/86 73/114/86 144/118/86
f 321/117/87 144/118/88 74/119/89
f 143/120/90 76/121/90 320/122/90
f 348/123/91 77/124/91 79/125/91
f 348/123/92 78/126/92 349/127/92
f 78/126/93 348/123/93 79/125/93
f 80/128/94 81/129/94 78/126/94
f 82/130/95 81/129/95 80/128/95
f 82/130/96 83/131/96 86/132/96
f 82/130/97 85/133/97 84/134/97
f 82/130/98 86/132/98 85/133/98
f 87/135/99 85/133/99 88/136/99
f 92/137/100 353/138/100 91/139/100
f 92/137/101 93/140/101 353/138/101
f 354/141/102 94/142/102 355/143/102
f 95/144/103 96/145/103 355/143/103
f 96/145/104 95/144/104 97/146/104
f 96/145/105 97/146/105 98/147/105
f 99/148/106 100/149/106 311/150/106
f 100/149/107 101/151/107 311/150/107
f 102/152/108 101/151/108 133/153/108
f 357/154/109 102/152/109 104/155/109
f 357/154/110 104/155/110 103/156/110
f 104/155/111 732/157/111 106/158/111
f 106/158/112 107/159/112 108/160/112
f 106/158/113 108/160/113 109/161/113
f 108/160/114 110/162/114 109/161/114
f 110/162/115 33/35/115 111/163/115
f 111/163/116 112/164/116 110/162/116
f 113/165/117 114/166/117 112/164/117
f 114/166/118 113/165/118 115/167/118
f 115/167/119 116/168/120 114/166/121
f 115/167/122 117/169/122 116/168/122
f 117/169/123 119/170/123 118/171/123
f 119/170/124 129/172/124 120/173/124
f 120/173/125 129/172/125 121/174/125
f 122/175/126 121/174/126 123/176/126
f 123/176/127 12/29/127 122/175/127
f 125/177/128 12/29/128 126/178/128
f 125/177/129 126/178/129 127/179/129
f 126/178/130 124/180/130 655/181/130
f 124/180/131 126/178/131 12/29/131
f 123/176/132 124/180/132 12/29/132
f 128/182/133 123/176/133 121/174/133
f 121/174/134 129/172/134 128/182/134
f 129/172/135 119/170/136 130/183/137
f 130/183/137 119/170/136 16/184/138
f 16/184/139 119/170/139 117/169/139
f 130/183/140 16/184/140 113/165/140
f 16/184/141 115/167/141 113/165/141
f 16/184/142 117/169/142 115/167/142
f 113/165/143 111/163/143 261/185/143
f 113/165/144 112/164/144 111/163/144
f 111/163/145 13/32/145 261/185/145
f 111/163/146 33/35/146 13/32/146
f 33/35/147 108/160/147 32/33/147
f 33/35/148 110/162/148 108/160/148
f 108/160/149 107/159/149 32/33/149
f 107/159/150 263/186/150 32/33/150
f 131/187/151 107/159/151 732/157/151
f 131/187/152 732/157/152 104/155/152
f 133/153/153 104/155/153 102/152/153
f 133/153/154 101/151/154 100/149/154
f 267/188/155 99/148/155 98/147/155
f 98/147/156 97/146/157 268/189/158
f 98/147/156 268/189/158 267/188/159
f 95/144/160 355/143/160 94/142/160
f 134/190/161 354/141/161 93/140/161
f 134/190/162 94/142/162 354/141/162
f 93/140/163 135/191/163 134/190/163
f 93/140/164 92/137/164 135/191/164
f 136/192/165 92/137/165 91/139/165
f 136/192/166 91/139/166 90/193/166
f 90/193/167 89/194/167 136/192/167
f 89/194/168 87/135/168 136/192/168
f 88/136/169 86/132/169 137/195/169
f 88/136/170 85/133/170 86/132/170
f 86/132/171 83/131/171 138/196/171
f 83/131/172 80/128/172 139/197/172
f 83/131/173 82/130/173 80/128/173
f 80/128/174 78/126/174 79/125/174
f 80/128/175 79/125/175 140/198/175
f 79/125/176 77/124/176 141/199/176
f 141/199/177 347/200/177 346/201/177
f 141/199/178 346/201/178 142/202/178
f 141/199/179 77/124/179 347/200/179
f 346/201/180 76/121/180 142/202/180
f 144/118/181 73/114/181 145/116/181
f 282/203/182 344/112/182 283/113/182
f 282/203/183 145/116/183 72/115/183
f 282/203/184 72/115/184 344/112/184
f 71/110/185 70/109/185 283/113/185
f 146/107/186 69/106/186 286/204/186
f 286/204/187 68/205/187 287/206/187
f 286/204/188 69/106/188 68/205/188
f 67/207/189 66/104/189 289/208/189
f 66/104/190 290/209/190 289/208/190
f 147/103/191 291/210/191 19/5/191
f 150/3/192 736/2/192 724/211/192
f 723/212/193 151/213/193 716/214/193
f 723/212/194 685/215/194 151/213/194
f 685/215/195 152/216/195 151/213/195
f 685/215/196 696/217/197 294/218/198
f 685/215/199 294/218/199 152/216/199
f 696/217/200 295/219/200 294/218/200
f 696/217/201 220/220/201 295/219/201
f 696/217/202 912/221/202 153/222/202
f 696/217/203 153/222/203 220/220/203
f 912/221/204 154/223/204 153/222/204
f 912/221/205 34/37/205 154/223/205
f 912/221/206 686/224/206 219/225/206
f 912/221/207 219/225/207 34/37/207
f 686/224/208 697/226/208 217/227/208
f 686/224/209 217/227/209 219/225/209
f 697/226/210 687/228/210 730/229/210
f 697/226/211 730/229/211 216/230/211
f 687/228/212 155/231/212 730/229/212
f 698/232/213 156/233/214 214/234/215
f 698/232/213 916/235/216 156/233/214
f 916/235/217 377/236/217 156/233/217
f 916/235/218 378/237/219 377/236/220
f 916/235/218 688/238/221 378/237/219
f 688/238/222 379/239/222 378/237/222
f 688/238/223 689/240/223 157/241/223
f 688/238/224 157/241/224 379/239/224
f 689/240/225 690/242/225 158/243/225
f 689/240/226 158/243/226 157/241/226
f 690/242/227 41/49/227 158/243/227
f 690/242/228 922/244/228 41/49/228
f 41/49/229 159/245/229 158/243/229
f 159/245/230 41/49/230 17/48/230
f 159/245/231 17/48/231 42/51/231
f 159/245/232 42/51/232 160/246/232
f 42/51/233 39/47/234 160/246/235
f 42/51/236 40/50/236 382/247/236
f 40/50/237 161/53/238 382/247/238
f 162/248/239 161/53/239 43/52/239
f 162/248/240 164/249/240 163/250/240
f 162/248/241 43/52/241 164/249/241
f 165/57/242 44/56/242 712/251/242
f 44/56/243 166/252/243 712/251/243
f 44/56/244 167/253/244 166/252/244
f 167/253/245 44/56/245 45/60/245
f 47/64/246 48/66/246 168/43/246
f 48/66/247 49/67/247 169/254/247
f 49/67/248 170/69/248 169/254/248
f 170/69/249 50/70/249 171/255/249
f 50/70/250 51/72/250 171/255/250
f 172/256/251 51/72/251 52/74/251
f 172/256/252 53/76/252 173/257/252
f 172/256/253 52/74/253 53/76/253
f 53/76/254 54/77/254 174/258/254
f 174/258/255 175/15/255 3/259/255
f 176/22/256 27/21/257 177/260/258
f 178/261/259 179/262/259 27/21/259
f 180/263/260 181/264/260 182/41/260
f 181/264/261 183/42/261 182/41/261
f 168/43/262 183/42/262 46/62/262
f 168/43/263 46/62/263 47/64/263
f 168/43/264 169/254/264 15/40/264
f 168/43/265 48/66/265 169/254/265
f 169/254/266 184/265/266 15/40/266
f 169/254/267 170/69/267 184/265/267
f 184/265/268 170/69/268 171/255/268
f 171/255/269 185/266/269 184/265/269
f 171/255/270 5/267/270 185/266/270
f 171/255/271 51/72/271 5/267/271
f 185/266/272 5/267/272 20/268/272
f 20/268/273 5/267/273 186/269/273
f 186/269/274 5/267/274 172/256/274
f 186/269/275 172/256/275 173/257/275
f 186/269/276 173/257/276 3/259/276
f 173/257/277 53/76/277 3/259/277
f 3/259/278 53/76/278 174/258/278
f 177/260/258 27/21/257 187/270/279
f 187/270/280 27/21/280 179/262/280
f 179/262/281 180/263/281 187/270/281
f 180/263/282 189/271/282 187/270/282
f 188/272/283 189/271/283 180/263/283
f 188/272/284 180/263/284 182/41/284
f 182/41/285 15/40/285 188/272/285
f 15/40/286 184/265/286 188/272/286
f 188/272/287 184/265/287 185/266/287
f 185/266/288 189/271/288 188/272/288
f 189/271/289 20/268/289 187/270/289
f 189/271/290 185/266/290 20/268/290
f 20/268/291 177/260/291 187/270/291
f 20/268/292 186/269/292 3/259/292
f 20/268/293 3/259/293 177/260/293
f 177/260/294 3/259/295 176/22/296
f 3/259/295 175/15/297 176/22/296
f 183/42/298 190/273/298 45/60/298
f 183/42/299 45/60/299 46/62/299
f 190/273/300 181/264/300 191/274/300
f 190/273/301 183/42/301 181/264/301
f 191/274/302 181/264/302 180/263/302
f 191/274/303 180/263/303 179/262/303
f 191/274/304 179/262/304 178/261/304
f 178/261/305 192/275/305 191/274/305
f 178/261/306 9/20/306 192/275/306
f 192/275/307 389/276/307 191/274/307
f 9/20/308 193/277/308 192/275/308
f 9/20/309 22/14/309 193/277/309
f 7/13/310 715/278/310 22/14/310
f 7/13/311 56/80/311 715/278/311
f 56/80/312 7/13/312 23/9/312
f 57/83/313 195/84/313 10/23/313
f 58/86/314 196/279/315 392/280/316
f 393/281/317 196/279/317 197/282/317
f 198/283/318 199/284/319 197/282/319
f 198/283/320 200/285/321 199/284/322
f 200/285/323 394/286/324 199/284/325
f 200/285/326 202/287/326 395/288/326
f 200/285/327 201/289/327 202/287/327
f 202/287/328 203/290/328 395/288/328
f 205/291/329 204/292/329 329/293/329
f 205/291/330 329/293/330 206/294/330
f 207/295/331 206/294/331 208/296/331
f 208/296/332 210/297/332 209/298/332
f 209/298/333 210/297/333 211/299/333
f 211/299/334 213/300/334 212/301/334
f 155/231/335 729/302/335 730/229/335
f 216/230/336 730/229/336 215/303/336
f 217/227/337 218/304/337 219/225/337
f 219/225/338 36/38/338 34/37/338
f 219/225/339 218/304/339 36/38/339
f 2/4/340 224/305/340 348/123/340
f 2/4/341 348/123/341 19/5/341
f 19/5/342 348/123/342 349/127/342
f 19/5/343 349/127/343 225/306/343
f 288/307/344 350/308/345 318/309/346
f 288/307/344 318/309/346 296/310/347
f 285/311/348 316/312/348 284/313/348
f 316/312/349 226/314/349 284/313/349
f 230/315/350 313/316/350 231/317/350
f 230/315/351 231/317/351 280/318/351
f 297/319/352 233/320/352 356/321/352
f 234/322/353 297/319/353 311/150/353
f 276/323/354 234/322/354 101/151/354
f 236/324/355 237/325/355 274/326/355
f 237/325/356 238/327/356 298/328/356
f 238/327/357 239/329/357 272/330/357
f 299/331/358 239/329/358 310/332/358
f 299/331/359 240/333/359 270/334/359
f 270/334/360 240/333/360 241/335/360
f 241/335/361 242/336/361 300/337/361
f 733/338/362 301/339/362 242/336/362
f 733/338/363 242/336/363 243/340/363
f 245/341/364 247/342/364 246/343/364
f 247/342/365 248/344/365 246/343/365
f 247/342/366 30/30/366 248/344/366
f 248/344/367 30/30/367 12/29/367
f 248/344/368 249/345/368 305/346/368
f 249/345/369 250/347/369 306/348/369
f 250/347/370 251/349/370 306/348/370
f 251/349/371 252/350/371 307/351/371
f 252/350/372 251/349/372 663/352/372
f 252/350/373 663/352/373 253/353/373
f 124/180/374 128/182/374 256/354/374
f 124/180/375 123/176/375 128/182/375
f 128/182/376 257/355/376 256/354/376
f 257/355/377 128/182/377 129/172/377
f 257/355/378 129/172/378 258/356/378
f 129/172/379 130/183/379 258/356/379
f 260/357/380 130/183/380 261/185/380
f 261/185/381 13/32/381 262/358/381
f 261/185/382 262/358/382 260/357/382
f 260/357/383 262/358/383 259/359/383
f 130/183/384 259/359/384 258/356/384
f 257/355/385 258/356/385 256/354/385
f 258/356/386 259/359/386 255/360/386
f 259/359/387 262/358/387 255/360/387
f 31/34/388 263/186/388 252/350/388
f 31/34/389 32/33/389 263/186/389
f 263/186/390 107/159/390 131/187/390
f 263/186/391 131/187/391 264/361/391
f 131/187/392 132/362/392 265/363/392
f 100/149/393 99/148/393 302/364/393
f 99/148/394 267/188/394 302/364/394
f 97/146/395 300/337/396 268/189/397
f 300/337/396 97/146/395 95/144/398
f 269/365/399 95/144/399 94/142/399
f 269/365/400 134/190/400 270/334/400
f 269/365/401 94/142/401 134/190/401
f 270/334/402 134/190/402 135/191/402
f 271/366/403 92/137/403 136/192/403
f 271/366/404 135/191/404 92/137/404
f 136/192/405 272/330/405 271/366/405
f 273/367/406 87/135/406 88/136/406
f 273/367/407 136/192/407 87/135/407
f 88/136/408 274/326/408 273/367/408
f 88/136/409 137/195/409 275/368/409
f 137/195/410 86/132/411 138/196/412
f 137/195/410 138/196/412 276/323/413
f 138/196/414 277/369/414 276/323/414
f 138/196/415 278/370/415 277/369/415
f 138/196/416 83/131/416 139/197/416
f 138/196/417 139/197/417 278/370/417
f 139/197/418 80/128/418 140/198/418
f 140/198/419 79/125/419 141/199/419
f 140/198/420 141/199/420 279/371/420
f 142/202/421 76/121/421 280/318/421
f 76/121/422 143/120/422 280/318/422
f 74/119/89 144/118/88 229/372/423
f 284/313/424 70/109/424 146/107/424
f 146/107/425 285/311/425 284/313/425
f 146/107/426 286/204/426 285/311/426
f 287/206/427 67/207/427 288/307/427
f 67/207/428 289/208/428 288/307/428
f 225/306/429 147/103/429 19/5/429
f 225/306/430 290/209/430 147/103/430
f 292/373/431 18/6/431 291/210/431
f 291/210/432 18/6/432 19/5/432
f 18/6/433 151/213/433 293/374/433
f 151/213/434 18/6/434 292/373/434
f 151/213/435 152/216/435 293/374/435
f 152/216/436 294/218/436 293/374/436
f 295/219/437 220/220/437 221/375/437
f 295/219/438 221/375/438 222/376/438
f 222/376/439 294/218/439 295/219/439
f 294/218/440 222/376/440 223/377/440
f 294/218/441 223/377/441 224/305/441
f 224/305/442 2/4/442 293/374/442
f 293/374/443 2/4/443 18/6/443
f 224/305/444 293/374/444 294/218/444
f 287/206/445 288/307/446 296/310/447
f 287/206/445 296/310/447 286/204/448
f 284/313/449 226/314/449 70/109/449
f 226/314/450 283/113/450 70/109/450
f 283/113/451 226/314/451 227/378/451
f 283/113/452 227/378/452 282/203/452
f 227/378/453 145/116/453 282/203/453
f 145/116/454 229/372/454 144/118/454
f 75/379/455 281/380/455 230/315/455
f 75/379/456 230/315/457 280/318/458
f 75/379/456 280/318/458 143/120/459
f 142/202/460 280/318/460 232/381/460
f 142/202/461 232/381/461 141/199/461
f 141/199/462 232/381/462 279/371/462
f 279/371/463 278/370/463 140/198/463
f 278/370/464 139/197/464 140/198/464
f 278/370/465 297/319/465 277/369/465
f 275/368/466 137/195/466 235/382/466
f 275/368/467 274/326/467 88/136/467
f 273/367/468 298/328/468 136/192/468
f 298/328/469 272/330/469 136/192/469
f 271/366/470 299/331/470 135/191/470
f 299/331/471 270/334/471 135/191/471
f 269/365/472 241/335/472 300/337/472
f 269/365/473 300/337/473 95/144/473
f 268/189/474 301/339/475 302/364/476
f 268/189/474 302/364/476 267/188/477
f 303/383/478 731/384/478 266/385/478
f 266/385/479 731/384/479 304/386/479
f 266/385/480 304/386/480 265/363/480
f 265/363/481 132/362/481 266/385/481
f 265/363/482 305/346/482 306/348/482
f 265/363/483 264/361/483 131/187/483
f 265/363/484 306/348/484 264/361/484
f 264/361/485 306/348/485 307/351/485
f 307/351/486 263/186/486 264/361/486
f 307/351/487 252/350/487 263/186/487
f 252/350/488 253/353/488 31/34/488
f 31/34/489 253/353/489 13/32/489
f 253/353/490 254/387/490 262/358/490
f 253/353/491 262/358/491 13/32/491
f 262/358/492 254/387/492 255/360/492
f 306/348/493 305/346/493 249/345/493
f 305/346/494 304/386/494 248/344/494
f 305/346/495 265/363/495 304/386/495
f 304/386/496 246/343/496 248/344/496
f 246/343/497 731/384/497 303/383/497
f 246/343/498 303/383/498 245/341/498
f 303/383/499 301/339/500 733/338/501
f 301/339/502 268/189/503 300/337/504
f 301/339/502 300/337/504 242/336/505
f 270/334/506 241/335/506 269/365/506
f 299/331/507 271/366/507 239/329/507
f 271/366/508 272/330/508 239/329/508
f 272/330/509 298/328/509 238/327/509
f 237/325/510 273/367/510 274/326/510
f 237/325/511 298/328/511 273/367/511
f 274/326/512 275/368/512 236/324/512
f 276/323/513 235/382/513 137/195/513
f 234/322/514 276/323/514 277/369/514
f 234/322/515 277/369/515 297/319/515
f 297/319/516 279/371/516 233/320/516
f 297/319/517 278/370/517 279/371/517
f 232/381/518 233/320/518 279/371/518
f 232/381/519 280/318/519 231/317/519
f 230/315/520 281/380/520 74/119/520
f 229/372/521 145/116/521 228/388/521
f 145/116/522 227/378/522 228/388/522
f 285/311/523 286/204/524 317/389/525
f 286/204/524 296/310/526 317/389/525
f 288/307/527 289/208/527 350/308/527
f 289/208/528 290/209/528 350/308/528
f 307/351/529 306/348/529 251/349/529
f 260/357/530 259/359/530 130/183/530
f 251/349/531 648/390/531 650/391/531
f 251/349/532 250/347/532 648/390/532
f 250/347/533 127/179/533 648/390/533
f 250/347/534 249/345/534 125/177/534
f 125/177/535 248/344/535 12/29/535
f 125/177/536 249/345/536 248/344/536
f 250/347/537 125/177/537 127/179/537
f 30/30/538 247/342/538 308/392/538
f 247/342/539 245/341/539 308/392/539
f 308/392/540 245/341/540 244/393/540
f 243/340/541 309/394/541 244/393/541
f 310/332/542 240/333/542 299/331/542
f 310/332/543 239/329/543 358/395/543
f 239/329/544 238/327/544 358/395/544
f 102/152/545 276/323/545 101/151/545
f 102/152/546 235/382/547 276/323/548
f 311/150/549 101/151/549 234/322/549
f 312/396/550 356/321/550 233/320/550
f 233/320/551 232/381/551 312/396/551
f 230/315/552 314/397/552 313/316/552
f 314/397/553 230/315/553 74/119/553
f 314/397/554 229/372/554 352/398/554
f 314/397/555 74/119/555 229/372/555
f 229/372/556 228/388/556 352/398/556
f 315/399/557 228/388/557 227/378/557
f 315/399/558 226/314/558 316/312/558
f 315/399/559 227/378/559 226/314/559
f 351/400/560 316/312/560 285/311/560
f 285/311/561 317/389/561 351/400/561
f 317/389/562 296/310/562 318/309/562
f 319/401/563 290/209/563 225/306/563
f 319/401/564 350/308/564 290/209/564
f 223/377/565 222/376/565 347/200/565
f 222/376/566 221/375/566 320/122/566
f 320/122/567 220/220/567 153/222/567
f 320/122/568 221/375/568 220/220/568
f 35/39/569 322/402/569 321/117/569
f 322/402/570 323/403/570 321/117/570
f 322/402/571 324/404/571 323/403/571
f 322/402/572 35/39/572 36/38/572
f 322/402/573 218/304/573 324/404/573
f 322/402/574 36/38/574 218/304/574
f 218/304/575 325/405/575 324/404/575
f 325/405/576 218/304/576 216/230/576
f 326/406/577 216/230/577 215/303/577
f 326/406/578 215/303/578 729/302/578
f 327/407/579 340/408/579 729/302/579
f 327/407/580 729/302/580 155/231/580
f 211/299/581 327/407/581 213/300/581
f 211/299/582 210/297/582 721/409/582
f 208/296/583 206/294/584 328/410/585
f 206/294/586 329/293/586 328/410/586
f 203/290/587 329/293/587 204/292/587
f 201/289/588 200/285/588 333/411/588
f 200/285/589 330/412/589 333/411/589
f 200/285/590 198/283/590 331/413/590
f 200/285/591 331/413/591 330/412/591
f 331/413/592 198/283/592 197/282/592
f 331/413/593 196/279/593 332/87/593
f 331/413/594 197/282/594 196/279/594
f 196/279/595 58/86/595 332/87/595
f 332/87/596 59/89/596 330/412/596
f 332/87/597 330/412/597 331/413/597
f 330/412/598 59/89/598 333/411/598
f 333/411/599 334/414/599 201/289/599
f 201/289/600 334/414/600 335/415/600
f 335/415/601 336/416/601 201/289/601
f 336/416/602 202/287/603 201/289/604
f 336/416/602 337/417/605 202/287/603
f 337/417/606 203/290/606 202/287/606
f 337/417/607 329/293/607 203/290/607
f 338/418/608 328/410/608 329/293/608
f 328/410/585 210/297/609 208/296/583
f 210/297/610 328/410/610 339/419/610
f 210/297/611 339/419/611 721/409/611
f 341/420/612 326/406/612 729/302/612
f 324/404/613 325/405/613 342/421/613
f 342/421/614 343/111/614 71/110/614
f 324/404/615 342/421/615 344/112/615
f 324/404/616 344/112/616 72/115/616
f 324/404/617 72/115/617 323/403/617
f 344/112/618 342/421/618 71/110/618
f 321/117/619 323/403/619 73/114/619
f 14/36/620 35/39/621 74/119/622
f 345/422/623 14/36/623 281/380/623
f 320/122/624 345/422/624 143/120/624
f 346/201/625 320/122/625 76/121/625
f 347/200/626 77/124/626 224/305/626
f 77/124/627 348/123/627 224/305/627
f 81/129/628 319/401/628 78/126/628
f 81/129/629 350/308/629 319/401/629
f 81/129/630 318/309/630 350/308/630
f 81/129/631 84/134/631 318/309/631
f 84/134/632 317/389/632 318/309/632
f 351/400/633 84/134/633 85/133/633
f 87/135/634 316/312/634 351/400/634
f 87/135/635 89/194/635 316/312/635
f 89/194/636 90/193/636 316/312/636
f 90/193/637 315/399/637 316/312/637
f 91/139/638 353/138/638 352/398/638
f 353/138/639 354/141/639 314/397/639
f 354/141/640 353/138/640 93/140/640
f 354/141/641 313/316/641 314/397/641
f 354/141/642 355/143/642 313/316/642
f 355/143/643 96/145/643 231/317/643
f 96/145/644 98/147/644 232/381/644
f 98/147/645 312/396/645 232/381/645
f 312/396/646 98/147/646 99/148/646
f 312/396/647 99/148/647 356/321/647
f 311/150/648 356/321/648 99/148/648
f 357/154/649 103/156/649 236/324/649
f 106/158/650 109/161/650 359/423/650
f 359/423/651 310/332/651 358/395/651
f 359/423/652 110/162/652 112/164/652
f 359/423/653 112/164/653 360/424/653
f 112/164/654 114/166/654 361/425/654
f 361/425/655 114/166/121 116/168/120
f 116/168/656 308/392/656 361/425/656
f 116/168/657 362/31/657 308/392/657
f 116/168/658 118/171/658 362/31/658
f 118/171/659 119/170/659 120/173/659
f 118/171/660 120/173/660 121/174/660
f 118/171/661 121/174/661 122/175/661
f 118/171/662 12/29/662 362/31/662
f 118/171/663 122/175/663 12/29/663
f 362/31/664 30/30/664 308/392/664
f 308/392/665 244/393/665 361/425/665
f 361/425/666 309/394/666 112/164/666
f 361/425/667 244/393/667 309/394/667
f 309/394/668 360/424/668 112/164/668
f 360/424/669 240/333/669 310/332/669
f 358/395/670 238/327/670 106/158/670
f 238/327/671 105/426/671 106/158/671
f 105/426/672 236/324/672 103/156/672
f 105/426/673 237/325/673 236/324/673
f 105/426/674 238/327/674 237/325/674
f 357/154/675 275/368/675 235/382/675
f 357/154/676 236/324/676 275/368/676
f 235/382/547 102/152/546 357/154/677
f 356/321/678 311/150/678 297/319/678
f 232/381/679 231/317/679 96/145/679
f 231/317/680 313/316/680 355/143/680
f 314/397/681 352/398/681 353/138/681
f 352/398/682 228/388/682 91/139/682
f 228/388/683 315/399/683 91/139/683
f 315/399/684 90/193/684 91/139/684
f 351/400/685 317/389/685 84/134/685
f 349/127/686 319/401/686 225/306/686
f 347/200/687 224/305/687 223/377/687
f 347/200/688 222/376/688 346/201/688
f 222/376/689 320/122/689 346/201/689
f 345/422/690 320/122/690 153/222/690
f 345/422/691 154/223/691 14/36/691
f 345/422/692 153/222/692 154/223/692
f 116/168/693 117/169/693 118/171/693
f 351/400/694 85/133/694 87/135/694
f 84/134/695 81/129/695 82/130/695
f 319/401/696 349/127/696 78/126/696
f 345/422/697 75/379/697 143/120/697
f 345/422/698 281/380/698 75/379/698
f 14/36/620 74/119/622 281/380/699
f 35/39/700 321/117/700 74/119/700
f 323/403/701 72/115/701 73/114/701
f 343/111/702 363/108/702 70/109/702
f 363/108/703 341/420/704 728/427/705
f 338/418/706 365/428/706 328/410/706
f 366/429/707 338/418/707 329/293/707
f 329/293/708 337/417/708 366/429/708
f 336/416/709 335/415/709 367/430/709
f 335/415/710 368/431/710 367/430/710
f 368/431/711 335/415/711 334/414/711
f 334/414/712 60/91/712 368/431/712
f 334/414/713 333/411/713 60/91/713
f 60/91/714 333/411/714 59/89/714
f 60/91/715 61/92/715 368/431/715
f 368/431/716 370/93/716 369/432/716
f 369/432/717 367/430/717 368/431/717
f 367/430/718 369/432/718 371/433/718
f 367/430/719 337/417/720 336/416/721
f 366/429/722 337/417/722 375/434/722
f 365/428/723 366/429/723 372/435/723
f 365/428/724 338/418/724 366/429/724
f 373/436/725 69/106/725 363/108/725
f 68/205/726 374/437/726 287/206/726
f 68/205/727 69/106/728 374/437/729
f 373/436/730 727/438/730 374/437/730
f 366/429/731 375/434/731 722/100/731
f 375/434/732 337/417/720 367/430/719
f 367/430/733 371/433/733 64/98/733
f 367/430/734 64/98/734 375/434/734
f 371/433/735 369/432/735 376/439/735
f 376/439/736 369/432/736 370/93/736
f 370/93/737 62/95/737 376/439/737
f 370/93/738 368/431/738 61/92/738
f 376/439/739 63/97/739 64/98/739
f 376/439/740 64/98/740 371/433/740
f 149/99/741 726/101/741 722/100/741
f 63/97/742 376/439/742 62/95/742
f 154/223/743 34/37/743 14/36/743
f 157/241/744 380/440/744 379/239/744
f 380/440/745 157/241/745 158/243/745
f 380/440/746 158/243/746 159/245/746
f 159/245/747 160/246/747 381/441/747
f 381/441/748 160/246/748 39/47/748
f 381/441/749 39/47/749 403/442/749
f 382/247/750 161/53/750 383/443/750
f 161/53/751 162/248/751 383/443/751
f 162/248/752 163/250/753 422/444/754
f 162/248/755 422/444/756 383/443/757
f 384/445/758 28/26/759 423/446/760
f 384/445/761 163/250/761 28/26/761
f 28/26/762 163/250/762 164/249/762
f 28/26/763 164/249/763 385/27/763
f 712/251/764 388/447/764 387/448/764
f 712/251/765 389/276/765 388/447/765
f 389/276/766 712/251/766 166/252/766
f 389/276/767 166/252/767 191/274/767
f 166/252/768 190/273/768 191/274/768
f 166/252/769 167/253/769 190/273/769
f 389/276/770 387/448/770 388/447/770
f 387/448/771 389/276/771 192/275/771
f 387/448/772 192/275/772 193/277/772
f 22/14/773 715/278/773 193/277/773
f 28/26/774 29/28/774 390/449/774
f 29/28/775 10/23/775 195/84/775
f 29/28/776 195/84/776 391/450/776
f 391/450/777 195/84/777 392/280/777
f 392/280/316 195/84/778 58/86/314
f 392/280/779 196/279/779 393/281/779
f 393/281/780 197/282/780 21/12/780
f 197/282/781 199/284/782 21/12/783
f 395/288/784 394/286/784 200/285/784
f 203/290/785 204/292/785 395/288/785
f 205/291/786 206/294/786 408/451/786
f 207/295/787 396/452/787 206/294/787
f 207/295/788 397/453/788 396/452/788
f 397/453/789 207/295/789 208/296/789
f 397/453/790 208/296/790 209/298/790
f 397/453/791 209/298/791 398/454/791
f 209/298/792 212/301/792 398/454/792
f 212/301/793 209/298/793 211/299/793
f 212/301/794 156/233/794 377/236/794
f 156/233/795 212/301/796 213/300/797
f 156/233/795 213/300/797 214/234/798
f 377/236/799 399/455/799 212/301/799
f 399/455/800 377/236/800 378/237/800
f 399/455/801 378/237/801 400/456/801
f 400/456/802 378/237/802 379/239/802
f 400/456/803 379/239/803 401/457/803
f 401/457/804 379/239/804 380/440/804
f 401/457/805 380/440/805 402/458/805
f 402/458/806 380/440/806 381/441/806
f 380/440/807 159/245/807 381/441/807
f 403/442/808 39/47/808 38/46/808
f 38/46/809 37/45/809 404/459/809
f 404/459/810 37/45/810 405/460/810
f 405/460/811 37/45/811 703/461/811
f 405/460/812 702/462/812 406/463/812
f 405/460/813 406/463/813 407/464/813
f 406/463/814 25/17/814 8/16/814
f 406/463/815 26/465/815 11/466/815
f 406/463/816 11/466/816 407/464/816
f 406/463/817 8/16/817 26/465/817
f 411/467/818 410/468/818 396/452/818
f 412/469/819 411/467/819 413/470/819
f 412/469/820 413/470/820 398/454/820
f 412/469/821 399/455/821 400/456/821
f 398/454/822 399/455/822 412/469/822
f 413/470/823 411/467/823 396/452/823
f 410/468/824 409/471/824 396/452/824
f 11/466/825 408/451/826 407/464/827
f 414/472/828 11/466/828 26/465/828
f 414/472/829 8/16/829 394/286/829
f 414/472/830 26/465/830 8/16/830
f 8/16/831 24/19/831 394/286/831
f 24/19/832 199/284/833 394/286/834
f 24/19/835 21/12/835 199/284/836
f 414/472/837 394/286/837 395/288/837
f 204/292/838 205/291/838 408/451/838
f 206/294/839 409/471/839 408/451/839
f 206/294/840 396/452/840 409/471/840
f 204/292/841 408/451/826 11/466/825
f 204/292/842 11/466/842 414/472/842
f 204/292/843 414/472/843 395/288/843
f 413/470/844 396/452/844 397/453/844
f 413/470/845 397/453/845 398/454/845
f 412/469/846 400/456/847 401/457/848
f 401/457/848 415/473/849 412/469/846
f 401/457/850 403/442/850 415/473/850
f 401/457/851 402/458/851 403/442/851
f 403/442/852 402/458/852 381/441/852
f 415/473/853 403/442/854 38/46/855
f 407/464/856 409/471/856 405/460/856
f 409/471/857 407/464/857 408/451/857
f 409/471/858 404/459/858 405/460/858
f 409/471/859 410/468/859 404/459/859
f 411/467/860 412/469/860 415/473/860
f 411/467/861 415/473/861 410/468/861
f 410/468/862 38/46/862 404/459/862
f 410/468/863 415/473/853 38/46/855
f 406/463/864 416/474/864 25/17/864
f 406/463/865 702/462/865 416/474/865
f 702/462/866 405/460/866 703/461/866
f 37/45/867 418/475/868 417/476/869
f 37/45/867 417/476/869 703/461/870
f 37/45/871 704/44/871 418/475/871
f 704/44/872 419/477/872 454/478/872
f 704/44/873 454/478/873 418/475/873
f 419/477/874 420/479/874 454/478/874
f 705/480/875 39/47/234 42/51/233
f 705/480/876 704/44/876 39/47/876
f 705/480/877 42/51/877 382/247/877
f 422/444/878 384/445/758 423/446/760
f 422/444/879 163/250/880 384/445/881
f 390/449/882 431/481/882 423/446/882
f 390/449/883 423/446/883 28/26/883
f 390/449/884 391/450/884 424/11/884
f 390/449/885 29/28/885 391/450/885
f 424/11/886 391/450/886 392/280/886
f 424/11/887 393/281/887 21/12/887
f 424/11/888 392/280/888 393/281/888
f 424/11/889 431/481/889 390/449/889
f 6/10/890 425/482/890 424/11/890
f 6/10/891 700/483/891 425/482/891
f 6/10/892 426/18/892 700/483/892
f 25/17/893 701/484/893 426/18/893
f 702/462/894 427/485/895 416/474/896
f 702/462/897 434/486/898 427/485/899
f 702/462/900 417/476/900 434/486/900
f 702/462/901 703/461/901 417/476/901
f 420/479/902 421/487/902 428/488/902
f 420/479/903 419/477/903 421/487/903
f 421/487/904 706/489/904 438/490/904
f 706/489/905 444/491/905 438/490/905
f 706/489/906 429/492/906 444/491/906
f 707/493/907 422/444/908 423/446/909
f 423/446/910 431/481/910 699/494/910
f 423/446/911 699/494/911 707/493/911
f 431/481/912 424/11/912 425/482/912
f 431/481/913 425/482/913 699/494/913
f 700/483/914 426/18/914 701/484/914
f 701/484/915 432/495/915 700/483/915
f 701/484/916 25/17/916 433/496/916
f 701/484/917 433/496/917 432/495/917
f 433/496/918 25/17/918 416/474/918
f 433/496/919 416/474/920 427/485/921
f 434/486/922 417/476/922 435/497/922
f 435/497/923 417/476/924 418/475/925
f 435/497/923 418/475/925 436/498/926
f 418/475/927 454/478/927 436/498/927
f 454/478/928 420/479/928 437/499/928
f 437/499/929 420/479/929 428/488/929
f 438/490/930 428/488/930 421/487/930
f 440/500/931 441/501/931 439/502/931
f 440/500/932 700/483/932 441/501/932
f 432/495/933 448/503/933 447/504/933
f 432/495/934 447/504/934 700/483/934
f 427/485/935 449/505/936 433/496/935
f 427/485/937 434/486/938 442/506/939
f 427/485/937 442/506/939 449/505/940
f 442/506/941 434/486/941 435/497/941
f 428/488/942 438/490/942 443/507/942
f 438/490/943 444/491/944 443/507/945
f 444/491/946 429/492/946 451/508/947
f 451/508/948 429/492/948 430/509/948
f 451/508/949 430/509/949 445/510/949
f 445/510/950 430/509/950 439/502/950
f 445/510/951 439/502/952 446/511/952
f 441/501/953 700/483/953 447/504/953
f 433/496/954 452/512/954 455/513/954
f 433/496/955 455/513/955 432/495/955
f 433/496/956 449/505/956 452/512/956
f 437/499/957 428/488/957 450/514/957
f 428/488/958 443/507/958 450/514/958
f 448/503/959 455/513/959 462/515/959
f 448/503/960 432/495/960 455/513/960
f 449/505/961 442/506/961 453/516/961
f 453/516/962 442/506/962 457/517/962
f 457/517/963 435/497/963 458/518/963
f 457/517/964 442/506/964 435/497/964
f 435/497/965 436/498/965 458/518/965
f 454/478/966 437/499/966 475/519/966
f 437/499/967 450/514/967 475/519/967
f 447/504/968 448/503/968 462/515/968
f 436/498/969 459/520/969 458/518/969
f 436/498/970 454/478/970 459/520/970
f 454/478/971 475/519/971 459/520/971
f 443/507/945 444/491/944 467/521/972
f 467/521/973 444/491/973 451/508/973
f 467/521/974 451/508/975 456/522/974
f 451/508/976 445/510/977 468/523/978
f 451/508/976 468/523/978 456/522/979
f 447/504/980 460/524/980 446/511/980
f 462/515/981 461/525/981 447/504/981
f 452/512/982 449/505/982 453/516/982
f 450/514/983 443/507/983 467/521/983
f 460/524/984 468/523/984 445/510/984
f 460/524/985 445/510/986 446/511/985
f 460/524/987 447/504/987 461/525/987
f 462/515/988 455/513/988 463/526/988
f 452/512/989 453/516/989 476/527/989
f 461/525/990 462/515/990 463/526/990
f 463/526/991 455/513/991 464/528/991
f 464/528/992 455/513/992 452/512/992
f 457/517/993 458/518/993 477/529/993
f 458/518/994 459/520/995 465/530/996
f 465/530/997 459/520/997 475/519/997
f 475/519/998 450/514/998 466/531/998
f 466/531/999 450/514/999 467/521/999
f 464/528/1000 452/512/1000 476/527/1000
f 476/527/1001 453/516/1001 469/532/1001
f 453/516/1002 457/517/1002 477/529/1002
f 477/529/1003 458/518/1003 478/533/1003
f 478/533/1004 458/518/994 465/530/996
f 466/531/1005 467/521/1005 470/534/1005
f 467/521/1006 456/522/1006 470/534/1006
f 456/522/979 468/523/978 471/535/1007
f 468/523/1008 460/524/1009 472/536/1010
f 468/523/1008 472/536/1010 471/535/1011
f 472/536/1012 461/525/1012 473/537/1012
f 472/536/1013 460/524/1013 461/525/1013
f 473/537/1014 463/526/1015 474/538/1016
f 473/537/1014 461/525/1017 463/526/1015
f 464/528/1018 474/538/1018 463/526/1018
f 469/532/1019 453/516/1019 477/529/1019
f 474/538/1020 464/528/1020 476/527/1020
f 487/539/1021 476/527/1021 469/532/1021
f 478/533/1022 465/530/1022 479/540/1022
f 465/530/1023 475/519/1023 479/540/1023
f 475/519/1024 466/531/1025 479/540/1026
f 472/536/1027 480/541/1027 471/535/1027
f 474/538/1028 476/527/1028 487/539/1028
f 487/539/1029 469/532/1029 482/542/1029
f 482/542/1030 469/532/1030 483/543/1030
f 483/543/1031 469/532/1031 477/529/1031
f 484/544/1032 456/522/1032 485/545/1032
f 484/544/1033 470/534/1033 456/522/1033
f 485/545/1034 456/522/1034 471/535/1034
f 485/545/1035 471/535/1035 480/541/1035
f 472/536/1036 473/537/1036 486/546/1036
f 473/537/1037 474/538/1037 486/546/1037
f 486/546/1038 474/538/1038 481/547/1038
f 481/547/1039 474/538/1039 487/539/1039
f 483/543/1040 477/529/1040 478/533/1040
f 478/533/1041 479/540/1041 492/548/1041
f 479/540/1026 466/531/1025 488/549/1042
f 466/531/1043 470/534/1043 489/550/1043
f 466/531/1044 489/550/1044 488/549/1044
f 470/534/1045 484/544/1045 489/550/1045
f 480/541/1046 472/536/1047 490/551/1048
f 490/551/1049 472/536/1049 486/546/1049
f 479/540/1050 493/552/1050 492/548/1051
f 493/552/1052 479/540/1052 488/549/1052
f 485/545/1053 489/550/1053 484/544/1054
f 491/553/1055 487/539/1055 482/542/1055
f 483/543/1056 478/533/1056 496/554/1056
f 478/533/1057 492/548/1057 496/554/1057
f 489/550/1058 485/545/1058 494/555/1058
f 485/545/1059 480/541/1059 494/555/1059
f 490/551/1060 486/546/1061 709/556/1061
f 481/547/1062 487/539/1062 491/553/1062
f 491/553/1063 482/542/1063 495/557/1063
f 495/557/1064 482/542/1064 483/543/1064
f 495/557/1065 483/543/1065 711/558/1065
f 711/558/1066 483/543/1066 496/554/1066
f 494/555/1067 480/541/1046 490/551/1048
f 709/556/1068 486/546/1068 497/559/1068
f 497/559/1069 486/546/1069 481/547/1069
f 497/559/1070 481/547/1070 491/553/1070
f 447/504/1071 446/511/1071 439/502/1071
f 447/504/1072 439/502/1072 441/501/1072
f 399/455/1073 398/454/1073 212/301/1073
f 190/273/1074 167/253/1074 45/60/1074
f 178/261/1075 27/21/1075 9/20/1075
f 175/15/1076 55/8/1076 4/7/1076
f 55/8/1077 175/15/1077 174/258/1077
f 55/8/1078 174/258/1078 54/77/1078
f 172/256/1079 5/267/1079 51/72/1079
f 261/185/1080 130/183/1080 113/165/1080
f 22/14/1081 9/20/1081 175/15/1081
f 426/18/1082 6/10/1082 21/12/1082
f 426/18/1083 21/12/1083 24/19/1083
f 501/560/1084 502/561/1084 500/562/1084
f 502/561/1085 503/563/1085 710/564/1085
f 503/563/1086 612/565/1086 710/564/1086
f 612/565/1087 504/566/1087 710/564/1087
f 614/567/1088 505/568/1088 504/566/1088
f 510/569/1089 528/570/1089 509/571/1089
f 506/572/1090 511/573/1090 510/569/1090
f 516/574/1091 515/575/1091 514/576/1091
f 519/577/1092 514/576/1092 521/578/1092
f 519/577/1093 521/578/1093 525/579/1093
f 514/576/1094 518/580/1094 524/581/1094
f 518/580/1095 517/582/1095 539/583/1095
f 536/584/1096 522/585/1096 525/579/1096
f 530/586/1097 512/587/1097 529/588/1097
f 623/589/1098 530/586/1098 526/590/1098
f 534/591/1099 531/592/1099 526/590/1099
f 534/591/1100 526/590/1100 533/593/1100
f 536/584/1101 535/594/1102 534/591/1101
f 534/591/1103 537/595/1104 531/592/1104
f 537/595/1105 538/596/1105 532/597/1105
f 530/586/1106 529/588/1106 540/598/1106
f 542/599/1107 541/600/1107 621/601/1107
f 544/602/1108 548/603/1108 538/596/1108
f 552/604/1109 554/605/1109 546/606/1109
f 549/607/1110 553/608/1110 547/609/1110
f 532/597/1111 558/610/1112 557/611/1113
f 561/612/1114 560/613/1114 524/581/1114
f 561/612/1115 524/581/1115 559/614/1115
f 565/615/1116 564/616/1116 563/617/1116
f 542/599/1117 565/615/1117 563/617/1117
f 542/599/1118 563/617/1118 541/600/1118
f 566/618/1119 565/615/1119 575/619/1119
f 571/620/1120 582/621/1120 567/622/1120
f 568/623/1121 575/619/1121 576/624/1121
f 576/624/1122 577/625/1122 574/626/1122
f 577/625/1123 573/627/1123 574/626/1123
f 560/613/1124 561/612/1124 581/628/1124
f 556/629/1125 562/630/1125 564/616/1125
f 533/593/1126 526/590/1126 579/631/1126
f 526/590/1127 530/586/1127 579/631/1127
f 586/632/1128 585/633/1128 588/634/1128
f 589/635/1129 590/636/1129 498/637/1129
f 590/636/1130 499/638/1130 498/637/1130
f 559/614/1131 578/639/1131 591/640/1131
f 561/612/1132 559/614/1132 591/640/1132
f 592/641/1133 561/612/1134 606/642/1135
f 601/643/1136 609/644/1136 608/645/1136
f 605/646/1137 609/644/1137 627/647/1137
f 561/612/1138 591/640/1138 606/642/1138
f 591/640/1139 611/648/1139 603/649/1139
f 587/650/1140 588/634/1140 585/633/1140
f 609/644/1141 613/651/1141 588/634/1141
f 609/644/1142 588/634/1142 608/645/1142
f 591/640/1143 603/649/1143 606/642/1143
f 592/641/1144 606/642/1144 607/652/1144
f 587/650/1145 592/641/1145 607/652/1145
f 587/650/1146 607/652/1147 608/645/1148
f 588/634/1149 587/650/1149 608/645/1149
f 588/634/1150 613/651/1150 586/632/1150
f 605/646/1151 610/653/1151 614/567/1151
f 504/566/1152 615/654/1152 614/567/1152
f 614/567/1153 589/635/1153 498/637/1153
f 614/567/1154 498/637/1154 505/568/1154
f 614/567/1155 615/654/1155 605/646/1155
f 605/646/1156 615/654/1156 613/651/1156
f 611/648/1157 614/567/1157 610/653/1157
f 614/567/1158 611/648/1158 591/640/1158
f 590/636/1159 591/640/1159 578/639/1159
f 578/639/1160 579/631/1161 590/636/1160
f 567/622/1162 582/621/1162 616/655/1162
f 584/656/1163 616/655/1163 582/621/1163
f 500/562/1164 708/657/1164 620/658/1164
f 584/656/1165 501/560/1165 616/655/1165
f 618/659/1166 617/660/1167 501/560/1168
f 618/659/1166 501/560/1168 584/656/1169
f 619/661/1170 617/660/1170 618/659/1170
f 620/658/1171 567/622/1171 616/655/1171
f 500/562/1172 620/658/1172 616/655/1172
f 620/658/1173 708/657/1173 499/638/1173
f 499/638/1174 590/636/1174 620/658/1174
f 617/660/1175 619/661/1175 585/633/1175
f 501/560/1176 500/562/1176 616/655/1176
f 586/632/1177 617/660/1177 585/633/1177
f 501/560/1178 503/563/1178 502/561/1178
f 584/656/1179 543/662/1179 618/659/1179
f 612/565/1180 503/563/1180 617/660/1180
f 613/651/1181 615/654/1181 612/565/1182
f 612/565/1183 615/654/1183 504/566/1183
f 586/632/1184 612/565/1184 617/660/1184
f 613/651/1185 612/565/1185 586/632/1185
f 614/567/1186 591/640/1186 589/635/1186
f 590/636/1187 589/635/1187 591/640/1187
f 529/588/1188 532/597/1188 557/611/1188
f 579/631/1189 530/586/1189 540/598/1189
f 564/616/1190 567/622/1190 583/663/1190
f 583/663/1191 580/664/1191 556/629/1191
f 567/622/1192 620/658/1192 583/663/1192
f 583/663/1193 620/658/1193 580/664/1193
f 590/636/1194 579/631/1194 540/598/1194
f 580/664/1195 590/636/1195 540/598/1195
f 590/636/1196 580/664/1196 620/658/1196
f 621/601/1197 538/596/1198 537/595/1199
f 585/633/1200 619/661/1200 621/601/1200
f 587/650/1201 585/633/1201 621/601/1201
f 587/650/1202 621/601/1202 535/594/1202
f 543/662/1203 571/620/1203 572/665/1203
f 568/623/1204 571/620/1204 566/618/1204
f 542/599/1205 570/666/1205 565/615/1205
f 566/618/1206 575/619/1206 568/623/1206
f 546/606/1207 555/667/1207 558/610/1207
f 541/600/1208 563/617/1208 549/607/1208
f 528/570/1209 510/569/1209 527/668/1209
f 511/573/1210 527/668/1210 510/569/1210
f 511/573/1211 508/669/1211 623/589/1211
f 508/669/1212 513/670/1212 512/587/1212
f 624/671/1213 527/668/1214 526/590/1213
f 528/570/1215 625/672/1215 509/571/1215
f 518/580/1216 539/583/1216 559/614/1216
f 520/673/1217 522/585/1217 523/674/1217
f 514/576/1218 519/577/1218 516/574/1218
f 539/583/1219 517/582/1219 523/674/1220
f 521/578/1221 524/581/1222 560/613/1223
f 532/597/1224 625/672/1224 537/595/1224
f 625/672/1225 624/671/1225 537/595/1225
f 569/675/1226 572/665/1226 574/626/1226
f 568/623/1227 576/624/1227 571/620/1227
f 575/619/1228 570/666/1228 573/627/1228
f 538/596/1229 548/603/1229 558/610/1229
f 507/676/1230 509/571/1230 513/670/1230
f 511/573/1231 526/590/1232 527/668/1231
f 626/677/1233 601/643/1233 600/678/1233
f 627/647/1234 601/643/1234 626/677/1234
f 598/679/1235 602/680/1235 627/647/1235
f 599/681/1236 602/680/1236 598/679/1236
f 594/682/1237 595/683/1237 599/681/1237
f 601/643/1238 608/645/1238 600/678/1238
f 602/680/1239 611/648/1239 610/653/1239
f 619/661/1240 622/684/1240 621/601/1240
f 622/684/1241 619/661/1241 618/659/1241
f 543/662/1242 622/684/1242 618/659/1242
f 581/628/1243 587/650/1243 535/594/1243
f 554/605/1244 553/608/1244 550/685/1244
f 550/685/1245 545/686/1245 551/687/1245
f 551/687/1246 554/605/1246 550/685/1246
f 553/608/1247 549/607/1247 550/685/1247
f 552/604/1248 548/603/1248 547/609/1248
f 576/624/1249 575/619/1249 577/625/1249
f 577/625/1250 575/619/1250 573/627/1250
f 508/669/1251 507/676/1251 513/670/1251
f 506/572/1252 510/569/1252 507/676/1252
f 508/669/1253 506/572/1253 507/676/1253
f 516/574/1254 517/582/1254 515/575/1254
f 516/574/1255 519/577/1255 520/673/1255
f 517/582/1256 518/580/1256 515/575/1256
f 518/580/1257 514/576/1257 515/575/1257
f 530/586/1258 623/589/1258 512/587/1258
f 512/587/1259 623/589/1259 508/669/1259
f 512/587/1260 513/670/1260 529/588/1260
f 537/595/1261 624/671/1261 531/592/1261
f 527/668/1262 624/671/1262 625/672/1262
f 527/668/1263 625/672/1263 528/570/1263
f 534/591/1264 535/594/1264 621/601/1264
f 534/591/1265 621/601/1265 537/595/1265
f 511/573/1266 623/589/1266 526/590/1266
f 557/611/1267 580/664/1268 529/588/1267
f 513/670/1269 509/571/1269 532/597/1269
f 513/670/1270 532/597/1270 529/588/1270
f 532/597/1271 538/596/1271 558/610/1271
f 532/597/1272 509/571/1273 625/672/1273
f 533/593/1274 523/674/1274 522/585/1274
f 531/592/1275 624/671/1275 526/590/1275
f 533/593/1276 522/585/1276 534/591/1276
f 549/607/1277 563/617/1277 550/685/1277
f 575/619/1278 565/615/1278 570/666/1278
f 545/686/1279 562/630/1279 551/687/1279
f 562/630/1280 555/667/1280 546/606/1280
f 551/687/1281 562/630/1281 546/606/1281
f 551/687/1282 546/606/1282 554/605/1282
f 524/581/1283 518/580/1283 559/614/1283
f 543/662/1284 542/599/1284 622/684/1284
f 560/613/1285 535/594/1285 536/584/1285
f 525/579/1286 560/613/1286 536/584/1286
f 525/579/1287 522/585/1287 519/577/1287
f 543/662/1288 569/675/1288 542/599/1288
f 536/584/1289 534/591/1289 522/585/1289
f 522/585/1290 520/673/1290 519/577/1290
f 542/599/1291 569/675/1292 570/666/1293
f 570/666/1294 569/675/1294 574/626/1294
f 570/666/1295 574/626/1295 573/627/1295
f 548/603/1296 549/607/1296 547/609/1296
f 538/596/1297 541/600/1297 544/602/1297
f 548/603/1298 544/602/1298 549/607/1298
f 544/602/1299 541/600/1299 549/607/1299
f 558/610/1300 548/603/1300 546/606/1300
f 545/686/1301 550/685/1301 563/617/1301
f 546/606/1302 548/603/1302 552/604/1302
f 562/630/1303 563/617/1303 564/616/1303
f 580/664/1304 557/611/1304 555/667/1304
f 580/664/1305 555/667/1305 556/629/1305
f 564/616/1306 583/663/1306 556/629/1306
f 557/611/1113 558/610/1112 555/667/1307
f 563/617/1308 562/630/1308 545/686/1308
f 539/583/1309 533/593/1309 579/631/1309
f 539/583/1310 579/631/1311 578/639/1312
f 533/593/1313 539/583/1313 523/674/1313
f 521/578/1221 514/576/1314 524/581/1222
f 592/641/1315 581/628/1315 561/612/1315
f 604/688/1316 600/678/1316 607/652/1316
f 609/644/1317 601/643/1318 627/647/1317
f 560/613/1319 525/579/1319 521/578/1319
f 596/689/1320 626/677/1320 600/678/1320
f 600/678/1321 604/688/1321 596/689/1321
f 604/688/1322 607/652/1322 606/642/1322
f 595/683/1323 596/689/1323 604/688/1323
f 605/646/1324 602/680/1325 610/653/1326
f 597/690/1327 595/683/1327 594/682/1327
f 605/646/1324 627/647/1328 602/680/1325
f 602/680/1329 599/681/1329 603/649/1329
f 611/648/1330 602/680/1330 603/649/1330
f 598/679/1331 593/691/1331 597/690/1331
f 598/679/1332 597/690/1332 594/682/1332
f 599/681/1333 598/679/1333 594/682/1333
f 599/681/1334 595/683/1334 604/688/1334
f 599/681/1335 604/688/1335 603/649/1335
f 608/645/1336 607/652/1336 600/678/1336
f 555/667/1337 562/630/1337 556/629/1337
f 571/620/1338 567/622/1339 566/618/1340
f 571/620/1341 543/662/1341 582/621/1341
f 571/620/1342 576/624/1342 572/665/1342
f 501/560/1343 617/660/1343 503/563/1343
f 572/665/1344 576/624/1344 574/626/1344
f 572/665/1345 569/675/1345 543/662/1345
f 538/596/1198 621/601/1197 541/600/1346
f 542/599/1347 621/601/1347 622/684/1347
f 529/588/1348 580/664/1348 540/598/1348
f 578/639/1349 559/614/1349 539/583/1349
f 582/621/1350 543/662/1350 584/656/1350
f 566/618/1351 564/616/1351 565/615/1351
f 567/622/1339 564/616/1352 566/618/1340
f 592/641/1353 587/650/1354 581/628/1354
f 560/613/1355 581/628/1355 535/594/1355
f 604/688/1356 606/642/1356 603/649/1356
f 605/646/1357 613/651/1357 609/644/1357
f 511/573/1358 506/572/1358 508/669/1358
f 507/676/1359 510/569/1359 509/571/1359
f 523/674/1360 517/582/1360 516/574/1360
f 516/574/1361 520/673/1361 523/674/1361
f 547/609/1362 553/608/1362 554/605/1362
f 554/605/1363 552/604/1363 547/609/1363
f 595/683/1364 597/690/1364 596/689/1364
f 593/691/1365 598/679/1365 627/647/1365
f 597/690/1366 626/677/1366 596/689/1366
f 626/677/1367 597/690/1367 593/691/1367
f 627/647/1368 626/677/1368 593/691/1368
f 628/692/1369 629/693/1369 635/694/1369
f 630/695/1370 641/696/1370 628/692/1370
f 631/697/1371 643/698/1371 657/699/1371
f 633/700/1372 634/701/1372 644/702/1372
f 127/179/1373 647/703/1373 648/390/1373
f 650/391/1374 648/390/1374 651/704/1374
f 650/391/1375 642/705/1375 652/706/1375
f 650/391/1376 651/704/1376 642/705/1376
f 642/705/1377 657/699/1377 643/698/1377
f 643/698/1378 652/706/1378 642/705/1378
f 634/701/1379 258/356/1380 632/707/1381
f 634/701/1382 633/700/1382 256/354/1382
f 633/700/1383 655/181/1383 256/354/1383
f 633/700/1384 656/708/1384 655/181/1384
f 637/709/1385 629/693/1385 628/692/1385
f 637/709/1386 628/692/1386 641/696/1386
f 641/696/1387 630/695/1387 649/710/1387
f 630/695/1388 651/704/1388 648/390/1388
f 630/695/1389 648/390/1389 649/710/1389
f 651/704/1390 630/695/1390 639/711/1390
f 651/704/1391 639/711/1391 640/712/1391
f 640/712/1392 642/705/1392 651/704/1392
f 649/710/1393 648/390/1393 641/696/1393
f 641/696/1394 648/390/1394 647/703/1394
f 647/703/1395 126/178/1395 656/708/1395
f 647/703/1396 656/708/1396 641/696/1396
f 647/703/1397 127/179/1397 126/178/1397
f 653/713/1398 632/707/1381 258/356/1380
f 258/356/1399 255/360/1399 653/713/1399
f 258/356/1380 634/701/1379 256/354/1400
f 124/180/1401 256/354/1401 655/181/1401
f 126/178/1402 655/181/1402 656/708/1402
f 641/696/1403 656/708/1403 637/709/1403
f 637/709/1404 656/708/1404 646/714/1404
f 637/709/1405 646/714/1405 638/715/1405
f 646/714/1406 645/716/1406 638/715/1406
f 638/715/1407 636/717/1407 635/694/1407
f 635/694/1408 629/693/1408 637/709/1408
f 635/694/1409 637/709/1409 638/715/1409
f 634/701/1410 632/707/1410 644/702/1410
f 659/718/1411 643/698/1411 658/719/1411
f 643/698/1412 631/697/1412 658/719/1412
f 660/720/1413 662/721/1413 661/722/1413
f 662/721/1414 659/718/1414 658/719/1414
f 658/719/1415 661/722/1415 662/721/1415
f 662/721/1416 660/720/1416 663/352/1416
f 659/718/1417 662/721/1417 663/352/1417
f 663/352/1418 660/720/1418 664/723/1418
f 665/724/1419 666/725/1419 664/723/1419
f 666/725/1420 665/724/1420 253/353/1420
f 666/725/1421 663/352/1421 664/723/1421
f 253/353/1422 665/724/1422 254/387/1422
f 643/698/1423 659/718/1423 652/706/1423
f 666/725/1424 253/353/1424 663/352/1424
f 652/706/1425 659/718/1425 251/349/1425
f 251/349/1426 659/718/1426 663/352/1426
f 650/391/1427 652/706/1427 251/349/1427
f 667/726/1428 639/711/1428 630/695/1428
f 640/712/1429 639/711/1429 667/726/1429
f 642/705/1430 640/712/1430 667/726/1430
f 668/727/1431 658/719/1431 631/697/1431
f 658/719/1432 668/727/1432 661/722/1432
f 664/723/1433 660/720/1433 673/728/1433
f 664/723/1434 673/728/1434 665/724/1434
f 254/387/1435 665/724/1435 674/729/1435
f 669/730/1436 670/731/1436 667/726/1436
f 669/730/1437 667/726/1437 630/695/1437
f 667/726/1438 671/732/1438 642/705/1438
f 672/733/1439 657/699/1439 642/705/1439
f 672/733/1440 642/705/1440 671/732/1440
f 654/734/1441 668/727/1441 672/733/1441
f 674/729/1442 665/724/1442 673/728/1442
f 654/734/1443 673/728/1443 668/727/1443
f 673/728/1444 660/720/1444 661/722/1444
f 673/728/1445 661/722/1445 668/727/1445
f 632/707/1446 653/713/1446 654/734/1446
f 671/732/1447 654/734/1447 672/733/1447
f 672/733/1448 631/697/1449 657/699/1450
f 672/733/1448 668/727/1451 631/697/1449
f 674/729/1452 673/728/1452 653/713/1452
f 674/729/1453 653/713/1453 254/387/1453
f 653/713/1454 255/360/1454 254/387/1454
f 673/728/1455 654/734/1455 653/713/1455
f 654/734/1456 671/732/1456 632/707/1456
f 635/694/1457 636/717/1457 628/692/1457
f 630/695/1458 628/692/1458 636/717/1458
f 645/716/1459 644/702/1459 669/730/1459
f 644/702/1460 632/707/1460 669/730/1460
f 632/707/1461 671/732/1461 669/730/1461
f 669/730/1462 671/732/1462 670/731/1462
f 671/732/1463 667/726/1463 670/731/1463
f 644/702/1464 645/716/1464 646/714/1464
f 644/702/1465 646/714/1465 633/700/1465
f 636/717/1466 669/730/1466 630/695/1466
f 645/716/1467 669/730/1467 636/717/1467
f 645/716/1468 636/717/1468 638/715/1468
f 633/700/1469 646/714/1469 656/708/1469
f 705/480/1470 421/487/1470 419/477/1470
f 705/480/1471 706/489/1471 421/487/1471
f 422/444/1472 707/493/1473 706/489/1474
f 439/502/1475 430/509/1476 707/493/1477
f 700/483/1478 440/500/1478 699/494/1478
f 440/500/1479 439/502/1479 699/494/1479
f 705/480/1480 382/247/1480 383/443/1480
f 706/489/1481 705/480/1481 383/443/1481
f 706/489/1482 383/443/1482 422/444/1483
f 425/482/1484 700/483/1484 699/494/1484
f 419/477/1485 704/44/1485 705/480/1485
f 706/489/1486 707/493/1486 430/509/1486
f 706/489/1487 430/509/1487 429/492/1487
f 707/493/1488 699/494/1488 439/502/1488
f 497/559/1489 491/553/1489 495/557/1489
f 499/638/1490 708/657/1490 709/556/1490
f 499/638/1491 709/556/1491 498/637/1491
f 502/561/1492 708/657/1492 500/562/1492
f 711/558/1493 710/564/1494 504/566/1495
f 711/558/1496 504/566/1497 505/568/1498
f 709/556/1499 711/558/1499 505/568/1499
f 498/637/1500 709/556/1500 505/568/1500
f 709/556/1501 708/657/1502 490/551/1502
f 490/551/1048 708/657/1503 494/555/1067
f 708/657/1504 502/561/1504 489/550/1504
f 708/657/1505 489/550/1505 494/555/1505
f 502/561/1506 488/549/1506 489/550/1506
f 502/561/1507 710/564/1507 493/552/1507
f 502/561/1508 493/552/1508 488/549/1508
f 710/564/1509 492/548/1510 493/552/1509
f 710/564/1511 496/554/1511 492/548/1511
f 710/564/1512 711/558/1512 496/554/1512
f 711/558/1513 709/556/1513 497/559/1513
f 711/558/1514 497/559/1514 495/557/1514
f 40/50/1515 165/57/1515 712/251/1515
f 713/54/1516 165/57/1516 40/50/1516
f 713/54/1517 922/244/1517 675/55/1517
f 713/54/1518 41/49/1518 922/244/1518
f 164/249/1519 387/448/1520 385/27/1521
f 43/52/1522 712/251/1522 164/249/1522
f 712/251/1523 387/448/1523 164/249/1523
f 40/50/1524 712/251/1524 43/52/1524
f 57/83/1525 10/23/1525 194/25/1525
f 385/27/1526 387/448/1526 386/24/1526
f 796/81/1527 194/25/1527 56/80/1527
f 194/25/1528 715/278/1528 56/80/1528
f 194/25/1529 386/24/1529 715/278/1529
f 715/278/1530 386/24/1530 193/277/1530
f 193/277/1531 386/24/1531 387/448/1531
f 165/57/1532 713/54/1532 675/55/1532
f 724/211/1533 723/212/1533 716/214/1533
f 716/214/1534 292/373/1534 725/735/1534
f 147/103/1535 65/105/1535 148/736/1535
f 66/104/1536 67/207/1536 65/105/1536
f 373/436/1537 363/108/1537 728/427/1537
f 717/102/1538 727/438/1538 718/737/1538
f 719/738/1539 728/427/1539 720/739/1539
f 720/739/1540 728/427/1540 364/740/1540
f 340/408/1541 327/407/1541 211/299/1541
f 720/739/1542 721/409/1542 339/419/1542
f 339/419/1543 328/410/1543 719/738/1543
f 372/435/1544 717/102/1544 718/737/1544
f 722/100/1545 717/102/1545 372/435/1545
f 64/98/1546 149/99/1546 375/434/1546
f 155/231/1547 687/228/1547 698/232/1547
f 155/231/1548 698/232/1548 214/234/1548
f 327/407/1549 155/231/1549 214/234/1549
f 327/407/1550 214/234/1550 213/300/1550
f 718/737/1551 719/738/1551 328/410/1551
f 718/737/1552 328/410/1552 365/428/1552
f 372/435/1553 718/737/1553 365/428/1553
f 211/299/1554 721/409/1554 340/408/1554
f 366/429/1555 722/100/1555 372/435/1555
f 364/740/1556 340/408/1556 721/409/1556
f 720/739/1557 364/740/1557 721/409/1557
f 339/419/1558 719/738/1558 720/739/1558
f 722/100/1559 375/434/1559 149/99/1559
f 292/373/1560 148/736/1560 725/735/1560
f 147/103/1561 290/209/1561 66/104/1561
f 697/226/1562 216/230/1562 217/227/1562
f 218/304/1563 217/227/1563 216/230/1563
f 216/230/1564 326/406/1564 325/405/1564
f 343/111/1565 342/421/1565 363/108/1565
f 326/406/1566 342/421/1566 325/405/1566
f 291/210/1567 147/103/1567 148/736/1567
f 292/373/1568 291/210/1568 148/736/1568
f 363/108/703 342/421/1569 341/420/704
f 67/207/1570 287/206/1570 374/437/1570
f 151/213/1571 292/373/1571 716/214/1571
f 326/406/1572 341/420/1572 342/421/1572
f 373/436/1573 374/437/729 69/106/728
f 215/303/1574 730/229/1574 729/302/1574
f 341/420/1575 729/302/1575 364/740/1575
f 724/211/1576 716/214/1576 725/735/1576
f 725/735/1577 148/736/1577 726/101/1577
f 148/736/1578 65/105/1578 726/101/1578
f 65/105/1579 717/102/1579 726/101/1579
f 65/105/1580 727/438/1580 717/102/1580
f 727/438/1581 373/436/1581 728/427/1581
f 150/3/1582 725/735/1582 149/99/1582
f 340/408/1583 364/740/1583 729/302/1583
f 724/211/1584 725/735/1584 150/3/1584
f 725/735/1585 726/101/1585 149/99/1585
f 719/738/1586 727/438/1586 728/427/1586
f 727/438/1587 719/738/1587 718/737/1587
f 364/740/1588 728/427/1588 341/420/1588
f 67/207/1589 727/438/1589 65/105/1589
f 727/438/1590 67/207/1590 374/437/1590
f 107/159/1591 106/158/1591 732/157/1591
f 132/362/1592 131/187/1592 104/155/1592
f 244/393/1593 245/341/1593 733/338/1593
f 244/393/1594 733/338/1594 243/340/1594
f 731/384/1595 246/343/1595 304/386/1595
f 733/338/1596 245/341/1596 303/383/1596
f 110/162/1597 359/423/1597 109/161/1597
f 103/156/1598 104/155/1598 105/426/1598
f 240/333/1599 360/424/1599 241/335/1599
f 734/741/1600 735/742/1600 736/2/1600
f 737/743/1601 1060/744/1601 738/745/1601
f 740/746/1602 748/747/1602 793/748/1602
f 743/749/1603 744/750/1604 1182/751/1605
f 745/752/1606 747/753/1606 746/754/1606
f 745/752/1607 740/746/1607 747/753/1607
f 745/752/1608 748/747/1608 740/746/1608
f 749/755/1609 751/756/1610 1185/757/1611
f 749/755/1612 1185/757/1613 750/758/1613
f 753/759/1614 940/760/1614 754/761/1614
f 753/759/1615 747/753/1615 940/760/1615
f 755/762/1616 797/763/1616 756/764/1616
f 755/762/1617 756/764/1617 930/765/1617
f 755/762/1618 930/765/1618 757/766/1618
f 755/762/1619 757/766/1619 758/767/1619
f 760/768/1620 1121/769/1620 1074/770/1620
f 761/771/1621 763/772/1621 762/773/1621
f 761/771/1622 762/773/1622 764/774/1622
f 765/775/1623 766/776/1624 768/777/1625
f 765/775/1623 768/777/1625 767/778/1626
f 769/779/1627 947/780/1627 946/781/1627
f 769/779/1628 934/782/1628 947/780/1628
f 771/783/1629 772/784/1629 1173/785/1629
f 771/783/1630 773/786/1630 772/784/1630
f 774/787/1631 776/788/1631 775/789/1631
f 774/787/1632 777/790/1632 776/788/1632
f 776/788/1633 926/791/1633 778/792/1633
f 776/788/1634 779/793/1634 775/789/1634
f 675/55/1635 781/794/1635 780/795/1635
f 675/55/1636 780/795/1636 691/58/1636
f 691/58/1637 780/795/1637 782/796/1637
f 691/58/1638 782/796/1638 676/59/1638
f 676/59/1639 782/796/1639 783/797/1639
f 676/59/1640 783/797/1640 677/61/1640
f 677/61/1641 783/797/1641 784/798/1641
f 677/61/1642 784/798/1642 678/63/1642
f 678/63/1643 784/798/1643 785/799/1643
f 678/63/1644 785/799/1644 679/65/1644
f 679/65/1645 785/799/1645 786/800/1645
f 679/65/1646 786/800/1646 787/801/1646
f 679/65/1647 787/801/1647 680/68/1647
f 680/68/1648 787/801/1648 788/802/1648
f 680/68/1649 788/802/1649 789/803/1649
f 680/68/1650 789/803/1650 681/71/1650
f 681/71/1651 789/803/1651 682/73/1651
f 682/73/1652 789/803/1652 790/804/1652
f 682/73/1653 790/804/1653 791/805/1653
f 682/73/1654 791/805/1654 692/75/1654
f 692/75/1655 791/805/1655 792/806/1655
f 692/75/1656 792/806/1656 683/78/1656
f 683/78/1657 792/806/1657 793/748/1657
f 683/78/1658 793/748/1658 794/79/1658
f 794/79/1659 793/748/1659 748/747/1659
f 794/79/1660 748/747/1660 795/807/1660
f 794/79/1661 795/807/1661 796/81/1661
f 796/81/1662 797/763/1662 798/808/1662
f 796/81/1663 798/808/1663 714/82/1663
f 714/82/1664 798/808/1664 799/809/1664
f 714/82/1665 799/809/1665 693/85/1665
f 693/85/1666 799/809/1666 800/810/1666
f 693/85/1667 800/810/1667 1101/811/1667
f 693/85/1668 1101/811/1668 684/88/1668
f 684/88/1669 1101/811/1669 801/812/1669
f 684/88/1670 801/812/1670 803/813/1670
f 684/88/1671 803/813/1671 802/90/1671
f 802/90/1672 803/813/1672 804/814/1672
f 802/90/1673 804/814/1673 1128/815/1673
f 802/90/1674 1128/815/1674 694/94/1674
f 694/94/1675 1128/815/1675 805/816/1675
f 694/94/1676 805/816/1676 695/96/1676
f 695/96/1677 805/816/1677 806/817/1677
f 695/96/1678 806/817/1678 734/741/1678
f 695/96/1679 734/741/1679 736/2/1679
f 734/741/1680 806/817/1680 807/818/1680
f 906/819/1681 735/742/1681 734/741/1681
f 906/819/1682 734/741/1682 807/818/1682
f 808/820/1683 809/821/1683 810/822/1683
f 811/823/1684 812/824/1684 813/825/1684
f 816/826/1685 1122/827/1685 903/828/1685
f 903/828/1686 1122/827/1686 817/829/1686
f 817/829/1687 1111/830/1687 818/831/1687
f 819/832/1688 1050/833/1688 818/831/1688
f 821/834/1689 902/835/1689 820/836/1689
f 1087/837/1690 901/838/1690 821/834/1690
f 1087/837/1691 822/839/1692 901/838/1693
f 900/840/1694 1086/841/1694 824/842/1694
f 828/843/1695 830/844/1695 827/845/1695
f 828/843/1696 991/846/1696 829/847/1696
f 829/847/1697 830/844/1697 828/843/1697
f 831/848/1698 829/847/1698 832/849/1698
f 833/850/1699 831/848/1699 832/849/1699
f 833/850/1700 835/851/1700 834/852/1700
f 833/850/1701 837/853/1701 836/854/1701
f 833/850/1702 836/854/1702 835/851/1702
f 838/855/1703 839/856/1703 836/854/1703
f 843/857/1704 842/858/1704 1116/859/1704
f 843/857/1705 1116/859/1705 844/860/1705
f 845/861/1706 847/862/1706 846/863/1706
f 848/864/1707 847/862/1707 849/865/1707
f 849/865/1708 850/866/1708 848/864/1708
f 849/865/1709 851/867/1709 850/866/1709
f 852/868/1710 1079/869/1710 853/870/1710
f 853/870/1711 1079/869/1711 854/871/1711
f 855/872/1712 889/873/1712 854/871/1712
f 856/874/1713 888/875/1713 855/872/1713
f 856/874/1714 857/876/1714 888/875/1714
f 860/877/1715 888/875/1715 859/878/1715
f 859/878/1716 862/879/1716 861/880/1716
f 859/878/1717 863/881/1717 862/879/1717
f 862/879/1718 863/881/1718 864/882/1718
f 864/882/1719 865/883/1719 764/774/1719
f 865/883/1720 864/882/1720 866/884/1720
f 867/885/1721 866/884/1721 868/886/1721
f 868/886/1722 869/887/1722 867/885/1722
f 869/887/1723 868/886/1724 870/888/1725
f 869/887/1726 870/888/1726 871/889/1726
f 871/889/1727 873/890/1727 872/891/1727
f 872/891/1728 874/892/1728 883/893/1728
f 874/892/1729 875/894/1729 883/893/1729
f 876/895/1730 877/896/1730 875/894/1730
f 877/896/1731 876/895/1731 760/768/1731
f 879/897/1732 880/898/1732 760/768/1732
f 879/897/1733 881/899/1733 880/898/1733
f 880/898/1734 1413/900/1734 878/901/1734
f 878/901/1735 760/768/1735 880/898/1735
f 877/896/1736 760/768/1736 878/901/1736
f 882/902/1737 875/894/1737 877/896/1737
f 875/894/1738 882/902/1738 883/893/1738
f 883/893/1739 884/903/1740 872/891/1741
f 884/903/1740 770/904/1742 872/891/1741
f 770/904/1743 871/889/1743 872/891/1743
f 884/903/1744 867/885/1744 770/904/1744
f 770/904/1745 867/885/1745 869/887/1745
f 770/904/1746 869/887/1746 871/889/1746
f 867/885/1747 885/905/1747 865/883/1747
f 867/885/1748 865/883/1748 866/884/1748
f 865/883/1749 885/905/1749 761/771/1749
f 865/883/1750 761/771/1750 764/774/1750
f 764/774/1751 762/773/1751 862/879/1751
f 764/774/1752 862/879/1752 864/882/1752
f 862/879/1753 762/773/1753 861/880/1753
f 861/880/1754 762/773/1754 886/906/1754
f 887/907/1755 888/875/1755 860/877/1755
f 887/907/1756 860/877/1756 861/880/1756
f 889/873/1757 855/872/1757 888/875/1757
f 889/873/1758 853/870/1758 854/871/1758
f 890/908/1759 851/867/1759 852/868/1759
f 851/867/1760 890/908/1761 1035/909/1762
f 851/867/1760 1035/909/1762 850/866/1763
f 848/864/1764 846/863/1764 847/862/1764
f 891/910/1765 844/860/1765 845/861/1765
f 891/910/1766 845/861/1766 846/863/1766
f 844/860/1767 891/910/1767 892/911/1767
f 844/860/1768 892/911/1768 843/857/1768
f 893/912/1769 841/913/1769 842/858/1769
f 893/912/1770 842/858/1770 843/857/1770
f 841/913/1771 893/912/1771 840/914/1771
f 840/914/1772 893/912/1772 838/855/1772
f 839/856/1773 894/915/1773 835/851/1773
f 839/856/1774 835/851/1774 836/854/1774
f 835/851/1775 895/916/1775 834/852/1775
f 834/852/1776 896/917/1776 831/848/1776
f 834/852/1777 831/848/1777 833/850/1777
f 831/848/1778 897/918/1778 830/844/1778
f 831/848/1779 830/844/1779 829/847/1779
f 830/844/1780 898/919/1780 827/845/1780
f 898/919/1781 899/920/1781 825/921/1781
f 898/919/1782 825/921/1782 826/922/1782
f 898/919/1783 826/922/1783 827/845/1783
f 825/921/1784 899/920/1784 824/842/1784
f 901/838/1785 902/835/1785 821/834/1785
f 1049/923/1786 1050/833/1786 819/832/1786
f 1049/923/1787 819/832/1787 820/836/1787
f 1049/923/1788 820/836/1788 902/835/1788
f 818/831/1789 1050/833/1789 817/829/1789
f 903/828/1790 1053/924/1790 816/826/1790
f 1053/924/1791 1054/925/1791 815/926/1791
f 1053/924/1792 815/926/1792 816/826/1792
f 814/927/1793 1056/928/1793 813/825/1793
f 813/825/1794 1056/928/1794 904/929/1794
f 738/745/1795 1057/930/1795 811/823/1795
f 735/742/1796 724/211/1796 736/2/1796
f 723/212/1797 907/931/1797 908/932/1797
f 723/212/1798 908/932/1798 685/215/1798
f 685/215/1799 908/932/1799 909/933/1799
f 685/215/1800 909/933/1800 910/934/1800
f 685/215/196 910/934/1801 696/217/197
f 696/217/1802 910/934/1802 911/935/1802
f 696/217/1803 911/935/1803 986/936/1803
f 696/217/1804 986/936/1804 913/937/1804
f 696/217/1805 913/937/1805 912/221/1805
f 912/221/1806 913/937/1806 914/938/1806
f 912/221/1807 914/938/1807 767/778/1807
f 912/221/1808 767/778/1808 985/939/1808
f 912/221/1809 985/939/1809 686/224/1809
f 686/224/1810 985/939/1810 983/940/1810
f 686/224/1811 983/940/1811 697/226/1811
f 697/226/1812 982/941/1812 980/942/1812
f 697/226/1813 980/942/1813 687/228/1813
f 687/228/1814 980/942/1814 978/943/1814
f 698/232/1815 977/944/1816 915/945/1817
f 698/232/1815 915/945/1817 916/235/1818
f 916/235/1819 915/945/1819 917/946/1819
f 916/235/1820 917/946/1821 918/947/1822
f 916/235/1820 918/947/1822 688/238/1823
f 688/238/1824 918/947/1824 919/948/1824
f 688/238/1825 919/948/1825 920/949/1825
f 688/238/1826 920/949/1826 689/240/1826
f 689/240/1827 920/949/1827 921/950/1827
f 689/240/1828 921/950/1828 690/242/1828
f 690/242/1829 921/950/1829 775/789/1829
f 690/242/1830 775/789/1830 922/244/1830
f 775/789/1831 921/950/1831 923/951/1831
f 923/951/1832 774/787/1832 775/789/1832
f 923/951/1833 924/952/1833 777/790/1833
f 923/951/1834 777/790/1834 774/787/1834
f 777/790/1835 924/952/1836 773/786/1837
f 777/790/1838 925/953/1838 776/788/1838
f 776/788/1839 925/953/1839 926/791/1839
f 927/954/1840 778/792/1840 926/791/1840
f 927/954/1841 928/955/1841 929/956/1841
f 927/954/1842 929/956/1842 778/792/1842
f 781/794/1843 931/957/1843 780/795/1843
f 780/795/1844 931/957/1844 932/958/1844
f 780/795/1845 932/958/1845 933/959/1845
f 933/959/1846 782/796/1846 780/795/1846
f 784/798/1847 934/782/1847 785/799/1847
f 785/799/1848 935/960/1848 786/800/1848
f 786/800/1849 935/960/1849 787/801/1849
f 787/801/1850 936/961/1850 788/802/1850
f 788/802/1851 936/961/1851 789/803/1851
f 937/962/1852 790/804/1852 789/803/1852
f 937/962/1853 938/963/1853 791/805/1853
f 937/962/1854 791/805/1854 790/804/1854
f 791/805/1855 939/964/1855 792/806/1855
f 939/964/1856 739/965/1856 747/753/1856
f 940/760/1857 941/966/1858 754/761/1859
f 942/967/1860 754/761/1860 943/968/1860
f 944/969/1861 946/781/1861 945/970/1861
f 945/970/1862 946/781/1862 947/780/1862
f 934/782/1863 784/798/1863 783/797/1863
f 934/782/1864 783/797/1864 947/780/1864
f 934/782/1865 769/779/1865 935/960/1865
f 934/782/1866 935/960/1866 785/799/1866
f 935/960/1867 769/779/1867 948/971/1867
f 935/960/1868 948/971/1868 787/801/1868
f 948/971/1869 936/961/1869 787/801/1869
f 936/961/1870 948/971/1870 949/972/1870
f 936/961/1871 949/972/1871 741/973/1871
f 936/961/1872 741/973/1872 789/803/1872
f 949/972/1873 742/974/1873 741/973/1873
f 742/974/1874 950/975/1874 741/973/1874
f 950/975/1875 937/962/1875 741/973/1875
f 950/975/1876 938/963/1876 937/962/1876
f 950/975/1877 739/965/1877 938/963/1877
f 938/963/1878 739/965/1878 791/805/1878
f 739/965/1879 939/964/1879 791/805/1879
f 941/966/1858 951/976/1880 754/761/1859
f 951/976/1881 943/968/1881 754/761/1881
f 943/968/1882 951/976/1882 944/969/1882
f 944/969/1883 951/976/1883 953/977/1883
f 952/978/1884 944/969/1884 953/977/1884
f 952/978/1885 946/781/1885 944/969/1885
f 946/781/1886 952/978/1886 769/779/1886
f 769/779/1887 952/978/1887 948/971/1887
f 952/978/1888 949/972/1888 948/971/1888
f 949/972/1889 952/978/1889 953/977/1889
f 953/977/1890 951/976/1890 742/974/1890
f 953/977/1891 742/974/1891 949/972/1891
f 742/974/1892 951/976/1892 941/966/1892
f 742/974/1893 739/965/1893 950/975/1893
f 742/974/1894 941/966/1894 739/965/1894
f 941/966/1895 940/760/1896 739/965/1897
f 739/965/1897 940/760/1896 747/753/1898
f 947/780/1899 783/797/1899 782/796/1899
f 947/780/1900 782/796/1900 954/979/1900
f 954/979/1901 955/980/1901 945/970/1901
f 954/979/1902 945/970/1902 947/780/1902
f 955/980/1903 944/969/1903 945/970/1903
f 955/980/1904 942/967/1904 943/968/1904
f 955/980/1905 943/968/1905 944/969/1905
f 942/967/1906 955/980/1906 956/981/1906
f 942/967/1907 956/981/1907 753/759/1907
f 956/981/1908 955/980/1908 1145/982/1908
f 753/759/1909 956/981/1909 957/983/1909
f 753/759/1910 957/983/1910 746/754/1910
f 745/752/1911 746/754/1911 958/984/1911
f 745/752/1912 958/984/1912 795/807/1912
f 795/807/1913 748/747/1913 745/752/1913
f 798/808/1914 755/762/1914 799/809/1914
f 800/810/1915 1148/985/1916 959/986/1917
f 960/987/1918 961/988/1918 959/986/1918
f 962/989/1919 961/988/1919 963/990/1919
f 962/989/1920 963/990/1920 964/991/1920
f 964/991/1921 963/990/1921 1149/992/1921
f 964/991/1922 1150/993/1922 965/994/1922
f 964/991/1923 965/994/1923 1097/995/1923
f 965/994/1924 1150/993/1924 966/996/1924
f 968/997/1925 1096/998/1925 967/999/1925
f 968/997/1926 969/1000/1926 1096/998/1926
f 970/1001/1927 971/1002/1927 969/1000/1927
f 971/1002/1928 973/1003/1928 972/1004/1928
f 973/1003/1929 974/1005/1929 972/1004/1929
f 974/1005/1930 975/1006/1930 976/1007/1930
f 980/942/1931 979/1008/1931 978/943/1931
f 980/942/1932 982/941/1932 981/1009/1932
f 983/940/1933 985/939/1933 984/1010/1933
f 985/939/1934 767/778/1934 768/777/1934
f 985/939/1935 768/777/1935 984/1010/1935
f 737/743/1936 828/843/1936 990/1011/1936
f 737/743/1937 738/745/1937 828/843/1937
f 738/745/1938 991/846/1938 828/843/1938
f 738/745/1939 992/1012/1939 991/846/1939
f 1055/1013/1940 1084/1014/1941 1113/1015/1942
f 1055/1013/1940 1062/1016/1943 1084/1014/1941
f 1052/1017/1944 1051/1018/1944 993/1019/1944
f 993/1019/1945 1051/1018/1945 994/1020/1945
f 998/1021/1946 1047/1022/1946 1000/1023/1946
f 998/1021/1947 1000/1023/1947 999/1024/1947
f 1003/1025/1948 1117/1026/1948 1002/1027/1948
f 1004/1028/1949 1079/869/1949 1003/1025/1949
f 1043/1029/1950 854/871/1950 1004/1028/1950
f 1006/1030/1951 1041/1031/1951 1007/1032/1951
f 1007/1032/1952 1063/1033/1952 1008/1034/1952
f 1008/1034/1953 1039/1035/1953 1009/1036/1953
f 1064/1037/1954 1078/1038/1954 1009/1036/1954
f 1064/1037/1955 1037/1039/1955 1010/1040/1955
f 1037/1039/1956 1011/1041/1956 1010/1040/1956
f 1011/1041/1957 1065/1042/1957 1012/1043/1957
f 1014/1044/1958 1016/1045/1958 1017/1046/1958
f 1017/1046/1959 1016/1045/1959 1018/1047/1959
f 1017/1046/1960 1018/1047/1960 1074/770/1960
f 1018/1047/1961 760/768/1961 1074/770/1961
f 1018/1047/1962 1070/1048/1962 1019/1049/1962
f 1019/1049/1963 1020/1050/1963 1021/1051/1963
f 1021/1051/1964 1020/1050/1964 1022/1052/1964
f 1022/1052/1965 1071/1053/1965 1023/1054/1965
f 1426/1055/1966 1022/1052/1966 1023/1054/1966
f 1023/1054/1967 1430/1056/1967 1426/1055/1967
f 878/901/1968 1025/1057/1968 882/902/1968
f 878/901/1969 882/902/1969 877/896/1969
f 882/902/1970 1025/1057/1970 1026/1058/1970
f 1026/1058/1971 883/893/1971 882/902/1971
f 1026/1058/1972 1027/1059/1972 883/893/1972
f 883/893/1973 1027/1059/1973 884/903/1973
f 1029/1060/1974 885/905/1974 884/903/1974
f 885/905/1975 1030/1061/1975 761/771/1975
f 885/905/1976 1029/1060/1976 1030/1061/1976
f 1029/1060/1977 1028/1062/1977 1030/1061/1977
f 884/903/1978 1027/1059/1978 1028/1062/1978
f 1026/1058/1979 1025/1057/1979 1027/1059/1979
f 1027/1059/1980 1024/1063/1980 1028/1062/1980
f 1028/1062/1981 1024/1063/1981 1030/1061/1981
f 763/772/1982 1023/1054/1982 886/906/1982
f 763/772/1983 886/906/1983 762/773/1983
f 886/906/1984 1031/1064/1984 887/907/1984
f 886/906/1985 887/907/1985 861/880/1985
f 887/907/1986 1032/1065/1986 1033/1066/1986
f 853/870/1987 1067/1067/1987 852/868/1987
f 852/868/1988 1067/1067/1988 890/908/1988
f 850/866/1989 1035/909/1990 1065/1042/1991
f 1065/1042/1991 848/864/1992 850/866/1989
f 1036/1068/1993 846/863/1993 848/864/1993
f 1036/1068/1994 1037/1039/1994 891/910/1994
f 1036/1068/1995 891/910/1995 846/863/1995
f 1037/1039/1996 892/911/1996 891/910/1996
f 1038/1069/1997 893/912/1997 843/857/1997
f 1038/1069/1998 843/857/1998 892/911/1998
f 893/912/1999 1038/1069/1999 1039/1035/1999
f 1040/1070/2000 839/856/2000 838/855/2000
f 1040/1070/2001 838/855/2001 893/912/2001
f 839/856/2002 1040/1070/2002 1041/1031/2002
f 839/856/2003 1042/1071/2003 894/915/2003
f 894/915/2004 1043/1029/2005 895/916/2006
f 894/915/2004 895/916/2006 835/851/2007
f 895/916/2008 1043/1029/2008 1044/1072/2008
f 895/916/2009 1044/1072/2009 1045/1073/2009
f 895/916/2010 1045/1073/2010 896/917/2010
f 895/916/2011 896/917/2011 834/852/2011
f 896/917/2012 897/918/2012 831/848/2012
f 897/918/2013 1046/1074/2013 898/919/2013
f 897/918/2014 898/919/2014 830/844/2014
f 899/920/2015 1047/1022/2015 824/842/2015
f 824/842/2016 1047/1022/2016 900/840/2016
f 822/839/1692 997/1075/2017 901/838/1693
f 1051/1018/2018 903/828/2018 817/829/2018
f 903/828/2019 1051/1018/2019 1052/1017/2019
f 903/828/2020 1052/1017/2020 1053/924/2020
f 1054/925/2021 1055/1013/2021 814/927/2021
f 814/927/2022 1055/1013/2022 1056/928/2022
f 992/1012/2023 738/745/2023 811/823/2023
f 992/1012/2024 811/823/2024 904/929/2024
f 1059/1076/2025 1057/930/2025 1060/744/2025
f 1057/930/2026 738/745/2026 1060/744/2026
f 1060/744/2027 1061/1077/2027 908/932/2027
f 908/932/2028 1059/1076/2028 1060/744/2028
f 908/932/2029 1061/1077/2029 909/933/2029
f 909/933/2030 1061/1077/2030 910/934/2030
f 911/935/2031 987/1078/2031 986/936/2031
f 911/935/2032 988/1079/2032 987/1078/2032
f 988/1079/2033 911/935/2033 910/934/2033
f 910/934/2034 989/1080/2034 988/1079/2034
f 910/934/2035 990/1011/2035 989/1080/2035
f 990/1011/2036 1061/1077/2036 737/743/2036
f 1061/1077/2037 1060/744/2037 737/743/2037
f 990/1011/2038 910/934/2038 1061/1077/2038
f 1054/925/2039 1062/1016/2040 1055/1013/2041
f 1054/925/2039 1053/924/2042 1062/1016/2040
f 1051/1018/2043 817/829/2043 994/1020/2043
f 994/1020/2044 817/829/2044 1050/833/2044
f 1050/833/2045 995/1081/2045 994/1020/2045
f 1050/833/2046 1049/923/2046 995/1081/2046
f 995/1081/2047 1049/923/2047 902/835/2047
f 902/835/2048 901/838/2048 997/1075/2048
f 823/1082/2049 998/1021/2049 1048/1083/2049
f 823/1082/2050 900/840/2051 1047/1022/2052
f 823/1082/2050 1047/1022/2052 998/1021/2053
f 899/920/2054 1001/1084/2054 1047/1022/2054
f 899/920/2055 898/919/2055 1001/1084/2055
f 898/919/2056 1046/1074/2056 1001/1084/2056
f 1046/1074/2057 897/918/2057 1045/1073/2057
f 1045/1073/2058 897/918/2058 896/917/2058
f 1045/1073/2059 1044/1072/2059 1003/1025/2059
f 1042/1071/2060 1005/1085/2060 894/915/2060
f 1042/1071/2061 839/856/2061 1041/1031/2061
f 1040/1070/2062 893/912/2062 1063/1033/2062
f 1063/1033/2063 893/912/2063 1039/1035/2063
f 1038/1069/2064 892/911/2064 1064/1037/2064
f 1064/1037/2065 892/911/2065 1037/1039/2065
f 1036/1068/2066 1065/1042/2066 1011/1041/2066
f 1036/1068/2067 848/864/2067 1065/1042/2067
f 1035/909/2068 890/908/2069 1067/1067/2070
f 1035/909/2068 1067/1067/2070 1066/1086/2071
f 1068/1087/2072 1072/1088/2072 853/870/2072
f 1068/1087/2073 1034/1089/2073 1069/1090/2073
f 1034/1089/2074 1032/1065/2074 1069/1090/2074
f 1032/1065/2075 1034/1089/2075 1033/1066/2075
f 1032/1065/2076 1020/1050/2076 1070/1048/2076
f 1032/1065/2077 887/907/2077 1031/1064/2077
f 1032/1065/2078 1031/1064/2078 1020/1050/2078
f 1031/1064/2079 1071/1053/2079 1020/1050/2079
f 1071/1053/2080 1031/1064/2080 886/906/2080
f 1071/1053/2081 886/906/2081 1023/1054/2081
f 1023/1054/2082 763/772/2082 1430/1056/2082
f 763/772/2083 761/771/2083 1430/1056/2083
f 1430/1056/2084 761/771/2084 1030/1061/2084
f 1430/1056/2085 1030/1061/2085 1431/1091/2085
f 1030/1061/2086 1024/1063/2086 1431/1091/2086
f 1020/1050/2087 1019/1049/2087 1070/1048/2087
f 1070/1048/2088 1018/1047/2088 1069/1090/2088
f 1070/1048/2089 1069/1090/2089 1032/1065/2089
f 1069/1090/2090 1018/1047/2090 1016/1045/2090
f 1016/1045/2091 1014/1044/2091 1072/1088/2091
f 1016/1045/2092 1072/1088/2092 1068/1087/2092
f 1066/1086/2093 1012/1043/2093 1065/1042/2093
f 1066/1086/2094 1065/1042/2094 1035/909/2094
f 1037/1039/2095 1036/1068/2095 1011/1041/2095
f 1064/1037/2096 1009/1036/2096 1038/1069/2096
f 1038/1069/2097 1009/1036/2097 1039/1035/2097
f 1039/1035/2098 1008/1034/2098 1063/1033/2098
f 1007/1032/2099 1041/1031/2099 1040/1070/2099
f 1007/1032/2100 1040/1070/2100 1063/1033/2100
f 1041/1031/2101 1006/1030/2101 1042/1071/2101
f 1043/1029/2102 894/915/2102 1005/1085/2102
f 1004/1028/2103 1044/1072/2103 1043/1029/2103
f 1004/1028/2104 1003/1025/2104 1044/1072/2104
f 1003/1025/2105 1002/1027/2105 1046/1074/2105
f 1003/1025/2106 1046/1074/2106 1045/1073/2106
f 1001/1084/2107 1046/1074/2107 1002/1027/2107
f 1001/1084/2108 1000/1023/2108 1047/1022/2108
f 998/1021/2109 822/839/2109 1048/1083/2109
f 997/1075/2110 996/1092/2110 902/835/2110
f 902/835/2111 996/1092/2111 995/1081/2111
f 1052/1017/2112 1083/1093/2113 1053/924/2114
f 1053/924/2114 1083/1093/2113 1062/1016/2115
f 1055/1013/2116 1113/1015/2116 1056/928/2116
f 1056/928/2117 1113/1015/2117 904/929/2117
f 1071/1053/2118 1022/1052/2118 1020/1050/2118
f 1029/1060/2119 884/903/2119 1028/1062/2119
f 1022/1052/2120 1409/1094/2120 1073/1095/2120
f 1022/1052/2121 1073/1095/2121 1021/1051/2121
f 1021/1051/2122 1073/1095/2122 881/899/2122
f 1021/1051/2123 879/897/2123 1019/1049/2123
f 879/897/2124 760/768/2124 1018/1047/2124
f 879/897/2125 1018/1047/2125 1019/1049/2125
f 1021/1051/2126 881/899/2126 879/897/2126
f 1074/770/2127 1075/1096/2127 1017/1046/2127
f 1017/1046/2128 1075/1096/2128 1014/1044/2128
f 1075/1096/2129 1015/1097/2129 1014/1044/2129
f 1076/1098/2130 1013/1099/2130 1015/1097/2130
f 1078/1038/2131 1064/1037/2131 1010/1040/2131
f 1078/1038/2132 1118/1100/2132 1009/1036/2132
f 1009/1036/2133 1118/1100/2133 1008/1034/2133
f 855/872/2134 854/871/2134 1043/1029/2134
f 855/872/2135 1043/1029/2136 1005/1085/2137
f 1079/869/2138 1004/1028/2138 854/871/2138
f 1080/1101/2139 1002/1027/2139 1117/1026/2139
f 1002/1027/2140 1080/1101/2140 1001/1084/2140
f 998/1021/2141 999/1024/2141 1081/1102/2141
f 1081/1102/2142 822/839/2142 998/1021/2142
f 1081/1102/2143 1115/1103/2143 997/1075/2143
f 1081/1102/2144 997/1075/2144 822/839/2144
f 997/1075/2145 1115/1103/2145 996/1092/2145
f 1082/1104/2146 995/1081/2146 996/1092/2146
f 1082/1104/2147 993/1019/2147 994/1020/2147
f 1082/1104/2148 994/1020/2148 995/1081/2148
f 1114/1105/2149 1052/1017/2149 993/1019/2149
f 1052/1017/2150 1114/1105/2150 1083/1093/2150
f 1083/1093/2151 1084/1014/2151 1062/1016/2151
f 1085/1106/2152 992/1012/2152 904/929/2152
f 1085/1106/2153 904/929/2153 1113/1015/2153
f 989/1080/2154 826/922/2154 988/1079/2154
f 988/1079/2155 1086/841/2155 987/1078/2155
f 1086/841/2156 913/937/2156 986/936/2156
f 1086/841/2157 986/936/2157 987/1078/2157
f 766/776/2158 1087/837/2158 1088/1107/2158
f 1088/1107/2159 1087/837/2159 1089/1108/2159
f 1088/1107/2160 1089/1108/2160 1090/1109/2160
f 1088/1107/2161 768/777/2161 766/776/2161
f 1088/1107/2162 1090/1109/2162 984/1010/2162
f 1088/1107/2163 984/1010/2163 768/777/2163
f 984/1010/2164 1090/1109/2164 1091/1110/2164
f 1091/1110/2165 982/941/2165 984/1010/2165
f 1092/1111/2166 979/1008/2166 981/1009/2166
f 1092/1111/2167 981/1009/2167 982/941/2167
f 979/1008/2168 1108/1112/2168 1093/1113/2168
f 979/1008/2169 1093/1113/2169 978/943/2169
f 974/1005/2170 976/1007/2170 1093/1113/2170
f 974/1005/2171 1094/1114/2171 972/1004/2171
f 971/1002/2172 1095/1115/2173 969/1000/2174
f 969/1000/2175 1095/1115/2175 1096/998/2175
f 966/996/2176 967/999/2176 1096/998/2176
f 1097/995/2177 1098/1116/2177 964/991/2177
f 964/991/2178 1098/1116/2178 1099/1117/2178
f 964/991/2179 1099/1117/2179 1100/1118/2179
f 964/991/2180 1100/1118/2180 962/989/2180
f 1100/1118/2181 961/988/2181 962/989/2181
f 1100/1118/2182 1101/811/2182 959/986/2182
f 1100/1118/2183 959/986/2183 961/988/2183
f 959/986/2184 1101/811/2184 800/810/2184
f 1101/811/2185 1099/1117/2185 801/812/2185
f 1101/811/2186 1100/1118/2186 1099/1117/2186
f 1099/1117/2187 1098/1116/2187 801/812/2187
f 1098/1116/2188 1097/995/2188 1102/1119/2188
f 1097/995/2189 1103/1120/2189 1102/1119/2189
f 1103/1120/2190 1097/995/2190 1104/1121/2190
f 1104/1121/2191 1097/995/2192 965/994/2193
f 1104/1121/2191 965/994/2193 1105/1122/2194
f 1105/1122/2195 965/994/2195 966/996/2195
f 1105/1122/2196 966/996/2196 1096/998/2196
f 1106/1123/2197 1096/998/2197 1095/1115/2197
f 1095/1115/2173 971/1002/2172 972/1004/2198
f 972/1004/2199 1107/1124/2199 1095/1115/2199
f 972/1004/2200 1094/1114/2200 1107/1124/2200
f 1109/1125/2201 979/1008/2201 1092/1111/2201
f 1090/1109/2202 1110/1126/2202 1091/1110/2202
f 1110/1126/2203 818/831/2203 1111/830/2203
f 1090/1109/2204 820/836/2204 819/832/2204
f 1090/1109/2205 819/832/2205 1110/1126/2205
f 1090/1109/2206 1089/1108/2206 820/836/2206
f 819/832/2207 818/831/2207 1110/1126/2207
f 1087/837/2208 821/834/2208 1089/1108/2208
f 765/775/2209 822/839/2210 766/776/2211
f 1112/1127/2212 1048/1083/2212 765/775/2212
f 1086/841/2213 900/840/2213 1112/1127/2213
f 825/921/2214 824/842/2214 1086/841/2214
f 826/922/2215 990/1011/2215 827/845/2215
f 827/845/2216 990/1011/2216 828/843/2216
f 832/849/2217 829/847/2217 1085/1106/2217
f 832/849/2218 1085/1106/2218 1113/1015/2218
f 832/849/2219 1113/1015/2219 1084/1014/2219
f 832/849/2220 1084/1014/2220 837/853/2220
f 837/853/2221 1084/1014/2221 1083/1093/2221
f 1114/1105/2222 836/854/2222 837/853/2222
f 838/855/2223 1114/1105/2223 993/1019/2223
f 838/855/2224 993/1019/2224 840/914/2224
f 840/914/2225 993/1019/2225 841/913/2225
f 841/913/2226 993/1019/2226 1082/1104/2226
f 842/858/2227 1115/1103/2227 1116/859/2227
f 1116/859/2228 1081/1102/2228 845/861/2228
f 845/861/2229 844/860/2229 1116/859/2229
f 845/861/2230 1081/1102/2230 999/1024/2230
f 845/861/2231 999/1024/2231 847/862/2231
f 847/862/2232 1000/1023/2232 849/865/2232
f 849/865/2233 1001/1084/2233 851/867/2233
f 851/867/2234 1001/1084/2234 1080/1101/2234
f 1080/1101/2235 852/868/2235 851/867/2235
f 1080/1101/2236 1117/1026/2236 852/868/2236
f 1079/869/2237 852/868/2237 1117/1026/2237
f 856/874/2238 1006/1030/2238 857/876/2238
f 863/881/2239 859/878/2239 1078/1038/2239
f 1078/1038/2240 1119/1128/2240 863/881/2240
f 1119/1128/2241 1077/1129/2241 866/884/2241
f 1119/1128/2242 866/884/2242 864/882/2242
f 866/884/2243 1120/1130/2243 868/886/2243
f 1120/1130/2244 870/888/1725 868/886/1724
f 870/888/2245 1120/1130/2245 1075/1096/2245
f 870/888/2246 1075/1096/2246 1121/769/2246
f 870/888/2247 1121/769/2247 873/890/2247
f 873/890/2248 874/892/2248 872/891/2248
f 873/890/2249 876/895/2249 875/894/2249
f 873/890/2250 875/894/2250 874/892/2250
f 873/890/2251 1121/769/2251 760/768/2251
f 873/890/2252 760/768/2252 876/895/2252
f 1121/769/2253 1075/1096/2253 1074/770/2253
f 1075/1096/2254 1120/1130/2254 1015/1097/2254
f 1120/1130/2255 866/884/2255 1076/1098/2255
f 1120/1130/2256 1076/1098/2256 1015/1097/2256
f 1076/1098/2257 866/884/2257 1077/1129/2257
f 1077/1129/2258 1078/1038/2258 1010/1040/2258
f 1118/1100/2259 859/878/2259 1008/1034/2259
f 1008/1034/2260 859/878/2260 858/1131/2260
f 858/1131/2261 857/876/2261 1006/1030/2261
f 858/1131/2262 1006/1030/2262 1007/1032/2262
f 858/1131/2263 1007/1032/2263 1008/1034/2263
f 856/874/2264 1005/1085/2264 1042/1071/2264
f 856/874/2265 1042/1071/2265 1006/1030/2265
f 1005/1085/2137 856/874/2266 855/872/2135
f 1117/1026/2267 1003/1025/2267 1079/869/2267
f 1001/1084/2268 849/865/2268 1000/1023/2268
f 1000/1023/2269 847/862/2269 999/1024/2269
f 1081/1102/2270 1116/859/2270 1115/1103/2270
f 1115/1103/2271 842/858/2271 996/1092/2271
f 996/1092/2272 842/858/2272 1082/1104/2272
f 1082/1104/2273 842/858/2273 841/913/2273
f 1114/1105/2274 837/853/2274 1083/1093/2274
f 991/846/2275 992/1012/2275 1085/1106/2275
f 826/922/2276 989/1080/2276 990/1011/2276
f 826/922/2277 825/921/2277 988/1079/2277
f 988/1079/2278 825/921/2278 1086/841/2278
f 1112/1127/2279 913/937/2279 1086/841/2279
f 1112/1127/2280 765/775/2280 914/938/2280
f 1112/1127/2281 914/938/2281 913/937/2281
f 870/888/2282 873/890/2282 871/889/2282
f 1114/1105/2283 838/855/2283 836/854/2283
f 837/853/2284 833/850/2284 832/849/2284
f 1085/1106/2285 829/847/2285 991/846/2285
f 1112/1127/2286 900/840/2286 823/1082/2286
f 1112/1127/2287 823/1082/2287 1048/1083/2287
f 765/775/2209 1048/1083/2288 822/839/2210
f 766/776/2289 822/839/2289 1087/837/2289
f 1089/1108/2290 821/834/2290 820/836/2290
f 1111/830/2291 817/829/2291 1122/827/2291
f 1122/827/2292 1123/1132/2293 1109/1125/2294
f 1106/1123/2295 1095/1115/2295 1124/1133/2295
f 1125/1134/2296 1096/998/2296 1106/1123/2296
f 1096/998/2297 1125/1134/2297 1105/1122/2297
f 1104/1121/2298 1126/1135/2298 1103/1120/2298
f 1103/1120/2299 1126/1135/2299 1127/1136/2299
f 1127/1136/2300 1102/1119/2300 1103/1120/2300
f 1102/1119/2301 1127/1136/2301 803/813/2301
f 1102/1119/2302 803/813/2302 1098/1116/2302
f 803/813/2303 801/812/2303 1098/1116/2303
f 803/813/2304 1127/1136/2304 804/814/2304
f 1127/1136/2305 1129/1137/2305 1128/815/2305
f 1129/1137/2306 1127/1136/2306 1126/1135/2306
f 1126/1135/2307 1130/1138/2307 1129/1137/2307
f 1126/1135/2308 1104/1121/2309 1105/1122/2310
f 1125/1134/2311 1136/1139/2311 1105/1122/2311
f 1124/1133/2312 1131/1140/2312 1125/1134/2312
f 1124/1133/2313 1125/1134/2313 1106/1123/2313
f 1133/1141/2314 1122/827/2314 816/826/2314
f 815/926/2315 1054/925/2315 1134/1142/2315
f 815/926/2316 1134/1142/2317 816/826/2318
f 1134/1142/2319 1443/1143/2319 1133/1141/2319
f 1125/1134/2320 809/821/2320 1136/1139/2320
f 1136/1139/2321 1126/1135/2308 1105/1122/2310
f 1126/1135/2322 1136/1139/2322 807/818/2322
f 1126/1135/2323 807/818/2323 1130/1138/2323
f 1130/1138/2324 1137/1144/2324 1129/1137/2324
f 1137/1144/2325 1128/815/2325 1129/1137/2325
f 1128/815/2326 1137/1144/2326 805/816/2326
f 1128/815/2327 804/814/2327 1127/1136/2327
f 1137/1144/2328 807/818/2328 806/817/2328
f 1137/1144/2329 1130/1138/2329 807/818/2329
f 809/821/2330 808/820/2330 906/819/2330
f 806/817/2331 805/816/2331 1137/1144/2331
f 914/938/2332 765/775/2332 767/778/2332
f 920/949/2333 919/948/2333 1138/1145/2333
f 1138/1145/2334 921/950/2334 920/949/2334
f 1138/1145/2335 923/951/2335 921/950/2335
f 923/951/2336 1139/1146/2336 924/952/2336
f 1139/1146/2337 1140/1147/2337 773/786/2337
f 1139/1146/2338 773/786/2338 924/952/2338
f 925/953/2339 1141/1148/2339 926/791/2339
f 926/791/2340 1141/1148/2340 927/954/2340
f 927/954/2341 1141/1148/2341 1180/1149/2341
f 927/954/2342 1180/1149/2342 928/955/2342
f 1142/1150/2343 1181/1151/2344 757/766/2345
f 1142/1150/2346 757/766/2346 928/955/2346
f 757/766/2347 929/956/2347 928/955/2347
f 757/766/2348 930/765/2348 929/956/2348
f 931/957/2349 1144/1152/2349 1143/1153/2349
f 1143/1153/2350 1145/982/2350 931/957/2350
f 1145/982/2351 932/958/2351 931/957/2351
f 1145/982/2352 955/980/2352 932/958/2352
f 932/958/2353 955/980/2353 954/979/2353
f 932/958/2354 954/979/2354 933/959/2354
f 1145/982/2355 1143/1153/2355 1144/1152/2355
f 1144/1152/2356 957/983/2356 956/981/2356
f 1144/1152/2357 956/981/2357 1145/982/2357
f 957/983/2358 958/984/2358 746/754/2358
f 757/766/2359 1146/1154/2359 758/767/2359
f 758/767/2360 1147/1155/2360 799/809/2360
f 758/767/2361 799/809/2361 755/762/2361
f 1147/1155/2362 1148/985/2362 799/809/2362
f 1148/985/1916 800/810/1915 799/809/2363
f 1148/985/2364 960/987/2364 959/986/2364
f 960/987/2365 744/750/2365 961/988/2365
f 961/988/2366 744/750/2366 963/990/2366
f 1150/993/2367 964/991/2367 1149/992/2367
f 966/996/2368 1150/993/2368 967/999/2368
f 968/997/2369 1164/1156/2369 969/1000/2369
f 970/1001/2370 969/1000/2370 1152/1157/2370
f 970/1001/2371 1152/1157/2371 1151/1158/2371
f 1151/1158/2372 971/1002/2372 970/1001/2372
f 1151/1158/2373 973/1003/2373 971/1002/2373
f 1151/1158/2374 1153/1159/2374 973/1003/2374
f 973/1003/2375 1153/1159/2375 975/1006/2375
f 975/1006/2376 974/1005/2376 973/1003/2376
f 975/1006/2377 917/946/2377 915/945/2377
f 915/945/2378 977/944/2379 976/1007/2380
f 915/945/2378 976/1007/2380 975/1006/2381
f 917/946/2382 975/1006/2382 1154/1160/2382
f 1154/1160/2383 918/947/2383 917/946/2383
f 1154/1160/2384 1155/1161/2384 918/947/2384
f 1155/1161/2385 919/948/2385 918/947/2385
f 1155/1161/2386 1156/1162/2386 919/948/2386
f 1156/1162/2387 1138/1145/2387 919/948/2387
f 1156/1162/2388 1157/1163/2388 1138/1145/2388
f 1157/1163/2389 1139/1146/2389 1138/1145/2389
f 1138/1145/2390 1139/1146/2390 923/951/2390
f 1140/1147/2391 772/784/2391 773/786/2391
f 772/784/2392 1158/1164/2392 1173/785/2392
f 1158/1164/2393 1159/1165/2393 1173/785/2393
f 1159/1165/2394 1160/1166/2394 1173/785/2394
f 1159/1165/2395 1163/1167/2396 1162/1168/2397
f 1159/1165/2398 1162/1168/2398 1161/1169/2398
f 1162/1168/2399 749/755/2400 750/758/2401
f 1162/1168/2402 1163/1167/2403 759/1170/2404
f 1162/1168/2405 759/1170/2406 752/1171/2407
f 1162/1168/2408 752/1171/2409 749/755/2409
f 1167/1172/2410 1152/1157/2410 1166/1173/2410
f 1168/1174/2411 1169/1175/2411 1167/1172/2411
f 1168/1174/2412 1153/1159/2412 1169/1175/2412
f 1168/1174/2413 1155/1161/2413 1154/1160/2413
f 1153/1159/2414 1168/1174/2414 1154/1160/2414
f 1169/1175/2415 1152/1157/2415 1167/1172/2415
f 1166/1173/2416 1152/1157/2416 1165/1176/2416
f 759/1170/2417 1163/1167/2418 1164/1156/2419
f 1170/1177/2420 752/1171/2420 759/1170/2421
f 1170/1177/2422 1149/992/2423 749/755/2424
f 1170/1177/2425 749/755/2426 752/1171/2427
f 749/755/2428 1149/992/2429 751/756/2430
f 751/756/2431 1149/992/2432 963/990/2433
f 751/756/2434 963/990/2435 744/750/2436
f 1170/1177/2437 1150/993/2437 1149/992/2437
f 967/999/2438 1164/1156/2438 968/997/2438
f 969/1000/2439 1164/1156/2439 1165/1176/2439
f 969/1000/2440 1165/1176/2440 1152/1157/2440
f 967/999/2441 759/1170/2417 1164/1156/2419
f 967/999/2442 1150/993/2442 1170/1177/2442
f 967/999/2443 1170/1177/2443 759/1170/2443
f 1169/1175/2444 1151/1158/2444 1152/1157/2444
f 1169/1175/2445 1153/1159/2445 1151/1158/2445
f 1168/1174/2446 1156/1162/2447 1155/1161/2448
f 1156/1162/2447 1168/1174/2446 1171/1178/2449
f 1156/1162/2450 1171/1178/2450 1140/1147/2450
f 1156/1162/2451 1140/1147/2451 1157/1163/2451
f 1140/1147/2452 1139/1146/2452 1157/1163/2452
f 1171/1178/2453 772/784/2454 1140/1147/2455
f 1163/1167/2456 1159/1165/2456 1165/1176/2456
f 1165/1176/2457 1164/1156/2457 1163/1167/2457
f 1165/1176/2458 1159/1165/2458 1158/1164/2458
f 1165/1176/2459 1158/1164/2459 1166/1173/2459
f 1167/1172/2460 1171/1178/2461 1168/1174/2461
f 1167/1172/2462 1166/1173/2462 1171/1178/2462
f 1166/1173/2463 1158/1164/2463 772/784/2463
f 1166/1173/2464 772/784/2454 1171/1178/2453
f 1162/1168/2465 750/758/2466 1172/1179/2467
f 1162/1168/2468 1172/1179/2469 1161/1169/2470
f 1161/1169/2471 1160/1166/2472 1159/1165/2473
f 1173/785/2474 1160/1166/2475 1175/1180/2476
f 1173/785/2474 1175/1180/2476 1174/1181/2477
f 1173/785/2478 1174/1181/2478 771/783/2478
f 771/783/2479 1174/1181/2479 1177/1182/2479
f 771/783/2480 1177/1182/2480 1176/1183/2480
f 1176/1183/2481 1177/1182/2481 1178/1184/2481
f 1179/1185/2482 777/790/1835 773/786/1837
f 1179/1185/2483 773/786/2483 771/783/2483
f 1179/1185/2484 925/953/2484 777/790/2484
f 1180/1149/2485 1181/1151/2344 1142/1150/2343
f 1180/1149/2486 1142/1150/2486 928/955/2486
f 1146/1154/2487 1181/1151/2487 1194/1186/2487
f 1146/1154/2488 757/766/2488 1181/1151/2488
f 1146/1154/2489 1182/751/2489 1147/1155/2489
f 1146/1154/2490 1147/1155/2490 758/767/2490
f 1182/751/2491 1148/985/2491 1147/1155/2491
f 1182/751/2492 744/750/2492 960/987/2493
f 1182/751/2494 960/987/2494 1148/985/2494
f 1182/751/2495 1146/1154/2495 1194/1186/2495
f 743/749/2496 1182/751/2496 1183/1187/2497
f 743/749/2498 1183/1187/2499 1184/1188/2500
f 743/749/2501 1184/1188/2502 1185/757/2503
f 750/758/2504 1185/757/2505 1196/1189/2506
f 1161/1169/2507 1172/1179/2508 1186/1190/2509
f 1161/1169/2510 1186/1190/2511 1187/1191/2512
f 1161/1169/2513 1187/1191/2514 1175/1180/2514
f 1161/1169/2515 1175/1180/2516 1160/1166/2517
f 1178/1184/2518 1188/1192/2518 1189/1193/2518
f 1178/1184/2519 1189/1193/2519 1176/1183/2519
f 1189/1193/2520 1202/1194/2520 1190/1195/2520
f 1190/1195/2521 1202/1194/2521 1210/1196/2521
f 1190/1195/2522 1210/1196/2522 1191/1197/2522
f 1193/1198/2523 1181/1151/2523 1180/1149/2523
f 1181/1151/2524 1193/1198/2524 1195/1199/2524
f 1181/1151/2525 1195/1199/2525 1194/1186/2525
f 1194/1186/2526 1195/1199/2526 1183/1187/2526
f 1194/1186/2527 1183/1187/2527 1182/751/2527
f 1184/1188/2528 1196/1189/2529 1185/757/2530
f 1196/1189/2531 1184/1188/2532 1197/1200/2533
f 1196/1189/2534 1197/1200/2534 1198/1201/2535
f 1196/1189/2536 1198/1201/2537 750/758/2538
f 1198/1201/2539 1186/1190/2540 1172/1179/2541
f 1198/1201/2542 1172/1179/2543 750/758/2544
f 1187/1191/2545 1199/1202/2545 1175/1180/2545
f 1199/1202/2546 1200/1203/2547 1174/1181/2548
f 1199/1202/2546 1174/1181/2548 1175/1180/2549
f 1174/1181/2550 1200/1203/2550 1177/1182/2550
f 1177/1182/2551 1201/1204/2551 1178/1184/2551
f 1201/1204/2552 1188/1192/2552 1178/1184/2552
f 1202/1194/2553 1189/1193/2553 1188/1192/2553
f 1204/1205/2554 1203/1206/2555 1205/1207/2556
f 1204/1205/2557 1205/1207/2558 1184/1188/2559
f 1197/1200/2560 1184/1188/2561 1206/1208/2562
f 1197/1200/2563 1206/1208/2564 1214/1209/2565
f 1186/1190/2566 1198/1201/2567 1207/1210/2568
f 1186/1190/2569 1207/1210/2570 1208/1211/2571
f 1186/1190/2569 1208/1211/2571 1187/1191/2572
f 1208/1211/2573 1199/1202/2573 1187/1191/2573
f 1188/1192/2574 1209/1212/2574 1202/1194/2574
f 1202/1194/2575 1209/1212/2576 1210/1196/2577
f 1210/1196/2578 1211/1213/2579 1191/1197/2578
f 1211/1213/2580 1212/1214/2580 1192/1215/2580
f 1211/1213/2581 1192/1215/2581 1191/1197/2581
f 1212/1214/2582 1213/1216/2583 1203/1206/2584
f 1212/1214/2585 1203/1206/2586 1192/1215/2587
f 1205/1207/2588 1206/1208/2589 1184/1188/2590
f 1198/1201/2591 1197/1200/2592 1216/1217/2593
f 1198/1201/2594 1216/1217/2594 1215/1218/2594
f 1198/1201/2595 1215/1218/2596 1207/1210/2597
f 1201/1204/2598 1217/1219/2598 1188/1192/2598
f 1188/1192/2599 1217/1219/2599 1209/1212/2599
f 1214/1209/2600 1218/1220/2600 1216/1217/2600
f 1214/1209/2601 1216/1217/2602 1197/1200/2602
f 1207/1210/2603 1219/1221/2603 1208/1211/2603
f 1219/1221/2604 1220/1222/2604 1208/1211/2604
f 1220/1222/2605 1221/1223/2605 1199/1202/2605
f 1220/1222/2606 1199/1202/2606 1208/1211/2606
f 1199/1202/2607 1221/1223/2607 1200/1203/2607
f 1177/1182/2608 1222/1224/2608 1201/1204/2608
f 1201/1204/2609 1222/1224/2609 1217/1219/2609
f 1206/1208/2610 1218/1220/2610 1214/1209/2610
f 1200/1203/2611 1221/1223/2612 1223/1225/2611
f 1200/1203/2613 1223/1225/2613 1177/1182/2613
f 1177/1182/2614 1223/1225/2614 1222/1224/2614
f 1209/1212/2576 1227/1226/2615 1210/1196/2577
f 1227/1226/2616 1224/1227/2617 1211/1213/2617
f 1227/1226/2618 1211/1213/2618 1210/1196/2618
f 1211/1213/2619 1224/1227/2620 1228/1228/2621
f 1211/1213/2619 1228/1228/2621 1212/1214/2622
f 1206/1208/2623 1213/1216/2623 1225/1229/2623
f 1218/1220/2624 1206/1208/2624 1226/1230/2624
f 1215/1218/2625 1219/1221/2625 1207/1210/2625
f 1217/1219/2626 1227/1226/2626 1209/1212/2626
f 1225/1229/2627 1213/1216/2627 1212/1214/2627
f 1225/1229/2628 1212/1214/2628 1228/1228/2628
f 1225/1229/2629 1226/1230/2629 1206/1208/2629
f 1218/1220/2630 1229/1231/2630 1216/1217/2630
f 1215/1218/2631 1230/1232/2631 1219/1221/2631
f 1226/1230/2632 1229/1231/2632 1218/1220/2632
f 1229/1231/2633 1231/1233/2633 1216/1217/2633
f 1231/1233/2634 1215/1218/2634 1216/1217/2634
f 1220/1222/2635 1235/1234/2635 1221/1223/2635
f 1221/1223/2636 1232/1235/2637 1223/1225/2638
f 1232/1235/2639 1222/1224/2639 1223/1225/2639
f 1222/1224/2640 1233/1236/2640 1217/1219/2640
f 1233/1236/2641 1227/1226/2641 1217/1219/2641
f 1231/1233/2642 1230/1232/2642 1215/1218/2642
f 1230/1232/2643 1234/1237/2643 1219/1221/2643
f 1219/1221/2644 1235/1234/2644 1220/1222/2644
f 1235/1234/2645 1236/1238/2645 1221/1223/2645
f 1236/1238/2646 1232/1235/2637 1221/1223/2636
f 1233/1236/2647 1237/1239/2647 1227/1226/2647
f 1227/1226/2648 1237/1239/2648 1224/1227/2648
f 1224/1227/2620 1238/1240/2649 1228/1228/2621
f 1228/1228/2650 1238/1240/2651 1239/1241/2652
f 1228/1228/2650 1239/1241/2652 1225/1229/2653
f 1239/1241/2654 1240/1242/2654 1226/1230/2654
f 1239/1241/2655 1226/1230/2655 1225/1229/2655
f 1240/1242/2656 1241/1243/2657 1229/1231/2658
f 1240/1242/2656 1229/1231/2658 1226/1230/2659
f 1231/1233/2660 1229/1231/2660 1241/1243/2660
f 1234/1237/2661 1235/1234/2661 1219/1221/2661
f 1241/1243/2662 1230/1232/2662 1231/1233/2662
f 1245/1244/2663 1234/1237/2663 1230/1232/2663
f 1236/1238/2664 1242/1245/2664 1232/1235/2664
f 1232/1235/2665 1242/1245/2665 1222/1224/2665
f 1222/1224/2666 1242/1245/2667 1233/1236/2668
f 1239/1241/2669 1238/1240/2669 1243/1246/2669
f 1241/1243/2670 1245/1244/2670 1230/1232/2670
f 1245/1244/2671 1246/1247/2671 1234/1237/2671
f 1246/1247/2672 1247/1248/2672 1234/1237/2672
f 1247/1248/2673 1235/1234/2673 1234/1237/2673
f 1248/1249/2674 1249/1250/2674 1224/1227/2674
f 1248/1249/2675 1224/1227/2675 1237/1239/2675
f 1249/1250/2676 1243/1246/2676 1238/1240/2676
f 1249/1250/2677 1238/1240/2677 1224/1227/2677
f 1239/1241/2678 1250/1251/2678 1240/1242/2678
f 1240/1242/2679 1250/1251/2679 1241/1243/2679
f 1250/1251/2680 1244/1252/2680 1241/1243/2680
f 1244/1252/2681 1245/1244/2681 1241/1243/2681
f 1247/1248/2682 1236/1238/2682 1235/1234/2682
f 1236/1238/2683 1251/1253/2683 1242/1245/2683
f 1242/1245/2667 1252/1254/2684 1233/1236/2668
f 1233/1236/2685 1252/1254/2685 1253/1255/2685
f 1233/1236/2686 1253/1255/2686 1237/1239/2686
f 1237/1239/2687 1253/1255/2687 1248/1249/2687
f 1243/1246/2688 1254/1256/2688 1239/1241/2688
f 1254/1256/2689 1250/1251/2689 1239/1241/2689
f 1242/1245/2690 1251/1253/2691 1255/1257/2691
f 1255/1257/2692 1252/1254/2692 1242/1245/2692
f 1249/1250/2693 1248/1249/2693 1253/1255/2693
f 1256/1258/2694 1246/1247/2694 1245/1244/2694
f 1247/1248/2695 1257/1259/2695 1236/1238/2695
f 1236/1238/2696 1257/1259/2696 1251/1253/2696
f 1253/1255/2697 1258/1260/2697 1249/1250/2697
f 1249/1250/2698 1258/1260/2698 1243/1246/2698
f 1254/1256/2699 1259/1261/2700 1250/1251/2701
f 1244/1252/2702 1256/1258/2702 1245/1244/2702
f 1256/1258/2703 1260/1262/2703 1246/1247/2703
f 1260/1262/2704 1261/1263/2705 1247/1248/2706
f 1260/1262/2707 1247/1248/2707 1246/1247/2708
f 1261/1263/2709 1257/1259/2709 1247/1248/2709
f 1258/1260/2710 1254/1256/2711 1243/1246/2712
f 1259/1261/2713 1262/1264/2713 1250/1251/2713
f 1262/1264/2714 1244/1252/2714 1250/1251/2714
f 1262/1264/2715 1256/1258/2715 1244/1252/2715
f 1206/1208/2716 1205/1207/2717 1203/1206/2718
f 1206/1208/2719 1203/1206/2720 1213/1216/2721
f 1154/1160/2722 975/1006/2722 1153/1159/2722
f 954/979/2723 782/796/2723 933/959/2723
f 942/967/2724 753/759/2724 754/761/2724
f 747/753/2725 740/746/2725 793/748/2725
f 793/748/2726 939/964/2726 747/753/2726
f 793/748/2727 792/806/2727 939/964/2727
f 937/962/2728 789/803/2728 741/973/2728
f 885/905/2729 867/885/2729 884/903/2729
f 746/754/2730 747/753/2730 753/759/2730
f 1185/757/2731 751/756/2732 744/750/2733
f 1185/757/2734 744/750/2735 743/749/2736
f 1267/1265/2737 1266/1266/2737 1268/1267/2737
f 1268/1267/2738 1270/1268/2738 1269/1269/2738
f 1269/1269/2739 1270/1268/2739 1271/1270/2739
f 1271/1270/2740 1270/1268/2740 1272/1271/2740
f 1380/1272/2741 1272/1271/2741 1273/1273/2741
f 1278/1274/2742 1277/1275/2743 1296/1276/2743
f 1274/1277/2744 1278/1274/2744 1279/1278/2744
f 1283/1279/2745 1282/1280/2745 1281/1281/2745
f 1285/1282/2746 1287/1283/2746 1282/1280/2746
f 1285/1282/2747 1293/1284/2747 1287/1283/2747
f 1282/1280/2748 1290/1285/2748 1291/1286/2748
f 1291/1286/2749 1307/1287/2749 1284/1288/2749
f 1303/1289/2750 1293/1284/2750 1289/1290/2750
f 1297/1291/2751 1393/1292/2751 1390/1293/2751
f 1294/1294/2752 1298/1295/2752 1297/1291/2752
f 1301/1296/2753 1302/1297/2753 1298/1295/2753
f 1301/1296/2754 1298/1295/2754 1299/1298/2754
f 1303/1289/2755 1301/1296/2755 1304/1299/2755
f 1301/1296/2756 1299/1298/2756 1305/1300/2756
f 1305/1300/2757 1300/1301/2757 1306/1302/2757
f 1297/1291/2758 1345/1303/2758 1393/1292/2758
f 1308/1304/2759 1388/1305/2759 1309/1306/2759
f 1310/1307/2760 1306/1302/2760 1314/1308/2761
f 1319/1309/2762 1313/1310/2762 1321/1311/2762
f 1316/1312/2763 1315/1313/2763 1320/1314/2763
f 1300/1301/2764 1323/1315/2765 1324/1316/2766
f 1344/1317/2767 1325/1318/2767 1290/1285/2767
f 1344/1317/2768 1290/1285/2768 1292/1319/2768
f 1327/1320/2769 1329/1321/2769 1328/1322/2769
f 1308/1304/2770 1309/1306/2770 1329/1321/2770
f 1308/1304/2771 1329/1321/2771 1327/1320/2771
f 1330/1323/2772 1339/1324/2772 1327/1320/2772
f 1335/1325/2773 1331/1326/2773 1332/1327/2773
f 1340/1328/2774 1341/1329/2774 1339/1324/2774
f 1341/1329/2775 1338/1330/2775 1342/1331/2775
f 1342/1331/2776 1338/1330/2776 1337/1332/2776
f 1292/1319/2777 1347/1333/2777 1344/1317/2777
f 1326/1334/2778 1328/1322/2778 1312/1335/2778
f 1302/1297/2779 1349/1336/2779 1298/1295/2779
f 1298/1295/2780 1349/1336/2780 1297/1291/2780
f 1350/1337/2781 1353/1338/2781 1351/1339/2781
f 1354/1340/2782 1264/1341/2782 1355/1342/2782
f 1355/1342/2783 1264/1341/2783 1263/1343/2783
f 1325/1318/2784 1356/1344/2784 1343/1345/2784
f 1344/1317/2785 1356/1344/2786 1325/1318/2786
f 1357/1346/2787 1373/1347/2788 1344/1317/2788
f 1366/1348/2789 1374/1349/2789 1376/1350/2789
f 1372/1351/2790 1367/1352/2790 1376/1350/2790
f 1344/1317/2791 1373/1347/2791 1356/1344/2791
f 1356/1344/2792 1370/1353/2792 1378/1354/2792
f 1352/1355/2793 1351/1339/2793 1353/1338/2793
f 1376/1350/2794 1374/1349/2794 1353/1338/2794
f 1376/1350/2795 1353/1338/2795 1379/1356/2795
f 1356/1344/2796 1373/1347/2796 1370/1353/2796
f 1357/1346/2797 1375/1357/2797 1373/1347/2797
f 1352/1355/2798 1374/1349/2799 1375/1357/2799
f 1352/1355/2800 1375/1357/2800 1357/1346/2800
f 1353/1338/2801 1374/1349/2801 1352/1355/2801
f 1353/1338/2802 1350/1337/2802 1379/1356/2802
f 1372/1351/2803 1380/1272/2803 1377/1358/2803
f 1272/1271/2804 1380/1272/2804 1381/1359/2804
f 1380/1272/2805 1273/1273/2805 1264/1341/2805
f 1380/1272/2806 1264/1341/2806 1354/1340/2806
f 1380/1272/2807 1372/1351/2807 1381/1359/2807
f 1372/1351/2808 1379/1356/2808 1381/1359/2808
f 1378/1354/2809 1377/1358/2809 1380/1272/2809
f 1380/1272/2810 1356/1344/2810 1378/1354/2810
f 1355/1342/2811 1343/1345/2811 1356/1344/2811
f 1343/1345/2812 1355/1342/2812 1349/1336/2812
f 1331/1326/2813 1382/1360/2813 1332/1327/2813
f 1348/1361/2814 1332/1327/2814 1382/1360/2814
f 1266/1266/2815 1386/1362/2815 1265/1363/2815
f 1348/1361/2816 1382/1360/2816 1267/1265/2816
f 1385/1364/2817 1348/1361/2818 1267/1265/2819
f 1385/1364/2817 1267/1265/2819 1383/1365/2820
f 1384/1366/2821 1385/1364/2821 1383/1365/2821
f 1386/1362/2822 1382/1360/2822 1331/1326/2822
f 1266/1266/2823 1382/1360/2823 1386/1362/2823
f 1386/1362/2824 1263/1343/2824 1265/1363/2824
f 1263/1343/2825 1386/1362/2825 1355/1342/2825
f 1383/1365/2826 1351/1339/2826 1384/1366/2826
f 1267/1265/2827 1382/1360/2827 1266/1266/2827
f 1350/1337/2828 1351/1339/2828 1383/1365/2828
f 1267/1265/2829 1268/1267/2830 1269/1269/2829
f 1348/1361/2831 1385/1364/2831 1387/1367/2831
f 1271/1270/2832 1383/1365/2832 1269/1269/2832
f 1379/1356/2833 1271/1270/2833 1381/1359/2833
f 1271/1270/2834 1272/1271/2835 1381/1359/2835
f 1350/1337/2836 1383/1365/2836 1271/1270/2836
f 1379/1356/2837 1350/1337/2837 1271/1270/2837
f 1380/1272/2838 1354/1340/2838 1356/1344/2838
f 1355/1342/2839 1356/1344/2839 1354/1340/2839
f 1393/1292/2840 1323/1315/2840 1300/1301/2840
f 1349/1336/2841 1345/1303/2841 1297/1291/2841
f 1328/1322/2842 1369/1368/2842 1331/1326/2842
f 1369/1368/2843 1326/1334/2843 1346/1369/2843
f 1331/1326/2844 1369/1368/2844 1386/1362/2844
f 1369/1368/2845 1346/1369/2845 1386/1362/2845
f 1355/1342/2846 1345/1303/2846 1349/1336/2846
f 1346/1369/2847 1345/1303/2847 1355/1342/2847
f 1355/1342/2848 1386/1362/2848 1346/1369/2848
f 1388/1305/2849 1305/1300/2850 1306/1302/2851
f 1351/1339/2852 1388/1305/2852 1384/1366/2852
f 1352/1355/2853 1304/1299/2853 1388/1305/2853
f 1352/1355/2854 1388/1305/2854 1351/1339/2854
f 1387/1367/2855 1336/1370/2855 1335/1325/2855
f 1340/1328/2856 1330/1323/2856 1335/1325/2856
f 1308/1304/2857 1327/1320/2857 1334/1371/2857
f 1330/1323/2858 1340/1328/2858 1339/1324/2858
f 1313/1310/2859 1324/1316/2859 1322/1372/2859
f 1309/1306/2860 1316/1312/2860 1329/1321/2860
f 1296/1276/2861 1295/1373/2861 1278/1274/2861
f 1279/1278/2862 1278/1274/2862 1295/1373/2862
f 1279/1278/2863 1294/1294/2863 1276/1374/2863
f 1276/1374/2864 1390/1293/2864 1280/1375/2864
f 1391/1376/2865 1298/1295/2865 1295/1373/2865
f 1296/1276/2866 1277/1275/2866 1392/1377/2866
f 1291/1286/2867 1325/1318/2867 1307/1287/2867
f 1286/1378/2868 1288/1379/2868 1289/1290/2868
f 1282/1280/2869 1283/1279/2869 1285/1282/2869
f 1307/1287/2870 1288/1379/2870 1284/1288/2870
f 1287/1283/2871 1292/1319/2872 1290/1285/2873
f 1300/1301/2874 1305/1300/2874 1392/1377/2874
f 1392/1377/2875 1305/1300/2875 1391/1376/2875
f 1333/1380/2876 1338/1330/2876 1336/1370/2876
f 1340/1328/2877 1335/1325/2877 1341/1329/2877
f 1339/1324/2878 1337/1332/2878 1334/1371/2878
f 1306/1302/2879 1324/1316/2879 1314/1308/2879
f 1275/1381/2880 1280/1375/2880 1277/1275/2880
f 1279/1278/2881 1295/1373/2881 1298/1295/2881
f 1394/1382/2882 1365/1383/2882 1366/1348/2882
f 1367/1352/2883 1394/1382/2883 1366/1348/2883
f 1363/1384/2884 1367/1352/2884 1368/1385/2884
f 1364/1386/2885 1363/1384/2885 1368/1385/2885
f 1359/1387/2886 1364/1386/2886 1360/1388/2886
f 1366/1348/2887 1365/1383/2887 1374/1349/2887
f 1368/1385/2888 1377/1358/2888 1378/1354/2888
f 1384/1366/2889 1388/1305/2889 1389/1389/2889
f 1389/1389/2890 1385/1364/2890 1384/1366/2890
f 1387/1367/2891 1385/1364/2891 1389/1389/2891
f 1347/1333/2892 1304/1299/2892 1352/1355/2892
f 1321/1311/2893 1317/1390/2893 1320/1314/2893
f 1317/1390/2894 1318/1391/2894 1311/1392/2894
f 1318/1391/2895 1317/1390/2895 1321/1311/2895
f 1320/1314/2896 1317/1390/2896 1316/1312/2896
f 1319/1309/2897 1315/1313/2897 1314/1308/2897
f 1341/1329/2898 1342/1331/2898 1339/1324/2898
f 1342/1331/2899 1337/1332/2899 1339/1324/2899
f 1276/1374/2900 1280/1375/2900 1275/1381/2900
f 1274/1277/2901 1275/1381/2901 1278/1274/2901
f 1276/1374/2902 1275/1381/2902 1274/1277/2902
f 1283/1279/2903 1281/1281/2903 1284/1288/2903
f 1283/1279/2904 1286/1378/2904 1285/1282/2904
f 1284/1288/2905 1281/1281/2905 1291/1286/2905
f 1291/1286/2906 1281/1281/2906 1282/1280/2906
f 1297/1291/2907 1390/1293/2907 1294/1294/2907
f 1390/1293/2908 1276/1374/2908 1294/1294/2908
f 1390/1293/2909 1393/1292/2909 1280/1375/2909
f 1305/1300/2910 1299/1298/2910 1391/1376/2910
f 1295/1373/2911 1296/1276/2911 1392/1377/2911
f 1295/1373/2912 1392/1377/2912 1391/1376/2912
f 1301/1296/2913 1305/1300/2913 1388/1305/2913
f 1301/1296/2914 1388/1305/2914 1304/1299/2914
f 1279/1278/2915 1298/1295/2915 1294/1294/2915
f 1323/1315/2916 1393/1292/2916 1346/1369/2916
f 1280/1375/2917 1393/1292/2917 1300/1301/2917
f 1280/1375/2918 1300/1301/2918 1277/1275/2918
f 1300/1301/2919 1324/1316/2919 1306/1302/2919
f 1300/1301/2920 1392/1377/2920 1277/1275/2920
f 1302/1297/2921 1289/1290/2921 1288/1379/2921
f 1299/1298/2922 1298/1295/2922 1391/1376/2922
f 1302/1297/2923 1301/1296/2923 1289/1290/2923
f 1316/1312/2924 1317/1390/2924 1329/1321/2924
f 1339/1324/2925 1334/1371/2925 1327/1320/2925
f 1311/1392/2926 1318/1391/2926 1312/1335/2926
f 1312/1335/2927 1313/1310/2927 1322/1372/2927
f 1318/1391/2928 1321/1311/2928 1313/1310/2928
f 1318/1391/2929 1313/1310/2929 1312/1335/2929
f 1290/1285/2930 1325/1318/2930 1291/1286/2930
f 1387/1367/2931 1389/1389/2931 1308/1304/2931
f 1292/1319/2932 1303/1289/2933 1304/1299/2933
f 1293/1284/2934 1303/1289/2934 1292/1319/2934
f 1293/1284/2935 1285/1282/2935 1289/1290/2935
f 1387/1367/2936 1308/1304/2937 1333/1380/2936
f 1303/1289/2938 1289/1290/2938 1301/1296/2938
f 1289/1290/2939 1285/1282/2939 1286/1378/2939
f 1308/1304/2940 1334/1371/2940 1333/1380/2940
f 1334/1371/2941 1337/1332/2941 1338/1330/2941
f 1334/1371/2942 1338/1330/2942 1333/1380/2942
f 1314/1308/2943 1315/1313/2943 1316/1312/2943
f 1306/1302/2944 1310/1307/2944 1309/1306/2944
f 1314/1308/2945 1316/1312/2945 1310/1307/2945
f 1310/1307/2946 1316/1312/2946 1309/1306/2946
f 1324/1316/2947 1313/1310/2947 1314/1308/2947
f 1311/1392/2948 1329/1321/2948 1317/1390/2948
f 1313/1310/2949 1319/1309/2949 1314/1308/2949
f 1312/1335/2950 1328/1322/2950 1329/1321/2950
f 1346/1369/2951 1326/1334/2951 1322/1372/2951
f 1346/1369/2952 1322/1372/2952 1323/1315/2952
f 1328/1322/2953 1326/1334/2953 1369/1368/2953
f 1323/1315/2765 1322/1372/2954 1324/1316/2766
f 1329/1321/2955 1311/1392/2955 1312/1335/2955
f 1307/1287/2956 1349/1336/2956 1302/1297/2956
f 1307/1287/2957 1343/1345/2957 1349/1336/2958
f 1302/1297/2959 1288/1379/2959 1307/1287/2959
f 1287/1283/2871 1290/1285/2873 1282/1280/2960
f 1357/1346/2961 1344/1317/2961 1347/1333/2961
f 1371/1393/2962 1375/1357/2962 1365/1383/2962
f 1376/1350/2963 1367/1352/2964 1366/1348/2965
f 1292/1319/2966 1287/1283/2966 1293/1284/2966
f 1361/1394/2967 1365/1383/2967 1394/1382/2967
f 1365/1383/2968 1361/1394/2968 1371/1393/2968
f 1371/1393/2969 1373/1347/2969 1375/1357/2969
f 1360/1388/2970 1371/1393/2970 1361/1394/2970
f 1372/1351/2971 1377/1358/2972 1368/1385/2973
f 1362/1395/2974 1359/1387/2974 1360/1388/2974
f 1372/1351/2971 1368/1385/2973 1367/1352/2975
f 1368/1385/2976 1370/1353/2976 1364/1386/2976
f 1378/1354/2977 1370/1353/2977 1368/1385/2977
f 1363/1384/2978 1359/1387/2978 1362/1395/2978
f 1363/1384/2979 1362/1395/2979 1358/1396/2979
f 1364/1386/2980 1359/1387/2980 1363/1384/2980
f 1364/1386/2981 1370/1353/2981 1371/1393/2981
f 1364/1386/2982 1371/1393/2982 1360/1388/2982
f 1374/1349/2983 1365/1383/2983 1375/1357/2983
f 1322/1372/2984 1326/1334/2984 1312/1335/2985
f 1335/1325/2856 1330/1323/2986 1331/1326/2987
f 1335/1325/2988 1332/1327/2988 1387/1367/2988
f 1335/1325/2989 1336/1370/2989 1341/1329/2989
f 1267/1265/2990 1269/1269/2990 1383/1365/2990
f 1336/1370/2991 1338/1330/2991 1341/1329/2991
f 1336/1370/2992 1387/1367/2992 1333/1380/2992
f 1306/1302/2851 1309/1306/2993 1388/1305/2849
f 1308/1304/2994 1389/1389/2994 1388/1305/2994
f 1393/1292/2995 1345/1303/2995 1346/1369/2995
f 1343/1345/2996 1307/1287/2996 1325/1318/2996
f 1332/1327/2997 1348/1361/2997 1387/1367/2997
f 1330/1323/2998 1327/1320/2998 1328/1322/2998
f 1331/1326/2987 1330/1323/2986 1328/1322/2999
f 1357/1346/3000 1347/1333/3001 1352/1355/3002
f 1292/1319/3003 1304/1299/3003 1347/1333/3003
f 1371/1393/3004 1370/1353/3004 1373/1347/3004
f 1372/1351/3005 1376/1350/3005 1379/1356/3005
f 1279/1278/3006 1276/1374/3006 1274/1277/3006
f 1275/1381/3007 1277/1275/3007 1278/1274/3007
f 1288/1379/3008 1283/1279/3008 1284/1288/3008
f 1283/1279/3009 1288/1379/3009 1286/1378/3009
f 1315/1313/3010 1321/1311/3010 1320/1314/3010
f 1321/1311/3011 1315/1313/3011 1319/1309/3011
f 1360/1388/3012 1361/1394/3012 1362/1395/3012
f 1358/1396/3013 1367/1352/3013 1363/1384/3013
f 1362/1395/3014 1361/1394/3014 1394/1382/3014
f 1394/1382/3015 1358/1396/3015 1362/1395/3015
f 1367/1352/3016 1358/1396/3016 1394/1382/3016
f 1395/1397/3017 1397/1398/3017 1396/1399/3017
f 1399/1400/3018 1395/1397/3018 1400/1401/3018
f 1401/1402/3019 1420/1403/3019 1402/1404/3019
f 1406/1405/3020 1405/1406/3020 1404/1407/3020
f 881/899/3021 1073/1095/3021 1407/1408/3021
f 1409/1094/3022 1410/1409/3022 1073/1095/3022
f 1409/1094/3023 1417/1410/3023 1411/1411/3023
f 1409/1094/3024 1411/1411/3024 1410/1409/3024
f 1411/1411/3025 1402/1404/3025 1420/1403/3025
f 1402/1404/3026 1411/1411/3026 1417/1410/3026
f 1404/1407/3027 1403/1412/3028 1027/1059/3029
f 1404/1407/3030 1025/1057/3030 1406/1405/3030
f 1406/1405/3031 1025/1057/3031 1413/900/3031
f 1406/1405/3032 1413/900/3032 1412/1413/3032
f 1398/1414/3033 1400/1401/3033 1395/1397/3033
f 1398/1414/3034 1395/1397/3034 1396/1399/3034
f 1400/1401/3035 1408/1415/3035 1399/1400/3035
f 1399/1400/3036 1408/1415/3036 1073/1095/3036
f 1399/1400/3037 1073/1095/3037 1410/1409/3037
f 1410/1409/3038 1415/1416/3038 1399/1400/3038
f 1410/1409/3039 1416/1417/3039 1415/1416/3039
f 1416/1417/3040 1410/1409/3040 1411/1411/3040
f 1408/1415/3041 1400/1401/3041 1073/1095/3041
f 1400/1401/3042 1407/1408/3042 1073/1095/3042
f 1407/1408/3043 1400/1401/3043 1412/1413/3043
f 1407/1408/3044 1412/1413/3044 880/898/3044
f 1407/1408/3045 880/898/3045 881/899/3045
f 1441/1418/3046 1027/1059/3029 1403/1412/3028
f 1027/1059/3047 1441/1418/3047 1024/1063/3047
f 1027/1059/3029 1025/1057/3048 1404/1407/3027
f 878/901/3049 1413/900/3049 1025/1057/3049
f 880/898/3050 1412/1413/3050 1413/900/3050
f 1400/1401/3051 1398/1414/3051 1412/1413/3051
f 1398/1414/3052 1418/1419/3052 1414/1420/3052
f 1398/1414/3053 1414/1420/3053 1412/1413/3053
f 1414/1420/3054 1418/1419/3054 1419/1421/3054
f 1418/1419/3055 1397/1398/3055 1442/1422/3055
f 1397/1398/3056 1418/1419/3056 1398/1414/3056
f 1397/1398/3057 1398/1414/3057 1396/1399/3057
f 1404/1407/3058 1405/1406/3058 1403/1412/3058
f 1402/1404/3059 1422/1423/3059 1421/1424/3059
f 1421/1424/3060 1401/1402/3060 1402/1404/3060
f 1423/1425/3061 1424/1426/3061 1425/1427/3061
f 1421/1424/3062 1422/1423/3062 1425/1427/3062
f 1424/1426/3063 1421/1424/3063 1425/1427/3063
f 1425/1427/3064 1426/1055/3064 1423/1425/3064
f 1425/1427/3065 1422/1423/3065 1426/1055/3065
f 1427/1428/3066 1423/1425/3066 1426/1055/3066
f 1428/1429/3067 1427/1428/3067 1429/1430/3067
f 1429/1430/3068 1430/1056/3068 1428/1429/3068
f 1429/1430/3069 1427/1428/3069 1426/1055/3069
f 1428/1429/3070 1430/1056/3070 1431/1091/3070
f 1422/1423/3071 1402/1404/3071 1417/1410/3071
f 1430/1056/3072 1429/1430/3072 1426/1055/3072
f 1022/1052/3073 1422/1423/3073 1417/1410/3073
f 1022/1052/3074 1426/1055/3074 1422/1423/3074
f 1409/1094/3075 1022/1052/3075 1417/1410/3075
f 1432/1431/3076 1399/1400/3076 1415/1416/3076
f 1432/1431/3077 1415/1416/3077 1416/1417/3077
f 1411/1411/3078 1432/1431/3078 1416/1417/3078
f 1433/1432/3079 1401/1402/3079 1421/1424/3079
f 1424/1426/3080 1433/1432/3080 1421/1424/3080
f 1427/1428/3081 1440/1433/3081 1423/1425/3081
f 1428/1429/3082 1440/1433/3082 1427/1428/3082
f 1431/1091/3083 1434/1434/3083 1428/1429/3083
f 1435/1435/3084 1399/1400/3084 1432/1431/3084
f 1435/1435/3085 1432/1431/3085 1436/1436/3085
f 1411/1411/3086 1437/1437/3086 1432/1431/3086
f 1438/1438/3087 1411/1411/3087 1420/1403/3087
f 1437/1437/3088 1411/1411/3088 1438/1438/3088
f 1439/1439/3089 1438/1438/3089 1433/1432/3089
f 1434/1434/3090 1440/1433/3090 1428/1429/3090
f 1439/1439/3091 1433/1432/3091 1440/1433/3091
f 1424/1426/3092 1423/1425/3092 1440/1433/3092
f 1424/1426/3093 1440/1433/3093 1433/1432/3093
f 1403/1412/3094 1439/1439/3094 1441/1418/3094
f 1437/1437/3095 1438/1438/3095 1439/1439/3095
f 1438/1438/3096 1420/1403/3097 1401/1402/3098
f 1438/1438/3096 1401/1402/3098 1433/1432/3099
f 1440/1433/3100 1434/1434/3100 1441/1418/3100
f 1434/1434/3101 1431/1091/3101 1441/1418/3101
f 1441/1418/3102 1431/1091/3102 1024/1063/3102
f 1439/1439/3103 1440/1433/3103 1441/1418/3103
f 1439/1439/3104 1403/1412/3104 1437/1437/3104
f 1442/1422/3105 1397/1398/3105 1395/1397/3105
f 1399/1400/3106 1442/1422/3106 1395/1397/3106
f 1435/1435/3107 1405/1406/3107 1419/1421/3107
f 1405/1406/3108 1435/1435/3108 1403/1412/3108
f 1403/1412/3109 1435/1435/3109 1437/1437/3109
f 1435/1435/3110 1436/1436/3110 1437/1437/3110
f 1432/1431/3111 1437/1437/3111 1436/1436/3111
f 1405/1406/3112 1406/1405/3112 1414/1420/3112
f 1405/1406/3113 1414/1420/3113 1419/1421/3113
f 1442/1422/3114 1399/1400/3114 1435/1435/3114
f 1419/1421/3115 1442/1422/3115 1435/1435/3115
f 1418/1419/3116 1442/1422/3116 1419/1421/3116
f 1406/1405/3117 1412/1413/3117 1414/1420/3117
f 1179/1185/3118 1176/1183/3118 1189/1193/3118
f 1179/1185/3119 1189/1193/3119 1190/1195/3119
f 1193/1198/3120 1180/1149/3120 1190/1195/3120
f 1193/1198/3121 1192/1215/3122 1203/1206/3123
f 1184/1188/3124 1195/1199/3124 1204/1205/3124
f 1195/1199/3125 1203/1206/3126 1204/1205/3127
f 925/953/3128 1179/1185/3128 1141/1148/3128
f 1141/1148/3129 1179/1185/3129 1190/1195/3129
f 1141/1148/3130 1190/1195/3130 1180/1149/3130
f 1183/1187/3131 1195/1199/3132 1184/1188/3133
f 1176/1183/3134 1179/1185/3134 771/783/3134
f 1192/1215/3135 1193/1198/3135 1190/1195/3135
f 1192/1215/3136 1190/1195/3136 1191/1197/3136
f 1203/1206/3137 1195/1199/3138 1193/1198/3139
f 1260/1262/3140 1256/1258/3140 1262/1264/3140
f 1263/1343/3141 1264/1341/3142 1259/1261/3142
f 1263/1343/3143 1259/1261/3144 1265/1363/3144
f 1266/1266/3145 1265/1363/3145 1268/1267/3145
f 1272/1271/3146 1270/1268/3147 1261/1263/3148
f 1272/1271/3149 1261/1263/3150 1273/1273/3151
f 1273/1273/3152 1261/1263/3152 1259/1261/3152
f 1264/1341/3153 1273/1273/3153 1259/1261/3153
f 1259/1261/3154 1254/1256/3155 1265/1363/3156
f 1254/1256/2711 1258/1260/2710 1265/1363/3157
f 1253/1255/3158 1268/1267/3158 1265/1363/3158
f 1253/1255/3159 1265/1363/3159 1258/1260/3159
f 1252/1254/3160 1268/1267/3160 1253/1255/3160
f 1255/1257/3161 1270/1268/3161 1268/1267/3161
f 1255/1257/3162 1268/1267/3162 1252/1254/3162
f 1251/1253/3163 1270/1268/3164 1255/1257/3164
f 1257/1259/3165 1270/1268/3165 1251/1253/3165
f 1261/1263/3166 1270/1268/3166 1257/1259/3166
f 1262/1264/3167 1259/1261/3167 1261/1263/3167
f 1262/1264/3168 1261/1263/3168 1260/1262/3168
f 776/788/3169 931/957/3169 781/794/3170
f 779/793/3171 776/788/3171 781/794/3171
f 779/793/3172 675/55/3172 922/244/3172
f 779/793/3173 922/244/3173 775/789/3173
f 929/956/3174 930/765/3174 1144/1152/3175
f 778/792/3176 929/956/3176 931/957/3176
f 931/957/3177 929/956/3177 1144/1152/3177
f 776/788/3178 778/792/3178 931/957/3178
f 798/808/3179 797/763/3179 755/762/3179
f 930/765/3180 756/764/3180 1144/1152/3180
f 795/807/3181 797/763/3181 796/81/3181
f 958/984/3182 797/763/3182 795/807/3182
f 958/984/3183 756/764/3183 797/763/3183
f 958/984/3184 957/983/3185 756/764/3184
f 957/983/3186 1144/1152/3187 756/764/3186
f 781/794/3188 675/55/3188 779/793/3188
f 724/211/3189 907/931/3189 723/212/3189
f 1058/1440/3190 1059/1076/3190 907/931/3190
f 812/824/3191 811/823/3191 905/1441/3191
f 814/927/3192 813/825/3192 812/824/3192
f 1123/1132/3193 1122/827/3193 1133/1141/3193
f 810/822/3194 1135/1442/3194 1443/1143/3194
f 1132/1443/3195 1444/1444/3195 1123/1132/3195
f 1444/1444/3196 1445/1445/3196 1123/1132/3196
f 974/1005/3197 1093/1113/3197 1108/1112/3197
f 1094/1114/3198 1444/1444/3198 1107/1124/3198
f 1132/1443/3199 1095/1115/3199 1107/1124/3199
f 1131/1140/3200 1135/1442/3200 810/822/3200
f 1131/1140/3201 810/822/3201 809/821/3201
f 906/819/3202 807/818/3202 1136/1139/3202
f 698/232/3203 687/228/3203 978/943/3203
f 698/232/3204 978/943/3204 977/944/3204
f 977/944/3205 978/943/3205 1093/1113/3205
f 977/944/3206 1093/1113/3206 976/1007/3206
f 1095/1115/3207 1132/1443/3207 1135/1442/3207
f 1095/1115/3208 1135/1442/3208 1124/1133/3208
f 1124/1133/3209 1135/1442/3209 1131/1140/3209
f 1094/1114/3210 974/1005/3210 1108/1112/3210
f 809/821/3211 1125/1134/3211 1131/1140/3211
f 1094/1114/3212 1108/1112/3212 1445/1445/3212
f 1444/1444/3213 1094/1114/3213 1445/1445/3213
f 1107/1124/3214 1444/1444/3214 1132/1443/3214
f 906/819/3215 1136/1139/3215 809/821/3215
f 1059/1076/3216 1058/1440/3216 905/1441/3216
f 811/823/3217 813/825/3217 904/929/3217
f 697/226/3218 983/940/3218 982/941/3218
f 983/940/3219 984/1010/3219 982/941/3219
f 1091/1110/3220 1092/1111/3220 982/941/3220
f 1110/1126/3221 1111/830/3221 1122/827/3221
f 1110/1126/3222 1092/1111/3222 1091/1110/3222
f 811/823/3223 1057/930/3223 905/1441/3223
f 905/1441/3224 1057/930/3224 1059/1076/3224
f 1109/1125/2294 1110/1126/3225 1122/827/2292
f 814/927/3226 1134/1142/3226 1054/925/3226
f 1059/1076/3227 908/932/3227 907/931/3227
f 1110/1126/3228 1109/1125/3228 1092/1111/3228
f 1134/1142/2317 1133/1141/3229 816/826/2318
f 980/942/3230 981/1009/3230 979/1008/3230
f 979/1008/3231 1109/1125/3231 1445/1445/3231
f 1058/1440/3232 907/931/3232 724/211/3232
f 1058/1440/3233 808/820/3233 905/1441/3233
f 808/820/3234 812/824/3234 905/1441/3234
f 810/822/3235 812/824/3235 808/820/3235
f 1443/1143/3236 812/824/3236 810/822/3236
f 1443/1143/3237 1123/1132/3237 1133/1141/3237
f 735/742/3238 906/819/3238 1058/1440/3238
f 1108/1112/3239 979/1008/3239 1445/1445/3239
f 724/211/3240 735/742/3240 1058/1440/3240
f 808/820/3241 1058/1440/3241 906/819/3241
f 1132/1443/3242 1123/1132/3242 1443/1143/3242
f 1443/1143/3243 1135/1442/3243 1132/1443/3243
f 1123/1132/3244 1445/1445/3244 1109/1125/3244
f 1443/1143/3245 814/927/3245 812/824/3245
f 1443/1143/3246 1134/1142/3246 814/927/3246
f 859/878/3247 861/880/3247 860/877/3247
f 888/875/3248 887/907/3248 1033/1066/3248
f 1072/1088/3249 1014/1044/3249 1015/1097/3249
f 1072/1088/3250 1015/1097/3250 1013/1099/3250
f 1068/1087/3251 1069/1090/3251 1016/1045/3251
f 1119/1128/3252 864/882/3252 863/881/3252
f 1066/1086/3253 1072/1088/3253 1013/1099/3253
f 1010/1040/3254 1011/1041/3254 1077/1129/3254
f 104/155/3255 266/385/3255 132/362/3255
f 243/340/3256 360/424/3256 309/394/3256
f 302/364/3257 301/339/500 303/383/499
f 243/340/3258 242/336/3258 241/335/3258
f 243/340/3259 241/335/3259 360/424/3259
f 105/426/3260 104/155/3260 106/158/3260
f 266/385/3261 104/155/3261 133/153/3261
f 100/149/3262 266/385/3262 133/153/3262
f 302/364/3263 303/383/3264 266/385/3265
f 302/364/3263 266/385/3265 100/149/3266
f 106/158/3267 359/423/3267 358/395/3267
f 310/332/3268 359/423/3268 360/424/3268
f 1012/1043/3269 1066/1086/3269 1013/1099/3269
f 1072/1088/3270 1066/1086/3270 1067/1067/3270
f 1011/1041/3271 1012/1043/3271 1077/1129/3271
f 1118/1100/3272 1078/1038/3272 859/878/3272
f 859/878/3273 888/875/3273 857/876/3273
f 859/878/3274 857/876/3274 858/1131/3274
f 888/875/3275 853/870/3275 889/873/3275
f 853/870/3276 1072/1088/3276 1067/1067/3276
f 1034/1089/3277 853/870/3277 1033/1066/3277
f 1033/1066/3278 853/870/3278 888/875/3278
f 1068/1087/3279 853/870/3279 1034/1089/3279
f 1077/1129/3280 1012/1043/3280 1013/1099/3280
f 1077/1129/3281 1013/1099/3281 1076/1098/3281
f 1078/1038/3282 1077/1129/3282 1119/1128/3282
