$MeshFormat
2.2 0 8
$EndMeshFormat
$PhysicalNames
1
3 1 "MyTetrahedra"
$EndPhysicalNames
$Nodes
1375
1 0 -0.5 0
2 0.3618040000000001 -0.22361 0.262863
3 -0.138194 -0.22361 0.4253250000000001
4 -0.447213 -0.223608 0
5 -0.138194 -0.22361 -0.4253250000000001
6 0.3618040000000001 -0.22361 -0.262863
7 0.138194 0.22361 0.4253250000000001
8 -0.3618040000000001 0.22361 0.262863
9 -0.3618040000000001 0.22361 -0.262863
10 0.138194 0.22361 -0.4253250000000001
11 0.447213 0.223608 0
12 0 0.5 0
13 -0.128968 -0.275343 0.39693
14 -0.116411 -0.3287600000000001 0.358282
15 -0.100344 -0.380201 0.308833
16 -0.08122800000000001 -0.4253270000000001 0.2499980000000001
17 -0.060206 -0.460477 0.185299
18 -0.038803 -0.483975 0.119426
19 -0.018424 -0.496433 0.056704
20 0.048235 -0.496432 0.03504499999999999
21 0.10159 -0.483975 0.073809
22 0.157625 -0.460477 0.11452
23 0.212661 -0.4253270000000001 0.154506
24 0.26271 -0.380201 0.190868
25 0.304773 -0.328759 0.221428
26 0.3376500000000001 -0.275342 0.245314
27 0.3192260000000001 -0.238494 0.302019
28 0.26597 -0.251151 0.340856
29 0.202504 -0.259786 0.376169
30 0.131434 -0.262869 0.404506
31 0.057282 -0.259786 0.423355
32 -0.01482 -0.251151 0.432092
33 -0.08073300000000001 -0.238494 0.4319760000000001
34 0.3858860000000001 -0.238493 -0.210269
35 0.406365 -0.25115 -0.147619
36 0.420336 -0.259785 -0.076347
37 0.4253240000000001 -0.262868 0
38 0.420336 -0.259785 0.076347
39 0.406365 -0.25115 0.147619
40 0.3858860000000001 -0.238493 0.210269
41 0.048235 -0.496432 -0.03504499999999999
42 0.10159 -0.483975 -0.073809
43 0.157625 -0.460477 -0.11452
44 0.212661 -0.4253270000000001 -0.154506
45 0.26271 -0.380201 -0.190868
46 0.304773 -0.328759 -0.221428
47 0.3376500000000001 -0.275342 -0.245314
48 -0.4173580000000001 -0.27534 0
49 -0.376721 -0.328757 0
50 -0.3247280000000001 -0.3802 0
51 -0.262865 -0.4253260000000001 0
52 -0.194837 -0.460477 0
53 -0.125574 -0.483975 0
54 -0.05962300000000001 -0.496432 0
55 -0.188592 -0.238494 0.396931
56 -0.241986 -0.251151 0.358282
57 -0.295183 -0.259786 0.3088340000000001
58 -0.344095 -0.262868 0.2499980000000001
59 -0.3849360000000001 -0.259785 0.1853
60 -0.415525 -0.251149 0.119427
61 -0.4357820000000001 -0.238492 0.056704
62 -0.128968 -0.275343 -0.39693
63 -0.116411 -0.3287600000000001 -0.358282
64 -0.100344 -0.380201 -0.308833
65 -0.08122800000000001 -0.4253270000000001 -0.2499980000000001
66 -0.060206 -0.460477 -0.185299
67 -0.038803 -0.483975 -0.119426
68 -0.018424 -0.496433 -0.056704
69 -0.4357820000000001 -0.238492 -0.056704
70 -0.415525 -0.251149 -0.119427
71 -0.3849360000000001 -0.259785 -0.1853
72 -0.344095 -0.262868 -0.2499980000000001
73 -0.295183 -0.259786 -0.3088340000000001
74 -0.241986 -0.251151 -0.358282
75 -0.188591 -0.238494 -0.396931
76 -0.08073300000000001 -0.238494 -0.4319760000000001
77 -0.01482 -0.251151 -0.432092
78 0.057282 -0.259786 -0.4233560000000001
79 0.131434 -0.262869 -0.404506
80 0.202504 -0.259786 -0.376169
81 0.26597 -0.251151 -0.340856
82 0.3192260000000001 -0.238494 -0.302019
83 0.465594 0.178869 0.03504499999999999
84 0.478313 0.125575 0.073809
85 0.4823560000000001 0.064946 0.114521
86 0.475529 -0 0.154506
87 0.457549 -0.064946 0.190868
88 0.430349 -0.125575 0.221429
89 0.397273 -0.17887 0.245314
90 0.397273 -0.17887 -0.245314
91 0.430349 -0.125575 -0.221429
92 0.457549 -0.064946 -0.190868
93 0.475529 0 -0.154506
94 0.4823560000000001 0.064946 -0.114521
95 0.478313 0.125575 -0.073809
96 0.465594 0.178869 -0.03504499999999999
97 0.110544 0.178871 0.453636
98 0.07760800000000001 0.125576 0.477711
99 0.04013800000000001 0.06494699999999999 0.4941369999999999
100 -0 -0 0.5
101 -0.04013800000000001 -0.06494699999999999 0.494136
102 -0.07760800000000001 -0.125576 0.477711
103 -0.110544 -0.178871 0.453636
104 0.356075 -0.178871 0.302019
105 0.343579 -0.125576 0.340858
106 0.3229200000000001 -0.06494699999999999 0.376171
107 0.293893 0 0.404508
108 0.257973 0.06494699999999999 0.4233580000000001
109 0.218003 0.125576 0.432094
110 0.177205 0.178871 0.4319770000000001
111 -0.397273 0.17887 0.245314
112 -0.430349 0.125575 0.221429
113 -0.457549 0.064946 0.190868
114 -0.475529 -0 0.154506
115 -0.4823560000000001 -0.064946 0.114521
116 -0.478313 -0.125575 0.073809
117 -0.465594 -0.178869 0.03504499999999999
118 -0.177205 -0.178871 0.4319770000000001
119 -0.218003 -0.125576 0.432094
120 -0.257973 -0.06494699999999999 0.4233580000000001
121 -0.293893 0 0.404508
122 -0.3229200000000001 0.06494699999999999 0.376171
123 -0.343579 0.125576 0.340858
124 -0.356075 0.178871 0.302019
125 -0.356075 0.178871 -0.302019
126 -0.343579 0.125576 -0.340858
127 -0.3229200000000001 0.06494699999999999 -0.376171
128 -0.293893 -0 -0.404508
129 -0.257973 -0.06494699999999999 -0.4233580000000001
130 -0.218003 -0.125576 -0.432094
131 -0.177205 -0.178871 -0.4319770000000001
132 -0.465594 -0.178869 -0.03504499999999999
133 -0.478313 -0.125575 -0.073809
134 -0.4823560000000001 -0.064946 -0.114521
135 -0.475529 0 -0.154506
136 -0.457549 0.064946 -0.190868
137 -0.430349 0.125575 -0.221429
138 -0.397273 0.17887 -0.245314
139 0.177205 0.178871 -0.4319770000000001
140 0.218003 0.125576 -0.432094
141 0.257973 0.06494699999999999 -0.4233580000000001
142 0.293893 -0 -0.404508
143 0.3229200000000001 -0.06494699999999999 -0.376171
144 0.343579 -0.125576 -0.340858
145 0.356075 -0.178871 -0.302019
146 -0.110544 -0.178871 -0.453636
147 -0.07760800000000001 -0.125576 -0.477711
148 -0.04013800000000001 -0.06494699999999999 -0.4941369999999999
149 0 0 -0.5
150 0.04013800000000001 0.06494699999999999 -0.494136
151 0.07760800000000001 0.125576 -0.477711
152 0.110544 0.178871 -0.453636
153 0.4357820000000001 0.238492 0.056704
154 0.415525 0.251149 0.119427
155 0.3849360000000001 0.259785 0.1853
156 0.344095 0.262868 0.2499980000000001
157 0.295183 0.259786 0.3088340000000001
158 0.241986 0.251151 0.358282
159 0.188591 0.238494 0.396931
160 0.08073300000000001 0.238494 0.4319760000000001
161 0.01482 0.251151 0.432092
162 -0.057282 0.259786 0.4233560000000001
163 -0.131434 0.262869 0.404506
164 -0.202504 0.259786 0.376169
165 -0.26597 0.251151 0.340856
166 -0.3192260000000001 0.238494 0.302019
167 -0.3858860000000001 0.238493 0.210269
168 -0.406365 0.25115 0.147619
169 -0.420336 0.259785 0.076347
170 -0.4253240000000001 0.262868 -0
171 -0.420336 0.259785 -0.076347
172 -0.406365 0.25115 -0.147619
173 -0.3858860000000001 0.238493 -0.210269
174 -0.3192260000000001 0.238494 -0.302019
175 -0.26597 0.251151 -0.340856
176 -0.202504 0.259786 -0.376169
177 -0.131434 0.262869 -0.404506
178 -0.057282 0.259786 -0.423355
179 0.01482 0.251151 -0.432092
180 0.08073300000000001 0.238494 -0.4319760000000001
181 0.188592 0.238494 -0.396931
182 0.241986 0.251151 -0.358282
183 0.295183 0.259786 -0.3088340000000001
184 0.344095 0.262868 -0.2499980000000001
185 0.3849360000000001 0.259785 -0.1853
186 0.415525 0.251149 -0.119427
187 0.4357820000000001 0.238492 -0.056704
188 0.018424 0.496433 0.056704
189 0.038803 0.483975 0.119426
190 0.060206 0.460477 0.185299
191 0.08122800000000001 0.4253270000000001 0.2499980000000001
192 0.100344 0.380201 0.308833
193 0.116411 0.3287600000000001 0.358282
194 0.128968 0.275343 0.39693
195 0.4173580000000001 0.27534 0
196 0.376721 0.328757 0
197 0.3247280000000001 0.3802 0
198 0.262865 0.4253260000000001 0
199 0.194837 0.460477 0
200 0.125574 0.483975 0
201 0.05962300000000001 0.496432 0
202 -0.048235 0.496432 0.03504499999999999
203 -0.10159 0.483975 0.073809
204 -0.157625 0.460477 0.11452
205 -0.212661 0.4253270000000001 0.154506
206 -0.26271 0.380201 0.190868
207 -0.304773 0.328759 0.221428
208 -0.3376500000000001 0.275342 0.245314
209 -0.048235 0.496432 -0.03504499999999999
210 -0.10159 0.483975 -0.073809
211 -0.157625 0.460477 -0.11452
212 -0.212661 0.4253270000000001 -0.154506
213 -0.26271 0.380201 -0.190868
214 -0.304773 0.328759 -0.221428
215 -0.3376500000000001 0.275342 -0.245314
216 0.018424 0.496433 -0.056704
217 0.038803 0.483975 -0.119426
218 0.060206 0.460477 -0.185299
219 0.08122800000000001 0.4253270000000001 -0.2499980000000001
220 0.100344 0.380201 -0.308833
221 0.116411 0.3287600000000001 -0.358282
222 0.128968 0.275343 -0.39693
223 0.08309900000000001 0.489336 -0.060375
224 0.153584 0.471604 -0.063259
225 0.107622 0.471604 -0.126518
226 0.225687 0.441427 -0.06486500000000001
227 0.1809 0.447215 -0.131431
228 0.131431 0.441428 -0.194596
229 0.293891 0.399275 -0.06486500000000001
230 0.253364 0.409956 -0.133201
231 0.204975 0.409956 -0.199802
232 0.152507 0.399276 -0.259462
233 0.353129 0.348279 -0.063259
234 0.319097 0.361805 -0.131432
235 0.275004 0.366677 -0.199802
236 0.223605 0.3618060000000001 -0.262864
237 0.169284 0.348281 -0.316297
238 0.400511 0.293165 -0.060375
239 0.373683 0.307171 -0.126519
240 0.336043 0.3149710000000001 -0.194597
241 0.288915 0.3149710000000001 -0.259463
242 0.2358 0.3071720000000001 -0.316297
243 0.181183 0.293167 -0.362251
244 -0.031741 0.489336 -0.097688
245 -0.012704 0.471604 -0.165614
246 -0.08706900000000001 0.471604 -0.141451
247 0.008049000000000001 0.441428 -0.234684
248 -0.06909900000000001 0.447215 -0.21266
249 -0.144458 0.441428 -0.185131
250 0.029125 0.399276 -0.29955
251 -0.04839 0.409957 -0.282124
252 -0.126683 0.409957 -0.256684
253 -0.199636 0.399276 -0.22522
254 0.048957 0.348281 -0.355392
255 -0.02639500000000001 0.3618060000000001 -0.344092
256 -0.105044 0.366677 -0.3232860000000001
257 -0.180902 0.3618060000000001 -0.2938890000000001
258 -0.248505 0.348281 -0.2587389999999999
259 0.066342 0.293167 -0.399564
260 -0.004854 0.3071720000000001 -0.394489
261 -0.08123100000000001 0.3149720000000001 -0.379729
262 -0.157485 0.3149720000000001 -0.354952
263 -0.227951 0.3071720000000001 -0.321999
264 -0.288533 0.293167 -0.284256
265 -0.102716 0.489336 0
266 -0.161434 0.471604 -0.039096
267 -0.161434 0.471604 0.039096
268 -0.220711 0.441427 -0.080177
269 -0.223605 0.447215 0
270 -0.220711 0.441427 0.080177
271 -0.27589 0.399276 -0.120266
272 -0.28327 0.409956 -0.041161
273 -0.28327 0.409956 0.041161
274 -0.27589 0.399276 0.120266
275 -0.3228700000000001 0.34828 -0.156384
276 -0.3354080000000001 0.361805 -0.08122900000000001
277 -0.3399240000000001 0.366677 0
278 -0.3354080000000001 0.361805 0.08122900000000001
279 -0.3228700000000001 0.34828 0.156384
280 -0.359508 0.293167 -0.186568
281 -0.3766820000000001 0.3071720000000001 -0.117288
282 -0.386246 0.3149710000000001 -0.040089
283 -0.386246 0.3149710000000001 0.040089
284 -0.3766820000000001 0.3071720000000001 0.117288
285 -0.359508 0.293167 0.186568
286 -0.031741 0.489336 0.097688
287 -0.08706900000000001 0.471604 0.141451
288 -0.012704 0.471604 0.165614
289 -0.144458 0.441428 0.185131
290 -0.06909900000000001 0.447215 0.21266
291 0.008049000000000001 0.441428 0.234684
292 -0.199636 0.399276 0.22522
293 -0.126683 0.409957 0.256684
294 -0.04839 0.409957 0.282124
295 0.029125 0.399276 0.29955
296 -0.248505 0.348281 0.2587389999999999
297 -0.180902 0.3618060000000001 0.2938890000000001
298 -0.105044 0.366677 0.3232860000000001
299 -0.02639500000000001 0.3618060000000001 0.344092
300 0.048957 0.348281 0.355392
301 -0.288533 0.293167 0.284256
302 -0.227951 0.3071720000000001 0.321999
303 -0.157485 0.3149720000000001 0.354952
304 -0.08123100000000001 0.3149720000000001 0.379729
305 -0.004854 0.3071720000000001 0.394489
306 0.066342 0.293167 0.399564
307 0.08309900000000001 0.489336 0.060375
308 0.107622 0.471604 0.126518
309 0.153584 0.471604 0.063259
310 0.131431 0.441428 0.194596
311 0.1809 0.447215 0.131431
312 0.225687 0.441427 0.06486500000000001
313 0.152507 0.399276 0.259462
314 0.204975 0.409956 0.199802
315 0.253364 0.409956 0.133201
316 0.293891 0.399275 0.06486500000000001
317 0.169284 0.348281 0.316297
318 0.223605 0.3618060000000001 0.262864
319 0.275004 0.366677 0.199802
320 0.319097 0.361805 0.131432
321 0.353129 0.348279 0.063259
322 0.181183 0.293167 0.362251
323 0.2358 0.3071720000000001 0.316297
324 0.288915 0.3149710000000001 0.259463
325 0.336043 0.3149710000000001 0.194597
326 0.373683 0.307171 0.126519
327 0.400511 0.293165 0.060375
328 0.45187 0.190449 -0.097688
329 0.460754 0.133031 -0.141451
330 0.427496 0.199547 -0.165614
331 0.4594280000000001 0.06820500000000002 -0.185132
332 0.4309020000000001 0.138198 -0.212661
333 0.391223 0.204614 -0.234686
334 0.446403 -0 -0.225221
335 0.42333 0.07003000000000001 -0.256686
336 0.3883150000000001 0.140059 -0.282126
337 0.344095 0.204615 -0.299552
338 0.422645 -0.06651600000000001 -0.2587409999999999
339 0.40451 0 -0.293891
340 0.374941 0.07003000000000001 -0.3232880000000001
341 0.3354100000000001 0.138199 -0.344095
342 0.289613 0.199548 -0.355394
343 0.391251 -0.126967 -0.284257
344 0.3766840000000001 -0.06651600000000001 -0.322001
345 0.352147 0 -0.354955
346 0.318044 0.06820500000000002 -0.379732
347 0.27691 0.133033 -0.394491
348 0.232542 0.19045 -0.399566
349 0.046726 0.19045 -0.459941
350 0.007850000000000001 0.133032 -0.4819140000000001
351 -0.025408 0.199548 -0.45775
352 -0.03410200000000001 0.06820500000000002 -0.494151
353 -0.06909900000000001 0.138199 -0.4755280000000001
354 -0.102308 0.204615 -0.444596
355 -0.07625400000000002 -0 -0.494151
356 -0.113309 0.07003000000000001 -0.48193
357 -0.148324 0.140059 -0.45649
358 -0.178562 0.204615 -0.4198190000000001
359 -0.115474 -0.06651600000000001 -0.4819140000000001
360 -0.154508 -0 -0.4755280000000001
361 -0.191603 0.07003000000000001 -0.456491
362 -0.223608 0.138199 -0.4253240000000001
363 -0.248506 0.199548 -0.38526
364 -0.149443 -0.126967 -0.459942
365 -0.18984 -0.06651600000000001 -0.457751
366 -0.228763 -0 -0.444598
367 -0.262866 0.06820500000000002 -0.4198210000000001
368 -0.289614 0.133032 -0.385261
369 -0.308151 0.19045 -0.344633
370 -0.422991 0.190449 -0.186568
371 -0.455902 0.133032 -0.156384
372 -0.443198 0.199547 -0.117288
373 -0.480504 0.06820500000000002 -0.120266
374 -0.473607 0.138198 -0.08122900000000001
375 -0.454451 0.204614 -0.040089
376 -0.49353 0 -0.080177
377 -0.493358 0.07002900000000001 -0.041161
378 -0.479983 0.140059 0
379 -0.454451 0.204614 0.040089
380 -0.494011 -0.066515 -0.039096
381 -0.5 0 0
382 -0.493357 0.07003000000000001 0.041161
383 -0.473606 0.138198 0.08122900000000001
384 -0.443198 0.199548 0.117288
385 -0.483611 -0.126965 0
386 -0.494011 -0.066515 0.039096
387 -0.49353 1e-06 0.080178
388 -0.480504 0.06820600000000002 0.120267
389 -0.455902 0.133032 0.156385
390 -0.422991 0.19045 0.186568
391 -0.308151 0.19045 0.344633
392 -0.289615 0.133032 0.385261
393 -0.248506 0.199548 0.38526
394 -0.262866 0.06820500000000002 0.4198210000000001
395 -0.223608 0.138198 0.4253240000000001
396 -0.178562 0.204615 0.4198190000000001
397 -0.228764 -0 0.444598
398 -0.191604 0.07002900000000001 0.456491
399 -0.148324 0.140059 0.45649
400 -0.102308 0.204615 0.444596
401 -0.18984 -0.06651699999999999 0.457751
402 -0.154509 -0 0.4755280000000001
403 -0.113309 0.07002900000000001 0.48193
404 -0.06910000000000001 0.138198 0.4755280000000001
405 -0.025408 0.199548 0.45775
406 -0.149443 -0.126967 0.459942
407 -0.115474 -0.06651600000000001 0.4819140000000001
408 -0.07625500000000002 -0 0.494151
409 -0.03410300000000001 0.06820500000000002 0.494151
410 0.007850000000000001 0.133032 0.4819140000000001
411 0.046725 0.19045 0.459941
412 0.232542 0.19045 0.399566
413 0.27691 0.133032 0.394491
414 0.289613 0.199548 0.355394
415 0.318044 0.06820500000000002 0.379732
416 0.3354100000000001 0.138198 0.344095
417 0.344095 0.204614 0.299552
418 0.352146 -1e-06 0.354955
419 0.374941 0.07002900000000001 0.3232880000000001
420 0.3883150000000001 0.140058 0.282126
421 0.391223 0.204614 0.234686
422 0.3766840000000001 -0.06651699999999999 0.322001
423 0.404509 -1e-06 0.293892
424 0.42333 0.07002800000000001 0.256687
425 0.4309020000000001 0.138197 0.212662
426 0.427496 0.199547 0.165615
427 0.39125 -0.126967 0.284258
428 0.422645 -0.06651699999999999 0.2587409999999999
429 0.446402 -1e-06 0.225222
430 0.4594280000000001 0.06820400000000001 0.185133
431 0.460754 0.133031 0.141452
432 0.45187 0.190448 0.097689
433 0.149443 0.126967 -0.459942
434 0.18984 0.06651600000000001 -0.457751
435 0.115474 0.06651600000000001 -0.4819140000000001
436 0.228764 -0 -0.444598
437 0.154509 -0 -0.4755280000000001
438 0.07625500000000002 0 -0.494151
439 0.262866 -0.06820500000000002 -0.4198210000000001
440 0.191604 -0.07003000000000001 -0.456491
441 0.113309 -0.07003000000000001 -0.48193
442 0.03410300000000001 -0.06820500000000002 -0.494151
443 0.289615 -0.133033 -0.385261
444 0.223608 -0.138199 -0.4253240000000001
445 0.148324 -0.140059 -0.45649
446 0.06910000000000001 -0.138199 -0.475527
447 -0.007850000000000001 -0.133032 -0.4819140000000001
448 0.308151 -0.19045 -0.344633
449 0.248506 -0.199548 -0.38526
450 0.178562 -0.204615 -0.4198190000000001
451 0.102308 -0.204615 -0.444596
452 0.025408 -0.199548 -0.45775
453 -0.046725 -0.19045 -0.459941
454 -0.391251 0.126967 -0.284258
455 -0.3766840000000001 0.06651600000000001 -0.322001
456 -0.422645 0.06651600000000001 -0.2587409999999999
457 -0.352146 -0 -0.354955
458 -0.404509 -0 -0.293892
459 -0.446402 0 -0.225222
460 -0.318044 -0.06820500000000002 -0.379732
461 -0.374941 -0.07003000000000001 -0.323289
462 -0.4233290000000001 -0.07003000000000001 -0.256687
463 -0.4594280000000001 -0.06820500000000002 -0.185133
464 -0.276909 -0.133032 -0.394492
465 -0.3354100000000001 -0.138199 -0.344095
466 -0.3883140000000001 -0.140059 -0.282127
467 -0.4309020000000001 -0.138198 -0.212662
468 -0.460754 -0.133032 -0.141452
469 -0.232542 -0.19045 -0.399566
470 -0.289612 -0.199548 -0.355395
471 -0.344094 -0.204615 -0.299553
472 -0.391222 -0.204614 -0.234687
473 -0.427496 -0.199547 -0.165615
474 -0.45187 -0.190449 -0.097689
475 -0.391251 0.126967 0.284258
476 -0.422645 0.06651600000000001 0.2587409999999999
477 -0.3766840000000001 0.06651600000000001 0.322001
478 -0.446402 -0 0.225222
479 -0.404509 0 0.293892
480 -0.352146 0 0.354955
481 -0.4594280000000001 -0.06820500000000002 0.185133
482 -0.4233290000000001 -0.07003000000000001 0.256687
483 -0.374941 -0.07003000000000001 0.3232880000000001
484 -0.318044 -0.06820500000000002 0.379732
485 -0.460754 -0.133032 0.141452
486 -0.4309020000000001 -0.138198 0.212662
487 -0.3883140000000001 -0.140059 0.282127
488 -0.3354100000000001 -0.138199 0.344095
489 -0.276909 -0.133032 0.394491
490 -0.45187 -0.190449 0.097689
491 -0.427496 -0.199547 0.165615
492 -0.391222 -0.204614 0.234687
493 -0.344094 -0.204615 0.299553
494 -0.289612 -0.199548 0.355395
495 -0.232542 -0.19045 0.399566
496 0.149443 0.126967 0.459942
497 0.115474 0.06651600000000001 0.4819140000000001
498 0.18984 0.06651600000000001 0.457751
499 0.07625500000000002 -0 0.494151
500 0.154509 0 0.4755280000000001
501 0.228764 0 0.444598
502 0.03410300000000001 -0.06820500000000002 0.494151
503 0.113309 -0.07003000000000001 0.48193
504 0.191604 -0.07003000000000001 0.456491
505 0.262866 -0.06820500000000002 0.4198210000000001
506 -0.007850000000000001 -0.133032 0.4819140000000001
507 0.06910000000000001 -0.138199 0.475527
508 0.148324 -0.140059 0.45649
509 0.223608 -0.138199 0.4253240000000001
510 0.289615 -0.133032 0.385261
511 -0.046725 -0.19045 0.459941
512 0.025408 -0.199548 0.45775
513 0.102308 -0.204615 0.444596
514 0.178562 -0.204615 0.4198190000000001
515 0.248506 -0.199548 0.38526
516 0.308151 -0.19045 0.344633
517 0.483611 0.126966 0
518 0.494011 0.06651600000000001 0.039096
519 0.494011 0.06651600000000001 -0.039096
520 0.49353 -0 0.080178
521 0.5 0 0
522 0.49353 0 -0.080177
523 0.480504 -0.06820500000000002 0.120266
524 0.493358 -0.07002900000000001 0.041161
525 0.493358 -0.07002900000000001 -0.041161
526 0.480504 -0.06820500000000002 -0.120266
527 0.455902 -0.133032 0.156384
528 0.473607 -0.138198 0.08122900000000001
529 0.479983 -0.140059 0
530 0.473607 -0.138198 -0.08122900000000001
531 0.455902 -0.133032 -0.156384
532 0.422991 -0.19045 0.186568
533 0.443198 -0.199547 0.117288
534 0.454451 -0.204614 0.040089
535 0.454451 -0.204614 -0.040089
536 0.443198 -0.199547 -0.117288
537 0.422991 -0.19045 -0.186568
538 0.288533 -0.293167 -0.284256
539 0.248505 -0.34828 -0.25874
540 0.227951 -0.3071720000000001 -0.321999
541 0.199636 -0.399276 -0.22522
542 0.180902 -0.3618060000000001 -0.29389
543 0.157485 -0.3149720000000001 -0.354952
544 0.144458 -0.441427 -0.185132
545 0.126683 -0.409956 -0.256685
546 0.105044 -0.366677 -0.3232860000000001
547 0.08123100000000001 -0.3149720000000001 -0.379729
548 0.08706900000000001 -0.471604 -0.141451
549 0.06909800000000001 -0.447215 -0.212661
550 0.048389 -0.409956 -0.282125
551 0.02639500000000001 -0.3618060000000001 -0.344093
552 0.004854 -0.3071720000000001 -0.394489
553 0.031741 -0.489336 -0.097688
554 0.012704 -0.471604 -0.165615
555 -0.008049000000000001 -0.441427 -0.234686
556 -0.029125 -0.399275 -0.299551
557 -0.048958 -0.34828 -0.355393
558 -0.066342 -0.293167 -0.399565
559 -0.181183 -0.293167 -0.362251
560 -0.169285 -0.348281 -0.316296
561 -0.2358 -0.3071720000000001 -0.316297
562 -0.152507 -0.399276 -0.259462
563 -0.223605 -0.3618060000000001 -0.262864
564 -0.2889160000000001 -0.3149710000000001 -0.259462
565 -0.131431 -0.441428 -0.194596
566 -0.204976 -0.409956 -0.199802
567 -0.275005 -0.3666760000000001 -0.199802
568 -0.3360440000000001 -0.3149710000000001 -0.194596
569 -0.107623 -0.471604 -0.126518
570 -0.180901 -0.447214 -0.131431
571 -0.253365 -0.409956 -0.133201
572 -0.319097 -0.361805 -0.131431
573 -0.3736840000000001 -0.307171 -0.126518
574 -0.08309900000000001 -0.489336 -0.060375
575 -0.153584 -0.471604 -0.063259
576 -0.225688 -0.441427 -0.06486500000000001
577 -0.293892 -0.399274 -0.06486500000000001
578 -0.353129 -0.348279 -0.063259
579 -0.400511 -0.293165 -0.060375
580 -0.400511 -0.293165 0.060375
581 -0.353129 -0.348279 0.063259
582 -0.373683 -0.307171 0.126518
583 -0.293892 -0.399274 0.06486600000000001
584 -0.319097 -0.361805 0.131432
585 -0.3360440000000001 -0.3149710000000001 0.194597
586 -0.225688 -0.441427 0.06486600000000001
587 -0.253365 -0.409956 0.133202
588 -0.275005 -0.3666760000000001 0.199802
589 -0.2889160000000001 -0.3149710000000001 0.259462
590 -0.153584 -0.471604 0.063259
591 -0.180901 -0.447214 0.131432
592 -0.204976 -0.409956 0.199803
593 -0.223605 -0.361805 0.262864
594 -0.2358 -0.3071720000000001 0.316297
595 -0.08309900000000001 -0.489336 0.060375
596 -0.107623 -0.471604 0.126519
597 -0.131431 -0.441427 0.194597
598 -0.152507 -0.399275 0.259463
599 -0.169285 -0.34828 0.316297
600 -0.181183 -0.293167 0.362251
601 0.359508 -0.293167 -0.186568
602 0.3766820000000001 -0.3071720000000001 -0.117288
603 0.3228700000000001 -0.34828 -0.156384
604 0.386246 -0.3149710000000001 -0.040089
605 0.3354080000000001 -0.361805 -0.08122800000000001
606 0.27589 -0.399276 -0.120266
607 0.386246 -0.3149710000000001 0.040089
608 0.3399240000000001 -0.3666760000000001 0
609 0.28327 -0.409956 -0.041161
610 0.220712 -0.441427 -0.080177
611 0.3766820000000001 -0.307171 0.117288
612 0.3354090000000001 -0.361805 0.08122900000000001
613 0.28327 -0.409956 0.041161
614 0.223605 -0.447214 0
615 0.161435 -0.471604 -0.039096
616 0.359508 -0.293166 0.186568
617 0.3228700000000001 -0.34828 0.156384
618 0.27589 -0.399275 0.120267
619 0.220712 -0.441427 0.080178
620 0.161435 -0.471604 0.039096
621 0.102716 -0.489336 0
622 -0.066342 -0.293167 0.399564
623 -0.048957 -0.348281 0.355392
624 0.004854 -0.3071720000000001 0.394489
625 -0.029125 -0.399276 0.299551
626 0.02639500000000001 -0.3618060000000001 0.344093
627 0.08123200000000001 -0.3149720000000001 0.379729
628 -0.008049000000000001 -0.441428 0.234685
629 0.04839 -0.409956 0.282124
630 0.105044 -0.366677 0.3232860000000001
631 0.157486 -0.3149720000000001 0.354952
632 0.012704 -0.471604 0.165614
633 0.06909900000000001 -0.447215 0.21266
634 0.126684 -0.409956 0.256685
635 0.180902 -0.361805 0.29389
636 0.227952 -0.3071720000000001 0.321999
637 0.031742 -0.489336 0.097688
638 0.08707000000000001 -0.471604 0.141451
639 0.144459 -0.441427 0.185132
640 0.199637 -0.399275 0.225221
641 0.248505 -0.34828 0.25874
642 0.288533 -0.293167 0.284257
643 2.472367948636034e-05 9.721975292587004e-06 -2.081668171172169e-17
644 -0.216905580840042 -0.1251763218410167 -0.01086670086415157
645 0.0002306941389164274 -0.2499951498080994 -0.01580555954925356
646 -0.06948584745224687 -0.1121239569186182 -0.2123618670571054
647 -0.1726011142846862 0.1068402958106396 -0.1470678663593783
648 0.06672586123668206 0.09831407511375743 -0.220531748285424
649 0.1898558408975266 -0.09979628822684798 -0.1293370856188502
650 0.1810644431951803 -0.1251848559411608 0.1198384534225165
651 0.2195671643150801 0.1199121060047027 -0.01278503377207443
652 0.007156829982208644 0.2500052142695963 0.01340587267578001
653 -0.1824115986631998 0.1243078518747286 0.1187053146358662
654 0.08399540057543116 0.1119318979328131 0.2077625277569912
655 -0.08661032128718185 -0.1066913660922091 0.209653142042257
656 0.09045742426306246 -0.06834049519421938 0.2837845814380123
657 -0.3021681792200279 0.04923296879714531 -0.01442274451811408
658 -0.04447280820834232 0.2497420379690585 -0.1733035017323512
659 -0.09127170785861564 0.07346636413519833 0.2828582574573668
660 0.04119936899632012 -0.2486308113734488 0.1741038447829344
661 0.2584602511169868 0.04613502075384775 0.1605397334079972
662 -0.1796798539986979 0.251231529799351 -0.02317739530463876
663 0.07259048171978444 -0.2355782659267145 -0.1903541334800301
664 -0.2608607249189301 -0.04602619954404143 0.157997173654836
665 0.2996712124162849 -0.0438108254508394 0.006278071863757173
666 -0.2482471568893146 -0.0610460228306723 -0.1847415257171845
667 0.1312680917848736 0.2386964499078016 -0.1213912314863554
668 -0.05318863121518598 0.2408946606031228 0.1922029023014649
669 0.09659955887492849 -0.07315972218928109 -0.289466669028824
670 -0.1446871922712193 -0.255578542060057 0.1069210679285186
671 0.1873701872215112 -0.2507935986688192 -0.01877366135381639
672 -0.09080302806992306 0.04770217867296401 -0.3007870313151544
673 0.1650637922838297 0.2472105592675332 0.1104040713363721
674 0.246436445346863 0.06657016417384554 -0.1882269089020396
675 -0.1482150469780421 -0.2525799982923461 -0.1239622233549267
676 0.04821616046997076 -0.03618789283825631 -0.1438227352803668
677 -0.1229651061057947 -0.02998045146351688 -0.09106917587671634
678 0.0932936798910643 -0.1248302526093144 -0.009258421777391203
679 0.08034586536854824 0.1202956435172895 0.05373526883076131
680 -0.1408800807792371 -0.01211607010400634 0.06076436627861648
681 -0.0991535919987564 0.1180969277732242 -0.01145485148473465
682 0.04179777039598334 -0.05937417226395052 0.1369179586898731
683 -0.04057083596609537 0.07524295218860073 0.1314378424775595
684 0.1592437629560512 -0.003166423134308025 0.04062327496536006
685 -0.06148462095517563 -0.1389902190766634 0.06342115619105068
686 0.02817331949421736 0.1401060345284941 -0.08303291579543406
687 -0.2377029717190693 0.07193378362692636 0.248433337735723
688 0.2366205298326934 -0.07307200920489597 0.2493387548398819
689 -0.290654994461493 0.1773170442628337 -0.08966235739351118
690 -0.02980576471517904 -0.1318349883380771 -0.08126619893020336
691 0.04545342385535737 0.06173095079817841 0.3440234789893379
692 -0.18215826742705 0.2734937090908773 0.1244284701589103
693 0.09472769565062431 -0.3344820493638084 0.06379444574740149
694 -0.04754820358197503 -0.05561528502455786 0.3448772359451279
695 -0.136930243287517 0.1839976875641729 -0.2677687993663842
696 -0.277488561784233 -0.1870041083913189 0.111045967570183
697 -0.06268683199278217 -0.2551539430104323 -0.2427217505996082
698 -0.03533725996763079 -0.07699790420325943 -0.3483277223075907
699 -0.004734147793967941 -0.1885095294022561 0.2998055653144842
700 0.1608904257526851 -0.199882294736597 0.2457050597107759
701 0.3023128488109153 -0.1718692847878177 -0.06682075985452882
702 -0.1926822349080498 -0.1816208929076059 -0.2416614848552972
703 0.1934255757085622 0.06088603121706029 0.2914461621765004
704 0.2919442818765047 0.1754011804357135 0.1013213094489807
705 -0.07393376655048772 0.3416778295231374 -0.06479313363041955
706 0.2331488127407673 0.2664190214697815 -0.01874597814106358
707 -0.2905275110307386 0.1976366616936353 0.05448272018463733
708 -0.3402817039442622 -0.0786769298230709 -0.07306604530252277
709 0.0863119146817582 0.2558569661272853 0.2332585352989478
710 0.3410887169914816 0.06936014887251669 -0.07669138435067704
711 0.1817200982649983 0.1830309829582467 -0.2453840384680268
712 -0.1160582877653575 -0.3380175541408847 -0.0100751038601067
713 -0.2003504180302497 -0.06281362052428648 0.2895123781366713
714 0.2125712504985357 -0.2381567283581544 -0.1593675699497318
715 0.2374163542793443 -0.05887671219747374 -0.2596641704118572
716 0.002089917026423166 0.1992616012863266 -0.299100610401955
717 -0.3169638616737395 0.08140866932406897 0.1312576170998376
718 0.09232708227811587 -0.3347429259532161 -0.08749459437670165
719 0.2068678672624379 -0.2665750973952962 0.1227764487109091
720 -0.2300424439101666 0.05453713317766917 -0.2675108379348927
721 0.1637951761614885 0.05124134864724948 -0.3155823198057293
722 -0.04714408509147386 0.05827553952394424 -0.1597842460308612
723 0.1574201068823952 0.02754681230692455 -0.09237314124730954
724 0.03290375780500936 0.3335381751805381 0.1261662420090481
725 0.1159448338907586 0.3421194896878847 0.01058790850240774
726 0.3054906459276011 -0.1764903389264754 0.07494653077888945
727 0.3230642976143392 -0.0532157330390697 -0.1463654909490352
728 -0.239635319085202 -0.2662745255383623 -0.01489187944212578
729 -0.195288587169903 -0.1978231222875821 0.2274951537199915
730 -0.1988976737435294 0.2557256187576864 -0.1630439051737584
731 -0.2733690977541992 -0.1893890132820296 -0.1272213460792443
732 -0.1750761434842214 0.1944461361990594 0.2373672951339845
733 0.03356247436629374 0.07630618460841079 -0.3522471913977956
734 0.2772669710993748 0.1841495309894765 -0.1213667673753439
735 -0.3201731856472732 0.0577242505407785 -0.1587943239924541
736 0.2014566958612567 0.1811646709991111 0.2253529922016475
737 -0.03700688853512945 -0.3446121180180597 0.1093035981138977
738 -0.1701103887136042 -0.06574774912426781 -0.3154054131985342
739 -0.01264955629068618 0.1844524811217744 0.3129272546653703
740 -0.03789066472508511 -0.3348554047188295 -0.1329311307271929
741 -0.3570299266137911 -0.05179105068281915 0.06037926641076996
742 -0.08728623768606553 0.3504978856975263 0.06859300647043147
743 0.3581924954444335 0.06658040827866948 0.05706042344473618
744 0.05361226520881634 0.3487879325793329 -0.1092766326054088
745 -0.08200181162312729 -0.2733242121085963 0.2265154180659968
746 0.03103123175795882 -0.1883707820540343 -0.3124064927430861
747 0.1194764605279977 0.1601227357861336 0.3183816647918281
748 0.1779739537281549 -0.1774913882632809 -0.272955627212467
749 0.3288834591678122 -0.06822364130320945 0.1514399100905625
750 -0.1228651585830085 -0.1550356057077336 0.3221810251468054
751 -0.2656817618050871 0.1611692074591011 -0.2116376117269553
752 -0.1455471584657514 0.005566064983732008 0.1880698312035389
753 0.1426269536792573 -0.0002059224344911348 0.1888915739572066
754 0.003032308504434702 -0.3755890722153066 -0.01034346463733223
755 -0.3298842542648806 -0.1809208536001383 -0.002137428134255866
756 0.00705995884061851 0.01581619113463859 0.230897907542873
757 0.2705560331974267 -0.1778047362554741 0.1933894709171325
758 0.06931381696244526 0.2840654916527539 -0.2266042877949629
759 0.3353969930845767 0.1745910437637363 -0.01357404101329435
760 -0.08907982598055592 0.2041792225369307 0.07840433388212142
761 0.1069098725790886 -0.2127167427662454 0.07562860144232658
762 -0.1028198429354658 -0.1732850829585051 -0.3216215134349675
763 -0.2815367412710901 0.1852899827433589 0.1813498888838992
764 0.2856979034817893 -0.152893245653324 -0.2023015065015717
765 -0.1711149728385488 -0.1232260403221581 0.1199440222028689
766 -0.1398559908416139 -0.0141314578330466 -0.2095013378875003
767 0.005759252874609225 -0.0001807471983351211 -0.2494382676618829
768 -0.1292886682459511 -0.2117736100550669 -0.00926695867173262
769 0.0427574384051681 0.2124958973945764 0.1233242637701669
770 -0.1596572163875271 -0.1342062303682841 -0.1369132224416397
771 0.1399299432552986 0.004854230384917918 -0.2082348470945624
772 0.2135903011525837 -0.1288227971662204 0.00332883773060936
773 0.1230767766883191 0.2187719346861201 -0.002252443831387008
774 0.006905031456823307 0.3837495897234505 0.008170178337537987
775 -0.1899315935996339 0.05341983735354015 -0.04508440063630129
776 0.182362572498752 0.1283836244191316 0.1168883366086042
777 0.1071382968362768 0.163215983494722 -0.3316222245746315
778 0.08368112549145441 -0.1434779075577847 -0.1223505501490901
779 -0.07481656665428649 0.2195938160102686 -0.06437693455508568
780 0.1516098304465164 0.1283266700622591 -0.1483207437231899
781 -0.2027386580679253 0.1460814708482231 0.01280736443110056
782 -0.2489650058941608 -0.03170928866252841 0.0410197382264994
783 -0.02685395094942598 -0.2247177903654912 -0.1420950821630738
784 -0.2304819076802279 -0.04160182895773087 -0.07918344246666087
785 0.06185639256955484 0.04513038651437747 0.1273757977509244
786 0.09022374653594457 -0.1498662943355686 0.1773460691528344
787 0.03714584947890071 -0.1317311735596206 -0.2198565184879846
788 0.1245726385938287 -0.3280205353575163 0.1747982328444579
789 -0.1823935867199471 0.03739991581267485 0.3433840966238914
790 -0.06330186677157587 -0.03573698313299178 0.1318555184890751
791 -0.2944863122524249 -0.1403709135261384 0.215116164731436
792 0.1760017919210945 0.3387234744023319 -0.08717993505150612
793 0.1827950971982758 -0.03962251151516022 0.3440009817304641
794 -0.02577613422513054 -0.2383963841941036 0.08910013756472425
795 -0.01972458693872062 0.1408013298264219 0.2145319978438544
796 -0.02529002522984541 0.1507856081177887 -0.2081379332317817
797 0.02489066576133758 0.246607835958136 -0.09198646300417183
798 0.0592743301477261 -0.02830136222680219 -0.386151012798047
799 -0.3642796886681383 0.1433095127105594 -0.01129853535682272
800 0.1198727667466293 0.1111603803348517 -0.04243602625140443
801 0.2405956874188752 -0.03921605654426556 0.09927324902804652
802 -0.1136469665087157 -0.1088604201687105 -0.02249821643145851
803 0.100803944702761 -0.1683121170632779 0.3368874590823965
804 0.2244829363349185 0.2655046177145666 -0.1802538872427499
805 -0.1184935691554996 0.3337807649063802 -0.16740148992768
806 0.05558005497426251 -0.04151099826657893 0.3871556688504163
807 -0.05726733388254597 0.04792010486716058 0.3864675368083394
808 0.09314752303200627 -0.2313438630809718 -0.0635809931894348
809 0.2968677881586206 -0.2601841442965402 0.001417154000520532
810 0.3041212434712443 0.1381679786901772 0.2070926451420902
811 -0.07814391992215351 0.1447903049303113 -0.3538350409096248
812 0.08517627701336625 -0.03039089799073426 -0.04835692281572625
813 0.07555661112720372 -0.2642964689336716 0.2797720714798237
814 -0.01233390718059645 -0.157181620404007 0.154725822734246
815 0.2933857823182262 0.02146434969109179 0.2631098305566203
816 0.3883866094487041 -0.02984400206317575 -0.05939061833447891
817 -0.1936327624063401 0.3423971570139408 0.0383411134431814
818 -0.1212697944872997 0.1689915770850657 0.3313565289817067
819 0.2460875854039452 -0.02621456502544853 -0.08142199424739954
820 -0.2986399391598558 -0.02042854125868233 0.2593963422333473
821 -0.2876900125829958 0.2684775734928425 -0.02901076713896474
822 -0.1072683665576048 0.3361750474385757 0.1765048645307872
823 -0.01410065612040769 0.1523160647513702 0.03295566132796092
824 -0.3859054298972682 0.02081079062253672 -0.07920951599395362
825 0.06955012078988528 0.06045462469474483 -0.1277273192591636
826 0.1329280838624148 0.3327597599519225 0.1707557926774835
827 0.1426654578653349 -0.3178384346888302 -0.1819807680408016
828 -0.07461416645149041 0.273310576511165 -0.2755622201162801
829 0.3716722114253447 -0.126009968417451 0.004113917467371945
830 -0.2001910078160516 -0.335844431066266 0.05885173963225236
831 0.3904653176923091 -0.03733621037371852 0.06666869513995166
832 -0.04842585114779808 -0.0385286679042277 -0.152666186643849
833 0.2656115581026817 0.2796015067631901 0.08427819538261408
834 -0.1135997879265309 0.1109475139131555 0.1916129459168877
835 0.2558297774185265 0.05395081849351481 0.05772887154762167
836 -0.3545670816362747 -0.04367862506842339 -0.1744670529072362
837 0.2009844407597822 -0.339280498136328 0.04248324752091
838 0.01918535503304676 -0.3234053038234126 -0.224134307530965
839 0.181507855441473 -0.04890935869440927 -0.3512769504559431
840 0.2490509509516304 0.1099982932269947 -0.2865638705886918
841 -0.04644669402690789 0.01902543571065517 -0.3934884465945346
842 -0.08326484169776201 0.1447223675457968 -0.1283301624615565
843 -0.3869072115127217 0.05238276095690975 0.05342002543484863
844 -0.1940020023618281 0.3353308471667291 -0.0898330281411031
845 0.003853543160816125 0.3236124610078314 0.2284916006155875
846 0.3514545515181339 0.04461722982345407 -0.1808341886826728
847 -0.06226065384709371 0.04278674010094195 -0.06349210829236115
848 -0.2362559912669695 -0.2732012165559465 0.161671190087246
849 -0.292782503224133 -0.1495011220975462 -0.2241294974458037
850 -0.2705840373450751 -0.04229065255460805 -0.2875531797852803
851 0.06076563236753064 0.1837559270050405 -0.1676670575033039
852 -0.1638378267724284 -0.2825522278997646 -0.2247693326055989
853 0.1996534301286341 -0.3290949082018233 -0.09146940421254871
854 0.0371850416922689 -0.1341520394874086 0.07196354387829623
855 -0.3623700571248329 -0.01150447184902009 0.1596111857460384
856 0.01108234128094247 -0.09149582030585657 0.2269014396321895
857 -0.215535511001737 0.03024599616397583 0.1119716903986153
858 -0.1956999345973724 -0.3374789579870619 -0.08071453161862652
859 -0.1787829877720356 0.03104195933613777 -0.3568507777238463
860 -0.1091941485891841 0.1021399436877753 -0.2215177524430632
861 0.3636211985588982 0.03192963442264915 0.1572661482374921
862 0.07355444403946826 -0.04792028011073146 0.0461624020907903
863 -0.001180781206625861 -0.3391541983311879 0.2086576476288332
864 -0.1599033793801728 0.1688249692012094 -0.07229429163912976
865 0.1340564512370546 -0.1164239144051319 -0.2090420414870295
866 -0.008606115266105663 0.3462305116673907 -0.1937584920678275
867 -0.10572168179363 0.2603213509233641 0.2813471312660724
868 0.1081210668714003 -0.2536246317978263 -0.2866635875760434
869 0.118617273224577 -0.1513982713960774 -0.3539498670226251
870 -0.1269173296661702 -0.3422703237636972 0.1622854961438212
871 -0.08042793084422988 -0.02069649874693746 0.2568484914965588
872 -0.3575027858706114 -0.12495983434079 0.1340468620534062
873 0.1391583036229028 0.07915299317321678 0.3729441169673974
874 0.2442988379099925 0.06986296159402347 -0.09166782864066679
875 0.1588345732859223 -0.1630890024540555 -0.06600385492004414
876 -0.2243078087669524 0.14855858960899 -0.3022347253278017
877 0.1861842664866614 0.3435306657483725 0.08448042238915529
878 -0.2283662680779152 0.02701852708983739 -0.1482444465516484
879 0.1984595629849611 -0.1383558382147368 0.3192523053830745
880 -0.1143919148827126 0.07776776644456554 0.0725788382845647
881 0.2978104206268611 0.02311816882435058 -0.2648432616885101
882 0.2356617419534414 0.2694299955098737 0.183028647222292
883 0.1017762209467 0.03804016635163902 0.2683976981856511
884 -0.1011201586422051 -0.1952805169553937 0.1705745760685663
885 0.3105133328262132 0.1445022272812407 -0.2108992074914103
886 -0.142649962761413 -0.07018777506890528 0.3702336985337305
887 -0.1972445688331075 -0.1916737515788807 0.05667679351935809
888 0.006249924329179132 -0.09256105358067254 -0.005159267648989601
889 -0.08252941593816676 -0.2428938094981343 0.3185078322129415
890 0.008719450222439506 -0.1310903244462915 0.382074776025732
891 -0.3093778618424069 -0.2588295818421555 0.05306512615198927
892 -0.1053368556974624 -0.1946115582338676 -0.1845117707907324
893 0.2158977028413699 0.1966373774065738 0.04573092253609107
894 -0.07557337649617676 -0.04044429044072015 -0.2721812714222102
895 -0.08494190684848663 0.2732649824131371 0.01334102815380347
896 0.287188083957825 -0.2659444141626137 -0.09829591762559239
897 -0.2401966508864891 -0.2808611801958398 -0.1573684100838758
898 0.08311837353580706 0.2721661200686159 0.06348999101515269
899 0.08246920863828076 0.03841324430867494 0.01232701914598373
900 0.1755135958723406 0.08772074329935969 0.2022783693453492
901 0.1298279367585148 0.248997831856197 -0.2933091445313156
902 0.0974900704751881 -0.3939664609727664 -0.0118106055210398
903 -0.2186905732114115 0.2335107376422007 -0.254800203792117
904 -0.2801373550983488 0.2656178908154923 0.1247152591470932
905 0.2142627103646986 0.1508988228461292 0.3148083806137807
906 0.2221338297029357 -0.02270305391880692 -0.1721551844305255
907 0.1206261624434468 0.1917766659301004 0.1727923306536592
908 0.1726642807730698 -0.05530624713311182 -0.03407721912383315
909 0.2286977006337056 -0.261231911839127 0.2161963369047724
910 0.1910368720332243 0.1945118340506795 -0.06315415073228506
911 0.3561224625566566 -0.1420899621984664 -0.1393368924684837
912 -0.07462231160961537 -0.2755453489958595 -0.06843928736952175
913 0.06504708554838222 0.2372078873372456 0.3234258236649513
914 -0.2870008670789704 -0.1165700575202257 0.05035220875423371
915 0.1968895319918228 -0.1965449076133741 0.06363279179196085
916 0.1576386117475005 -0.0910232054732517 0.2032935833364631
917 -0.3593183806481711 -0.1698491778803062 -0.09178173051633094
918 -0.03381553098254243 0.2779349142083051 0.09233113969463533
919 -0.2143463092941991 0.1434889868543484 0.3118908242169585
920 0.161141675297699 0.2389124782431911 0.2879038010736357
921 -0.3712521279126166 0.124023478917254 -0.1073659822485528
922 0.3148273318915558 0.2517401373012542 -0.06563436736612747
923 0.3272564151661309 -0.0761535638951307 -0.2375518978725801
924 -0.2016795738332423 -0.198453310770289 -0.06741194824925796
925 -0.1326963136663198 -0.3439521925296072 -0.1552701035934754
926 -0.2346597983511221 0.2642974959424091 0.2092674548534508
927 0.1332175955442336 -0.0490414156218562 0.1137173001980003
928 0.1579855503600731 0.09195525277753518 -0.2329315654023261
929 -0.2179656013673027 -0.1547720148375551 0.3100942410203505
930 0.04672430526088728 0.1494884568815124 0.3759932994886593
931 0.1285791696445026 0.344227712741325 -0.1742946420287989
932 -0.06905129030836843 -0.396133247865556 -0.06799847433259912
933 -0.03980166006467404 -0.04538916097015116 -0.0647858199688848
934 -0.1752633678486266 -0.08098483784704655 0.2022454989096793
935 -0.3173488717351501 -0.2496041038861799 -0.06507430122774335
936 -0.3213173040196958 0.1090902507208918 0.2222188102333353
937 0.04934020056068941 -0.3815460886997814 0.1364828181029183
938 0.07324452140616465 0.3975276346925989 0.07196186875587368
939 -0.2635763725487769 0.08873045100606963 -0.08880149624501966
940 -0.008215499501822425 0.08736191187212004 -0.2717042927213566
941 -0.06414128312430813 -0.05292819440735993 0.03560541819029715
942 0.007390492904995796 0.06886680190644683 0.05638139862292297
943 0.2968356449895241 -0.2463242342805448 0.1359995056362381
944 -0.134567184153406 0.1918946013002191 0.1560850001813689
945 -0.314319487401965 0.08934069322826084 -0.2466343509200305
946 -0.1583017244187845 -0.1013610531684354 -0.2205194629070174
947 0.3644897915981358 0.1568050776641868 -0.1008344736947707
948 -0.2900133972739941 0.2361601381778395 -0.1619340226270365
949 0.1313275203093648 -0.2313951334596191 0.1628201707196822
950 0.02334113118989384 -0.3964562515514921 -0.09894881246486878
951 -0.3917676778426978 -0.1112068660239244 -0.002491818332624097
952 -0.3530053519348442 0.168959733586108 0.1204724920202507
953 -0.2611093220110381 0.09004349656433941 0.05787845118744966
954 0.1606378576129259 0.0851056262182933 0.04303204372429908
955 -0.06982374531722074 -0.3993671330461853 0.04196486764269986
956 0.1802226884111895 0.03859155656466633 0.1172354978927863
957 0.03057757955773596 0.1266694744787762 0.1392291168009518
958 -0.2396473511128315 -0.1303416025169771 -0.3068236918067333
959 0.2154448976387701 0.03198313216785841 -0.0174845956441855
960 0.08617338897426353 0.03008904280191534 -0.2756303736722086
961 0.3660973543393394 0.1241692058000878 0.1327871386292264
962 -0.1448855075133809 0.1859770857033609 -0.1785719024590441
963 -0.1147183343689383 -0.04629007259589124 -0.3895393910982879
964 -0.04168691168667281 -0.2401121586689082 -0.3299274245014733
965 -0.1020538203902835 -0.1839356930121537 -0.08983356582972238
966 0.3182907403462493 -0.1101165459092684 0.2319274974579609
967 -0.1686551099998904 -0.04091362776648342 -0.01714919422968201
968 0.117645800305414 0.08961436937711718 -0.3836198235962044
969 -0.03116530597409107 -0.162937931454888 -0.3754456799201308
970 0.2479191855007597 -0.2249522116804451 -0.241344833400902
971 0.3961882465558972 0.1070100908975741 -0.01495649490424425
972 -0.127029355331122 0.3912067192927014 -0.005730271393940618
973 0.05668312526099856 0.1774498127163811 0.2594772074836605
974 -0.01689991657502979 0.4007604151165161 0.09319955224209557
975 -0.01026380246861364 0.4040804518615402 -0.07792434877295058
976 0.02552412480469033 -0.2779170102284227 -0.09539757555937189
977 0.02934380039482913 0.1626522849662033 -0.3763867591495136
978 0.2590737325066768 -0.1415707090564201 -0.287380958697507
979 0.03243027387239879 -0.175221751417205 -0.04187433162405353
980 -0.04800351261468282 -0.17889004661862 -0.01158896038833707
981 -0.2069136721591839 0.2004632355027884 0.08192845138696986
982 0.3816077565168988 -0.1258092340194532 0.09837862523695495
983 -0.03889010331041741 -0.1747152519931523 -0.2634921695535529
984 0.09565452868708887 0.2851787134492675 -0.05454917153229032
985 0.07280718925524508 0.1783624198981028 -0.2534077138786683
986 0.3022561847272922 0.09491416198218386 -0.003260342573714787
987 -0.1267789270321295 0.03619337048869578 -0.1431506999778054
988 0.0776325359846668 0.4023756507154392 -0.04246150848115403
989 0.004966440669979477 0.3147564079024988 -0.04329289988815038
990 -0.1593087078733236 -0.2672023573248347 0.275077770718173
991 0.03058491371197881 0.06068668548121888 -0.05173908863626007
992 -0.01726669486520252 0.2771947375878412 0.3063683839725587
993 0.01272956165860336 -0.3099561624024382 0.04644210736419402
994 0.2487544755743453 -0.09796081462584173 0.1669963530529459
995 -0.124519209911292 -0.2570474999852346 -0.3053667366963398
996 -0.07751495958561232 -0.1813948832702559 0.2529785614247585
997 0.3274049933941872 0.2562159839636692 0.02328698962545441
998 -0.0114402631487903 -0.2948957476366163 0.289498953937373
999 0.1320269251843653 -0.03914892739610813 -0.1369501437363843
1000 -0.3631180535167889 -0.1940101610925892 0.07812219244361215
1001 0.1880829436901854 0.1303678863805657 -0.3479206432894769
1002 0.1491566873623145 -0.09772192704624036 0.04722158051162485
1003 -0.07422445647212582 -0.2700353903425186 0.0242699152042863
1004 0.07936493267951923 -0.2660341010793622 0.01395462243028337
1005 0.371378852240761 0.1803694446569493 0.06566063644623905
1006 0.1568740449503482 -0.1746502422950376 -0.1517504631177431
1007 -0.04425196345134663 0.1391846717762219 0.3867569104710361
1008 -0.2215748614011449 0.1765674165993254 -0.1400326538915906
1009 0.2443473113361321 -0.1652545666992405 -0.1288736671008592
1010 -0.1906568887693377 0.1250276124114607 -0.227968053796997
1011 -0.009831477320547358 -0.1100242697925514 -0.1570675104725567
1012 0.01212784831715377 0.2894503296889187 -0.2968923502094011
1013 -0.04738545277472356 0.1593804033518212 0.1367895692836455
1014 0.04851642325618016 0.1824598510313239 -0.01373639858784677
1015 0.2471869181713949 -0.1993812191872572 0.2739759998167388
1016 0.2083490923870282 0.3525707124176597 -0.003286988395194569
1017 0.02588056383348286 0.09093458005195573 0.2664175345269875
1018 -0.07690064872633737 0.02757478744183985 0.01732786202847256
1019 0.04595706160140602 -0.4122131535070496 0.05546905093156079
1020 0.0001022134581292684 -0.01024852565548665 0.08323648191895289
1021 -0.07741444107989411 -0.1288488865031102 0.391134969121107
1022 -0.06883323011247507 -0.3417613409319306 -0.2187515659617985
1023 -0.1335291042749771 0.2721771190578035 -0.1052553913665448
1024 -0.09256618135204324 0.1714885912281007 0.2497578942932316
1025 -0.2657451252009497 -0.1189651689203129 -0.08018996136440407
1026 -0.2469644319301433 0.1080270727443923 0.1718385072979607
1027 0.03912941591706379 -0.08848706691213327 -0.08206540681952242
1028 -0.3457506566082251 0.1425454827700656 -0.187143454645318
1029 0.06354320532002652 -0.1523531282033347 0.2600157497755945
1030 0.3067031729789348 -0.0859270252327778 -0.06845337809281275
1031 0.02208732517846957 -0.01552136728180198 0.3109126451179629
1032 -0.06734562447470989 0.04231601680718303 0.2034751156749116
1033 -0.4127319966912522 -0.02325604393622258 -0.004918285556610887
1034 -0.298108178715821 0.01009254178767888 -0.09078936951192883
1035 -0.1860378713364114 0.05381390351098646 0.0379332531225514
1036 -0.1853217486351054 -0.1928264094658559 -0.3254676936245678
1037 0.04135235130909806 -0.1132363971597987 -0.371742315744365
1038 0.3212056692365491 -0.2171480595828432 -0.1591982444519305
1039 -0.1478233625549402 -0.1234048011723113 -0.3742004758334592
1040 -0.2794448734780642 0.1727094840211527 0.2654995519611914
1041 -0.01547845107321229 -0.09692542137416499 -0.2716796922906651
1042 -0.124613702069661 0.09119229471586054 -0.08359565967360916
1043 -0.2438250275532204 0.2703833004253818 0.04594471459745068
1044 0.07062279854669359 -0.3662287125916574 -0.1668552537027745
1045 0.2422172090791295 0.01349130152443564 -0.3334910828900596
1046 -0.004827140678087413 0.01271155754170664 -0.1098917998859514
1047 0.2112951580168677 0.02170444064980046 -0.2514367661039018
1048 -0.2635640163333051 -0.2330444086755222 -0.228201334331815
1049 0.1103259341850517 0.1945695120999291 0.0763513639285579
1050 0.2274074908017996 0.1495538937054024 -0.1814612640731293
1051 -0.1494634969105811 0.2815894361988204 -0.2306713758722009
1052 0.3142646425892884 0.003404706237802965 0.09383528264961949
1053 -0.1618053532000347 -0.09654240922444246 0.0428528799487098
1054 -0.3197202603281405 -0.117280768753438 -0.1470333157674159
1055 -0.2200284543548558 -0.01247487006359366 0.2242423578552632
1056 -0.1507594395330275 0.1068063292838699 -0.3238021787250065
1057 -0.09094177797597965 -0.09742463516332492 -0.1194497679371393
1058 0.1404429977415715 -0.3089728456148818 -0.02784742478400374
1059 0.264286316004789 0.2139528424193341 -0.2399296563569045
1060 -0.2955532911527919 0.005574402926511172 0.1008149230565242
1061 -0.1208480257135026 0.1975593762772488 0.001581016176130233
1062 0.09715867368668711 -0.1560703189095528 -0.272734562177478
1063 0.2494433231904232 -0.1170091911057666 0.07582072046435515
1064 -0.1779884298257805 -0.04140267676320586 0.128437994037201
1065 -0.1156245364997104 -0.3309194170776625 0.07607480012391549
1066 -0.04739076604545921 -0.1101247157679114 0.282520692588374
1067 -0.2804594024019594 0.1326909318471511 -0.01830262176527077
1068 -0.2846643346794672 0.008531196071131911 -0.21967993381785
1069 0.3075393686429041 0.2198113054342666 0.1752989414777713
1070 0.2148105154749686 -0.1140139238121197 -0.2049599239940678
1071 0.4152020011960063 0.02341338955295749 0.005524667762824786
1072 0.1827500981050955 -0.2824909364202401 -0.2512615946304966
1073 0.216559574821909 0.007109428613413946 0.2299672673206449
1074 0.345564765874193 -0.1791299044578492 0.1537035499845978
1075 -0.1594871437505785 0.3687040606584228 0.1143964567912126
1076 0.07015530441981602 -0.03429286353728502 0.2108217496924478
1077 -0.1754109418429584 -0.05494872814419701 -0.148411709938962
1078 0.2558097823887283 0.3043591016562658 -0.1065386129683729
1079 0.1443726050831859 0.2488331214751184 -0.2053658304620125
1080 0.06435744038084816 0.2335616203638868 -0.3418818497616518
1081 -0.233319525486834 0.2413900604976998 -0.08744919215037895
1082 0.1277873153587126 -0.1966493059297358 -0.0001165677687825356
1083 0.2694312592176045 -0.2979277481085999 0.0733024695211564
1084 -0.1994589116972075 -0.2000706287977699 0.1407313762256514
1085 -0.01353608394460174 0.1849575639793296 -0.1358118104081404
1086 0.06244340154868565 0.02159762812007292 -0.197320785930186
1087 0.135681605301737 -0.2522824539711002 -0.1316440227289262
1088 0.1682148055084129 0.2803201702712032 0.03242547967025375
1089 -0.1445452086081971 0.2637872824290824 0.1996309252187429
1090 0.1573762116103641 -0.373936152150618 0.1089491945245569
1091 0.3513522388979043 -0.03057323142858874 0.2258368093560669
1092 -0.2656881032135055 0.03196567432236589 0.3200627637932253
1093 -0.02002272047909644 0.1024288448947577 -0.4191993614983828
1094 0.05697154834238458 -0.05442113148555747 -0.2210379469011908
1095 -0.2862811291726342 0.03036991888095535 0.1921540107501975
1096 0.1511628013471416 -0.2853333916968467 0.244573360238301
1097 0.1257478743474819 -0.09606451082274806 0.3824886980029809
1098 -0.3014775558702293 -0.2219086772615329 0.1866396053424922
1099 0.0280186196629843 -0.2850559114237693 -0.302222011260903
1100 -0.1630584352798506 0.1067670303304379 0.2580511060552989
1101 -0.3153668828697198 -0.03250738923071485 -0.008759008122878156
1102 0.0977411242595928 0.1802141634005426 -0.07739208297349234
1103 -0.02163302263861543 -0.02277304444692994 0.4199773088530622
1104 0.03288470822948112 -0.2086892485590654 0.04404033949772108
1105 0.2228878178440853 0.1965961581691138 0.1437043311450808
1106 -0.1999046524222071 -0.2013073579543287 -0.16216185734449
1107 0.01300138421340158 0.1087421327460422 -0.1536586574849723
1108 0.2016785991151906 -0.1937569781794047 0.1557403887729086
1109 -0.1246072569819791 -0.08767642128757139 0.2780694466756092
1110 -0.1056822928780579 0.004183157568563738 0.3332309612691625
1111 0.2650047062677066 -0.03518744597034809 0.3206350134935856
1112 -0.277981459062097 -0.09834114844933869 0.2875974679881074
1113 -0.03980398575176178 -0.199231724243999 0.3729719862286626
1114 -0.07379791818168276 -0.2785177817898138 0.1439026966925402
1115 -0.1301782255827983 0.0971862979923597 0.3816642720783427
1116 -0.09329231675067554 -0.1095518636587754 0.1302953041427233
1117 0.1073115063082381 0.1094687545004969 0.1323899416463477
1118 -0.02253839944250912 0.3097563595870031 -0.120994551444617
1119 -0.1573956563406474 -0.2632277428471442 0.1899892218300929
1120 0.3566745033303687 -0.2163181490031316 -0.01438151458999865
1121 0.2816030766585776 0.1050170027509546 0.2843166964882991
1122 -0.1128302312093367 0.07140988841550172 -0.4038587017535064
1123 0.1616055824586497 -0.2689297275311019 0.05575089510795009
1124 0.2578317755530327 0.1887653243458015 -0.02099128548078042
1125 0.1115285829850541 0.004884103605113023 0.3449894658651696
1126 -0.2486564072375148 0.1008353121441174 -0.1647141046317784
1127 -0.06266131178224488 0.2274285956542793 -0.3454933003462081
1128 0.0208976026868713 0.3184321951418666 0.04983790455271564
1129 -0.07288369640625207 0.02472780249951023 -0.2269557262873372
1130 -0.08382004781113558 -0.2771061939126753 -0.1672601780166163
1131 0.1050606012644307 -0.1206711926245696 0.1064298156757975
1132 0.01195034791414944 0.2204637735774963 -0.2223144987838374
1133 -0.3523568483213567 0.2179707935475302 -0.04884311634942633
1134 0.2847445535153801 0.01714433803094122 -0.1373340167256815
1135 0.001977454477927215 -0.005513247381552322 -0.3315442455745841
1136 0.404948782203656 0.03045787270893522 -0.11661900507492
1137 -0.1553372653624228 0.008922998012331906 0.2688515144915347
1138 -0.152014757745782 0.2517032479440863 0.05256096331178178
1139 0.3014975482950688 0.1039571759861624 -0.1399235791153555
1140 0.1283258021561401 -0.09433107900412982 -0.08342338399526775
1141 -0.03310039305924798 0.3792497293155781 0.174652500153763
1142 -0.007017100648253734 -0.203567195168004 0.2205523349736916
1143 -0.1085384408967441 -0.109693730464448 -0.2786407825856864
1144 -0.06073063790007264 0.391257652838457 -0.1446172596970267
1145 -0.1788846621486624 0.05264619342900449 -0.2023582929801596
1146 -0.03695627511446778 0.1547356213688583 -0.04196984334394931
1147 0.05919793533492811 -0.2723549126614833 0.09975149008899518
1148 -0.1743011435781518 -0.09778822396040818 -0.06982586621888608
1149 -0.124944730769328 -0.1803839497886099 0.08865807330899707
1150 0.02328061578243332 0.2195094572549096 0.2004207561633394
1151 0.1637178462187037 0.02087089029736401 -0.3931500577761449
1152 -0.1405274144929298 0.1492118241545615 0.05864786756997983
1153 0.2542536286881537 -0.3304334707362111 -0.02474352936400586
1154 0.1449036171014845 -0.2376295764501453 0.3190935974182177
1155 -0.06130526615883085 0.4182699288373523 0.0297163446056722
1156 -0.2568442949927586 0.3053077804050595 -0.1330335480584495
1157 0.2237426595729967 -0.04318063950454978 0.02338811599333385
1158 -0.06621993975930206 0.1413768489390186 -0.2754614986422989
1159 -0.1027179356274262 0.2633598627577459 0.1310216827134917
1160 0.1352866978236951 0.1071794479629903 0.2648781688286513
1161 -0.02847668697178691 0.08566216646720075 -0.009441224770414931
1162 0.291400979468958 0.02169049319785104 -0.03751140700342405
1163 -0.1518497611578625 -0.2777062681663605 -0.04825473219229262
1164 0.07770455085143768 0.03359857859943056 0.4154291057244472
1165 -0.2316668698817225 -0.2627488252560483 0.08009506669717334
1166 0.01375079535845145 -0.2317668367086182 -0.2443512367121937
1167 0.08497895576943215 0.3388172777517333 0.2383925887451863
1168 0.1708408770617538 -0.09850513292759973 -0.277106436117058
1169 0.1985510234901629 -0.1393475505582036 -0.342197113138422
1170 0.2358175692210675 -0.1165237335085348 -0.0695882166764079
1171 0.2284598723470378 -0.1893872429367595 -0.04323754752116488
1172 0.05081468024670958 -0.1899363079963746 0.1239954412210036
1173 -0.01700352574406413 -0.08437894182090094 0.09419563424595261
1174 -0.2452528573042612 -0.1253413387146945 0.1525515550028148
1175 -0.1786491785132034 0.07359948521547273 0.1760129432122618
1176 0.2926686968888431 -0.1314753617787714 0.01072516457375469
1177 0.09436315616594121 0.2648452918096698 0.1543771249407343
1178 -0.3679642378756897 0.2132589421762842 0.03173178734306593
1179 -0.2533575340439733 -0.1921422982378876 0.003182181003871664
1180 -0.3434171832020618 -0.1920337226984015 -0.1683160399167659
1181 -0.1612424018577939 0.01598034226956783 -0.2803610670611572
1182 -0.3485124171369535 -0.07427386701480379 0.2157900296729386
1183 -0.3357364855691254 -0.08046175453953799 -0.2486704814355416
1184 0.0117652580582982 0.08618284984309377 0.4146997657860905
1185 0.1854333235490104 0.1171178228252417 -0.08090976826721311
1186 0.2750302617575328 -0.124129582809704 0.2984792964129439
1187 -0.1018666836337551 0.02997581703665769 0.1305965119467805
1188 0.147081297213001 -0.3801948682089006 -0.1286199677665066
1189 -0.001850720019081618 0.01419627376266724 0.1553086520528469
1190 0.1622864961127943 0.2500484446239695 0.2086045193109339
1191 0.2071531356310624 0.03456672246332293 0.3673498917104248
1192 -0.1874659962826272 -0.3790660290936096 -0.01009756189743845
1193 0.0400409858915065 -0.2049382030578282 -0.1115673491725111
1194 0.1468304877511799 -0.2217558301567351 -0.2148671576814357
1195 -0.3966399583730727 0.05967228436117866 0.1352029898576776
1196 0.1639307971458256 -0.04148230156680137 0.266062137239707
1197 0.2947477657794918 0.09691159448811855 0.1117352244950614
1198 0.1554818545000882 0.1520706800571949 0.009478297060421298
1199 -0.2020073641396015 -0.04241022617141315 -0.2478154831221952
1200 -0.1528745163645333 -0.2757778721509359 0.03084846979385533
1201 0.07608179352612904 -0.3403715058311392 0.2429260898051363
1202 -0.3376457751520447 0.1161159181753403 0.06114393413427706
1203 0.3407344643478492 -0.2488416501432109 0.06826438702656389
1204 0.1746427750790705 0.05596663614188965 -0.1620125738480058
1205 0.1868949734349288 0.2056800505321086 -0.3255612559489116
1206 -0.2599820185643912 0.1497924941726915 0.1075866087471657
1207 -0.2745163086542855 -0.3195665845713406 -0.06661243662099559
1208 0.04730399848376375 -0.2292173026036674 0.3480995018638999
1209 -0.3649672877366865 0.02442911253834852 -0.2186876857066302
1210 -0.02668153615587765 0.0904504327500934 0.3262578922840326
1211 0.07723796308922533 0.1029891145650052 -0.2958309093883172
1212 0.3205444793548324 -0.08127911021021077 0.07334934118788464
1213 -0.01122875618093619 -0.04876980888779765 -0.4202701472468964
1214 0.06968893230337686 0.2812249157545517 -0.1474209549028054
1215 0.2771487353197053 0.2035333275256603 0.2506823156336667
1216 -0.1308252238925479 0.3844610303487568 -0.1040312454789964
1217 -0.1914346532920667 0.329058610697395 0.1838737763748139
1218 0.1514819036750663 -0.01813700180444325 -0.2819506372354985
1219 0.3994526798025852 -0.07413040657761012 -0.1269589462760096
1220 0.2766927165779149 -0.03083508075282927 0.1966505764136063
1221 -0.07013411846489187 0.2302778690081493 0.3483617488853157
1222 0.2512743897005298 0.1299428121737274 0.05572473215630655
1223 0.2015502356159145 0.2588300506770649 -0.2599780954458413
1224 0.03965226867687648 -0.3126800694660151 -0.02999984794072962
1225 0.2102393463471419 -0.1427614722130295 0.2274987314204026
1226 0.2481209020685264 -0.3103391807968064 -0.1532042967499582
1227 0.2048320117712242 -0.3265603372678026 0.1760963373689213
1228 0.2547922414661016 -0.07766204892673118 -0.3357202051689304
1229 0.06232359121089764 0.04434654406525582 -0.4199071885885622
1230 -0.2105849855140925 0.2092935662120632 0.1593941016728359
1231 -0.1393205976358802 0.1988756534444998 -0.3482192805446839
1232 0.12197809673532 -0.08169127162348142 -0.3997370204907901
1233 0.3053767260568649 0.2412661984942202 -0.1738246989347382
1234 -0.2673864851282182 -0.1987811297547005 0.263832180545783
1235 0.1210529981652229 0.3934990862317004 -0.1101667677315151
1236 0.08211984848178638 0.3914396741589556 0.1512643865703374
1237 -0.1012557352735418 -0.01473105568740722 0.4113439727782253
1238 0.335602049544222 0.2419889281884988 0.1011993945825278
1239 -0.4192272646772909 -0.07301023278238164 -0.06648276244129282
1240 -0.256198895448234 0.02070767664958801 -0.3360862866332333
1241 -0.2272268014930617 -0.02852864768093964 0.3578316701491134
1242 -0.4122728632542317 0.07599173355787127 -0.0224679448177761
1243 0.1722087148911085 -0.3880686034699963 -0.04293693978673219
1244 -0.1367977766117909 0.3164264048261201 -0.02596652755583934
1245 -0.07518155205620115 0.3326220227086804 0.2533336112340437
1246 0.1393635019164971 0.315474601411403 -0.2495871365530479
1247 -0.2731070751063884 -0.3254583879891538 0.02741453409343827
1248 0.02600818366906386 -0.1048095125554499 0.3100682301333763
1249 0.2616241202528797 -0.09560799348655068 -0.1497071079501362
1250 0.1376183797438499 -0.1288684676328049 0.2687264804045052
1251 0.09750794483784483 -0.3274768379344449 -0.2507273860643743
1252 -0.03173962578888476 -0.1707883950804392 -0.1909906245588184
1253 -0.2455550825695121 0.2029075663337975 -0.02020562365790377
1254 -0.3514015182643752 0.1982022845858798 -0.1332905220815877
1255 -0.2212426075900878 -0.1328083555580196 -0.1896533559931377
1256 0.3662582488579729 -0.2065629076415996 -0.09595512307229412
1257 -0.07152828020058465 0.2081168096101531 -0.2332100672320621
1258 0.1352327682187842 0.2188179006420383 0.354733749897097
1259 0.2804449596630925 0.1318192657274023 -0.06616956896357991
1260 0.1301876743692943 0.1794199004211469 0.2471695291197113
1261 -0.4177564898714374 -0.01863319388292801 0.1015872291677616
1262 -0.2361063772593794 0.3305634156118675 0.1059139719486223
1263 0.3830777620054772 -0.03884942320698252 -0.1957948742353315
1264 0.1145524340153842 0.04071278144071149 0.07750801644721189
1265 -0.125962319066511 0.0187283358480966 -0.03639196323712648
1266 -0.357547054596655 0.02724429365976275 0.230639268532098
1267 0.2067760338166322 -0.03463212041047824 0.1671551823381418
1268 0.07073424150345302 0.03924248680617479 0.2008216987434134
1269 -0.07801729473069827 0.3463578670855696 -0.2378971272081829
1270 -0.2009813661398557 0.2212900070221478 0.3071016662644306
1271 -0.03290503945842778 0.1014859724185867 -0.09666797158697299
1272 -0.2776474382329561 0.09348036429731853 -0.3150525281675975
1273 -0.2451931465562888 0.3387734172707528 -0.0255929617054064
1274 0.2381758627398581 0.1204180527404856 0.1702233537810588
1275 -0.3948983837518591 -0.1862956244949764 -0.03070544291732996
1276 -0.1719700314754757 -0.213041659752552 0.327101958940191
1277 -0.3208083547003082 0.2693896603601591 0.05829536657451601
1278 -0.03447215742912333 -0.03842187769359365 0.2007034075205265
1279 0.3471192103901517 0.07146272803170239 0.2269671582024206
1280 -0.1977451618283146 0.3342303260807248 -0.1786131073105756
1281 0.2796874178158408 0.3182919933634353 0.01742231460014883
1282 -0.228818296854577 -0.08352879364072227 0.09197640334408022
1283 -0.2958284656028222 0.2189988738774091 -0.2384307708562061
1284 0.009307659560483142 0.0779901980883813 0.1899346937192689
1285 -0.1228375626191318 -0.2016664295517829 -0.2561669469027037
1286 -0.05943460071619334 -0.381739010540685 0.1757165551888915
1287 0.1447634678081405 0.04593951282964807 -0.02360122614000136
1288 -0.02310763825797746 -0.2104882435695251 -0.07147163814474457
1289 -0.03542986361426109 -0.3139116795446634 -0.01980807341747782
1290 -0.20494939075479 -0.3449194019198591 0.1395292931583014
1291 0.1987420869274609 0.2064030080685648 -0.1385905695158458
1292 -0.2803024211532424 0.1056086475150015 0.3025110535509982
1293 -0.2424978067024635 0.005641952090486915 -0.02298947261919104
1294 -0.1417396812128264 -0.1475519962509302 0.2377937861091833
1295 0.4005511478378895 -0.03641937028666822 0.1447103014838356
1296 0.1695377887953331 0.2675732581809689 -0.06068165373641248
1297 -0.2069027454110206 -0.2476105341913542 -0.2770625892810615
1298 -0.1772369834118194 -0.1365773718113202 0.3702105926358535
1299 -0.009469636579155824 0.2124560666912122 0.07310172358772277
1300 -0.1110310432176898 0.1303364213408981 0.121188883803684
1301 -0.4017586213842164 -0.1281600484294996 0.07156925426992784
1302 -0.003101459199411956 -0.3929529960399448 -0.1729421973247311
1303 0.3951599822227357 -0.1373507128134749 -0.07063029431772624
1304 0.1108279854438313 0.3354263943199507 0.09719967524211791
1305 0.05997611061871392 0.3820754239961542 -0.1801617225429883
1306 0.126608800320952 0.1486321677321718 0.389666982649013
1307 0.1520474372738244 0.4009767532560186 -0.02321264811464584
1308 -0.02622432293987243 -0.4382725420807216 -0.01905362359370981
1309 0.1018307910678112 0.0238154049067037 -0.3495117888286092
1310 -0.01812047970731751 -0.0649583756200425 -0.2097023263408592
1311 -0.0512507384207899 0.3384229282575667 0.005345750416865802
1312 0.4142813048378778 0.03034635752449786 0.09773314677867555
1313 -0.3182109645358056 0.02356280234644068 -0.2886313332941791
1314 0.08674821929804383 -0.2225599218212361 -0.3549185553599047
1315 0.03747771202755684 0.1126015782992151 -0.003011365730631439
1316 0.08827001141019031 -0.2145146113635352 0.223437868210291
1317 -0.2231214165801099 -0.1277148872343987 0.238944728128522
1318 -0.229491378801489 -0.2674945103036581 0.2397461069297959
1319 -0.07907943121223296 -0.1115376543748598 -0.4034106051901746
1320 -0.0499446720810647 0.2075720994791816 0.00468624699617971
1321 -0.3138539231390531 -0.2595559745900795 -0.142469564327431
1322 -0.01838838432564307 -0.4159988778873999 0.09434936805538971
1323 -0.02628826210655837 0.3044465073939768 0.1623074339949312
1324 -0.06942343601363118 -0.3478753702876998 0.2451087800079702
1325 0.1242034298893028 0.170279645808914 -0.2017955613081818
1326 -0.04109389344110981 -0.3154735541297162 -0.2858925109974376
1327 -0.1950808097755488 -0.03996845212765691 -0.3846257200171305
1328 -0.07961591439932801 -0.3984790063815595 -0.1441396311804392
1329 -0.09584576580605023 0.2162338915197377 -0.1340268729102929
1330 0.2898632946808963 -0.0178319749898269 -0.2030121354433865
1331 -0.1784200393095235 0.2838456961596024 0.2667298566858515
1332 -0.3959824854559616 0.06093951732917594 -0.1444183670759893
1333 -0.05670722909300009 0.1181731443598294 0.07774074534359363
1334 0.2090509182959395 0.3410588139047313 -0.159765472875774
1335 0.3035362146919205 -0.1875987353568687 -0.2587479687940791
1336 -0.003476563546341634 0.00758122288093413 -0.1794201403851133
1337 0.4246745739813541 -0.06671617324349305 0.001088977143180979
1338 0.2111541241917115 0.3413673134360756 0.1598708203118737
1339 -0.3060618312315635 -0.1145071424982023 -0.01981283053751224
1340 -0.1868428538432946 0.1439955038551199 0.187628602704536
1341 -0.1780879373245446 0.01258838569957252 -0.1011654873416474
1342 0.3094777564725565 -0.179803984001347 0.2507111343872597
1343 0.1082698661340116 0.2905502862736374 0.2951323161598728
1344 0.1601916833260159 0.3192159517343441 0.2445243222543344
1345 -0.1629489365446636 0.2574559213170302 -0.3031659579802752
1346 0.1456436964061087 0.397684112336898 0.0516393436507714
1347 -0.03495350511443456 0.02654571317134584 0.290490574104928
1348 -0.1000241787350945 -0.3966243368200557 0.1123901906405059
1349 -0.145490518269078 -0.3965281455695676 0.0511476655967926
1350 -0.3929811408121879 -0.09719534693269612 -0.1346709573210849
1351 0.2586300478756566 -0.2008318755474952 0.02324637966051417
1352 -0.1063350144396975 -0.06527859886923465 -0.1781863994762711
1353 -0.1458772505446452 -0.3956047276813369 -0.07272067552904077
1354 0.08377364664272666 0.1302865001258311 -0.1265346663349299
1355 0.07661558136894943 -0.293037254465269 -0.1453968919388334
1356 -0.2103103358376259 0.1214471829873886 -0.05395766596786933
1357 0.3912362129940171 0.1003419759679011 -0.1457366924790856
1358 -0.2880072793446185 -0.05531832759731722 -0.1230402072197735
1359 0.2059318587928943 -0.2435104792836021 -0.08177305141803878
1360 -0.2910352873796392 0.1598794526935528 -0.27866011457887
1361 0.3444073301055213 0.08426078324044478 -0.2483622577041294
1362 -0.2467122304110284 -0.2539671161490002 -0.08787850672499091
1363 -0.3055074686079753 -0.2719655416152632 0.1285905487324892
1364 -0.3347563213558624 0.2301768451070115 0.1583990337604242
1365 0.09023442073609729 -0.08787031969128667 -0.163392313198663
1366 -0.09376144548601097 -0.1875169851014832 -0.3879007177472876
1367 0.1732989025145745 -0.05747651669343008 -0.2186460744283793
1368 0.09514300597888481 -0.410458136646776 -0.08449482456114467
1369 -0.08057168283864333 0.4149379450315104 -0.0580308331182719
1370 -0.03848736854780972 0.08302829296983036 -0.3386770426529466
1371 -0.3073089587343893 -0.07661708900425696 0.1092124682321055
1372 0.3913968510129992 -0.1868263315909129 0.05604798242521536
1373 -0.2521549414219626 0.2792201066995015 -0.2079460061485476
1374 -0.1619713357116681 -0.3290817180595427 0.2294688181955002
1375 -0.09053562243887338 0.3969800764804614 0.1284209105215312
$EndNodes
$Elements
6369
1 4 2 1 1 362 859 1056 1272
2 4 2 1 1 96 11 187 759
3 4 2 1 1 80 748 869 1314
4 4 2 1 1 759 971 11 1005
5 4 2 1 1 663 787 778 865
6 4 2 1 1 723 825 812 1287
7 4 2 1 1 362 1056 876 1272
8 4 2 1 1 825 991 812 1287
9 4 2 1 1 281 948 821 1133
10 4 2 1 1 802 941 933 1265
11 4 2 1 1 80 868 748 1314
12 4 2 1 1 655 934 790 1116
13 4 2 1 1 112 952 936 1195
14 4 2 1 1 216 201 12 774
15 4 2 1 1 3 889 750 1113
16 4 2 1 1 900 1121 1073 1274
17 4 2 1 1 323 920 882 1215
18 4 2 1 1 655 752 790 934
19 4 2 1 1 195 187 11 759
20 4 2 1 1 281 821 948 1156
21 4 2 1 1 802 933 677 1265
22 4 2 1 1 755 731 1025 1179
23 4 2 1 1 902 1019 620 1090
24 4 2 1 1 764 911 90 923
25 4 2 1 1 83 11 971 1005
26 4 2 1 1 743 84 971 1005
27 4 2 1 1 986 1197 1005 1222
28 4 2 1 1 661 1073 1121 1274
29 4 2 1 1 96 11 759 971
30 4 2 1 1 726 757 1063 1108
31 4 2 1 1 48 755 891 935
32 4 2 1 1 783 976 838 1355
33 4 2 1 1 740 838 783 976
34 4 2 1 1 763 936 111 952
35 4 2 1 1 763 952 111 1364
36 4 2 1 1 934 1064 790 1116
37 4 2 1 1 222 777 10 1205
38 4 2 1 1 663 865 778 1006
39 4 2 1 1 644 782 784 1339
40 4 2 1 1 726 749 994 1074
41 4 2 1 1 1006 1070 714 1194
42 4 2 1 1 12 774 209 975
43 4 2 1 1 8 111 763 1040
44 4 2 1 1 657 921 939 1034
45 4 2 1 1 195 187 759 922
46 4 2 1 1 837 902 620 1090
47 4 2 1 1 344 923 881 1228
48 4 2 1 1 731 755 935 1179
49 4 2 1 1 790 934 752 1064
50 4 2 1 1 620 1019 21 1090
51 4 2 1 1 26 40 757 1342
52 4 2 1 1 786 682 927 1131
53 4 2 1 1 161 739 930 1007
54 4 2 1 1 660 863 737 1147
55 4 2 1 1 742 972 267 1155
56 4 2 1 1 742 1155 267 1375
57 4 2 1 1 704 1005 1197 1222
58 4 2 1 1 221 1012 901 1246
59 4 2 1 1 970 714 1070 1194
60 4 2 1 1 1018 1020 683 1187
61 4 2 1 1 10 777 222 1080
62 4 2 1 1 77 969 746 1314
63 4 2 1 1 209 774 12 1155
64 4 2 1 1 379 799 1178 1202
65 4 2 1 1 750 889 3 1276
66 4 2 1 1 80 81 748 1072
67 4 2 1 1 661 900 1073 1274
68 4 2 1 1 161 913 739 992
69 4 2 1 1 743 1005 986 1197
70 4 2 1 1 648 1107 940 1336
71 4 2 1 1 739 913 161 930
72 4 2 1 1 40 26 757 943
73 4 2 1 1 668 739 867 1024
74 4 2 1 1 96 759 187 947
75 4 2 1 1 77 746 964 1314
76 4 2 1 1 80 869 748 1169
77 4 2 1 1 195 759 11 997
78 4 2 1 1 88 966 749 1074
79 4 2 1 1 47 970 46 1038
80 4 2 1 1 743 961 84 1005
81 4 2 1 1 180 152 10 777
82 4 2 1 1 739 795 668 1150
83 4 2 1 1 3 750 1021 1113
84 4 2 1 1 685 980 1003 1149
85 4 2 1 1 660 737 794 1147
86 4 2 1 1 672 963 894 1181
87 4 2 1 1 682 916 786 927
88 4 2 1 1 669 1037 1041 1135
89 4 2 1 1 11 997 759 1005
90 4 2 1 1 88 749 982 1074
91 4 2 1 1 949 1123 788 1147
92 4 2 1 1 722 940 1107 1336
93 4 2 1 1 111 167 8 1364
94 4 2 1 1 679 1049 1014 1299
95 4 2 1 1 863 937 737 1147
96 4 2 1 1 814 1114 794 1142
97 4 2 1 1 77 964 746 969
98 4 2 1 1 665 743 1071 1162
99 4 2 1 1 81 970 748 1072
100 4 2 1 1 691 1017 747 1160
101 4 2 1 1 928 985 777 1211
102 4 2 1 1 668 992 739 1150
103 4 2 1 1 711 928 777 1001
104 4 2 1 1 901 1012 758 1246
105 4 2 1 1 679 823 957 1299
106 4 2 1 1 685 980 794 1003
107 4 2 1 1 668 795 739 1024
108 4 2 1 1 802 967 941 1265
109 4 2 1 1 693 1019 902 1090
110 4 2 1 1 786 927 916 1131
111 4 2 1 1 930 973 747 1017
112 4 2 1 1 737 660 794 1114
113 4 2 1 1 777 928 711 985
114 4 2 1 1 748 868 80 1072
115 4 2 1 1 267 972 742 1075
116 4 2 1 1 777 1001 928 1211
117 4 2 1 1 669 1041 1037 1062
118 4 2 1 1 703 900 905 1121
119 4 2 1 1 267 1075 742 1375
120 4 2 1 1 925 932 912 1353
121 4 2 1 1 663 783 838 1355
122 4 2 1 1 46 1038 970 1226
123 4 2 1 1 841 894 672 963
124 4 2 1 1 367 859 362 1272
125 4 2 1 1 726 994 757 1074
126 4 2 1 1 986 1005 759 1222
127 4 2 1 1 782 1101 784 1339
128 4 2 1 1 703 1073 900 1121
129 4 2 1 1 739 1007 161 1221
130 4 2 1 1 828 866 658 1132
131 4 2 1 1 657 824 921 1034
132 4 2 1 1 500 793 1097 1125
133 4 2 1 1 330 885 947 1233
134 4 2 1 1 203 267 1155 1375
135 4 2 1 1 794 814 685 1149
136 4 2 1 1 757 994 726 1063
137 4 2 1 1 916 927 682 1076
138 4 2 1 1 736 905 900 1121
139 4 2 1 1 912 1163 925 1353
140 4 2 1 1 679 1014 823 1299
141 4 2 1 1 220 1012 221 1246
142 4 2 1 1 685 1003 794 1149
143 4 2 1 1 652 1014 1049 1299
144 4 2 1 1 620 902 837 1243
145 4 2 1 1 691 930 747 1017
146 4 2 1 1 111 8 763 1364
147 4 2 1 1 683 1018 942 1020
148 4 2 1 1 91 90 911 923
149 4 2 1 1 500 1097 806 1125
150 4 2 1 1 1037 1041 746 1062
151 4 2 1 1 648 825 1086 1204
152 4 2 1 1 693 788 1123 1147
153 4 2 1 1 679 957 769 1299
154 4 2 1 1 383 843 799 1202
155 4 2 1 1 915 943 726 1108
156 4 2 1 1 663 787 865 1062
157 4 2 1 1 739 668 867 992
158 4 2 1 1 281 948 1133 1254
159 4 2 1 1 676 825 812 999
160 4 2 1 1 882 1190 920 1344
161 4 2 1 1 500 1125 806 1164
162 4 2 1 1 650 761 949 1131
163 4 2 1 1 187 759 922 947
164 4 2 1 1 912 712 1163 1353
165 4 2 1 1 994 1063 757 1108
166 4 2 1 1 161 992 739 1221
167 4 2 1 1 135 836 824 1350
168 4 2 1 1 764 970 714 1070
169 4 2 1 1 738 894 963 1181
170 4 2 1 1 816 1134 727 1162
171 4 2 1 1 216 774 12 975
172 4 2 1 1 250 758 219 1305
173 4 2 1 1 794 884 814 1149
174 4 2 1 1 764 714 1009 1070
175 4 2 1 1 698 894 841 963
176 4 2 1 1 689 939 921 1126
177 4 2 1 1 682 786 916 1076
178 4 2 1 1 731 917 755 1025
179 4 2 1 1 379 383 799 1202
180 4 2 1 1 48 891 755 1000
181 4 2 1 1 702 1036 958 1143
182 4 2 1 1 884 1114 814 1142
183 4 2 1 1 77 964 78 1314
184 4 2 1 1 780 825 648 1204
185 4 2 1 1 219 250 220 758
186 4 2 1 1 682 927 785 1076
187 4 2 1 1 195 922 759 997
188 4 2 1 1 748 970 1070 1194
189 4 2 1 1 882 920 323 1344
190 4 2 1 1 802 677 967 1265
191 4 2 1 1 910 922 706 1124
192 4 2 1 1 689 921 1028 1126
193 4 2 1 1 936 952 717 1195
194 4 2 1 1 698 1041 1037 1135
195 4 2 1 1 657 939 921 1067
196 4 2 1 1 661 1073 815 1121
197 4 2 1 1 250 866 758 1305
198 4 2 1 1 135 824 1239 1350
199 4 2 1 1 697 838 783 1130
200 4 2 1 1 652 898 984 1128
201 4 2 1 1 660 794 1114 1142
202 4 2 1 1 755 935 48 1275
203 4 2 1 1 940 977 716 1211
204 4 2 1 1 828 1012 866 1132
205 4 2 1 1 26 909 757 943
206 4 2 1 1 188 12 201 774
207 4 2 1 1 682 1173 814 1278
208 4 2 1 1 652 1049 898 1299
209 4 2 1 1 663 1193 787 1252
210 4 2 1 1 53 955 932 1353
211 4 2 1 1 812 825 723 999
212 4 2 1 1 712 912 932 1353
213 4 2 1 1 734 922 910 1124
214 4 2 1 1 783 838 697 1166
215 4 2 1 1 566 852 897 925
216 4 2 1 1 652 1014 898 1049
217 4 2 1 1 690 965 1057 1252
218 4 2 1 1 702 958 946 1143
219 4 2 1 1 678 761 1002 1131
220 4 2 1 1 415 1121 815 1191
221 4 2 1 1 383 952 1195 1202
222 4 2 1 1 644 802 768 924
223 4 2 1 1 347 840 1001 1045
224 4 2 1 1 644 802 924 1148
225 4 2 1 1 195 997 11 1005
226 4 2 1 1 759 947 96 971
227 4 2 1 1 96 83 11 971
228 4 2 1 1 40 943 757 1074
229 4 2 1 1 344 881 345 1228
230 4 2 1 1 188 774 201 938
231 4 2 1 1 790 1020 1018 1187
232 4 2 1 1 910 1078 734 1291
233 4 2 1 1 655 790 752 1278
234 4 2 1 1 816 727 1030 1162
235 4 2 1 1 768 802 644 1053
236 4 2 1 1 800 991 825 1287
237 4 2 1 1 660 937 863 1147
238 4 2 1 1 48 891 49 935
239 4 2 1 1 785 927 753 1076
240 4 2 1 1 64 995 1022 1326
241 4 2 1 1 660 814 794 1142
242 4 2 1 1 838 976 740 1355
243 4 2 1 1 14 990 889 1324
244 4 2 1 1 220 758 1012 1246
245 4 2 1 1 347 1001 141 1045
246 4 2 1 1 802 1053 768 1149
247 4 2 1 1 663 838 783 1166
248 4 2 1 1 41 1019 902 1308
249 4 2 1 1 48 1000 755 1275
250 4 2 1 1 740 912 925 932
251 4 2 1 1 799 843 383 1242
252 4 2 1 1 704 997 759 1124
253 4 2 1 1 698 762 983 1041
254 4 2 1 1 394 919 789 1292
255 4 2 1 1 787 1193 1011 1252
256 4 2 1 1 666 958 1199 1255
257 4 2 1 1 452 1037 969 1314
258 4 2 1 1 88 982 749 1295
259 4 2 1 1 928 1001 721 1211
260 4 2 1 1 815 1111 415 1191
261 4 2 1 1 770 1025 1077 1255
262 4 2 1 1 680 1053 941 1116
263 4 2 1 1 660 737 863 1114
264 4 2 1 1 669 1041 767 1135
265 4 2 1 1 747 873 691 1160
266 4 2 1 1 915 943 719 1351
267 4 2 1 1 652 984 989 1128
268 4 2 1 1 139 10 152 777
269 4 2 1 1 643 812 933 1046
270 4 2 1 1 783 838 740 1130
271 4 2 1 1 40 1074 757 1342
272 4 2 1 1 736 1121 900 1274
273 4 2 1 1 758 866 250 1012
274 4 2 1 1 186 947 922 1233
275 4 2 1 1 682 814 856 1278
276 4 2 1 1 768 1003 980 1149
277 4 2 1 1 278 1273 1043 1277
278 4 2 1 1 902 1019 754 1308
279 4 2 1 1 719 788 949 1123
280 4 2 1 1 698 841 894 1135
281 4 2 1 1 723 825 800 1354
282 4 2 1 1 802 965 924 1148
283 4 2 1 1 761 678 1002 1082
284 4 2 1 1 726 1063 915 1108
285 4 2 1 1 821 948 689 1133
286 4 2 1 1 677 847 832 987
287 4 2 1 1 84 518 743 971
288 4 2 1 1 755 917 731 935
289 4 2 1 1 679 769 1049 1299
290 4 2 1 1 832 847 722 987
291 4 2 1 1 733 977 940 1211
292 4 2 1 1 682 862 785 927
293 4 2 1 1 710 1071 986 1162
294 4 2 1 1 757 726 943 1108
295 4 2 1 1 778 1011 787 1193
296 4 2 1 1 201 938 774 988
297 4 2 1 1 816 710 1134 1162
298 4 2 1 1 819 727 1134 1162
299 4 2 1 1 650 949 761 1108
300 4 2 1 1 888 980 979 1104
301 4 2 1 1 53 1349 955 1353
302 4 2 1 1 3 1021 750 1298
303 4 2 1 1 814 884 794 1114
304 4 2 1 1 704 893 997 1124
305 4 2 1 1 819 1030 727 1162
306 4 2 1 1 743 1052 835 1162
307 4 2 1 1 689 948 821 1081
308 4 2 1 1 921 939 735 1126
309 4 2 1 1 704 759 1005 1222
310 4 2 1 1 729 765 934 1294
311 4 2 1 1 500 793 1125 1191
312 4 2 1 1 812 862 678 908
313 4 2 1 1 652 797 1014 1320
314 4 2 1 1 768 644 887 1053
315 4 2 1 1 41 950 902 1368
316 4 2 1 1 738 958 1036 1143
317 4 2 1 1 491 1000 872 1098
318 4 2 1 1 267 204 1075 1375
319 4 2 1 1 390 111 952 1364
320 4 2 1 1 882 920 1190 1215
321 4 2 1 1 201 774 216 988
322 4 2 1 1 648 1086 771 1204
323 4 2 1 1 219 758 220 1246
324 4 2 1 1 738 946 958 1143
325 4 2 1 1 850 958 460 1327
326 4 2 1 1 470 958 1048 1297
327 4 2 1 1 888 854 980 1104
328 4 2 1 1 709 973 913 1150
329 4 2 1 1 664 1055 820 1317
330 4 2 1 1 881 923 715 1228
331 4 2 1 1 737 1003 993 1289
332 4 2 1 1 203 204 267 1375
333 4 2 1 1 649 908 819 999
334 4 2 1 1 905 1121 413 1191
335 4 2 1 1 663 865 1006 1194
336 4 2 1 1 812 1027 933 1046
337 4 2 1 1 678 854 761 1131
338 4 2 1 1 736 1190 920 1215
339 4 2 1 1 669 767 1041 1094
340 4 2 1 1 659 752 834 1032
341 4 2 1 1 1165 1247 584 1363
342 4 2 1 1 768 924 802 965
343 4 2 1 1 921 735 1028 1126
344 4 2 1 1 219 758 1246 1305
345 4 2 1 1 678 908 862 1002
346 4 2 1 1 666 849 958 1255
347 4 2 1 1 973 992 913 1150
348 4 2 1 1 986 1071 743 1162
349 4 2 1 1 785 927 862 1264
350 4 2 1 1 394 789 1092 1292
351 4 2 1 1 880 1018 683 1187
352 4 2 1 1 812 825 676 1046
353 4 2 1 1 665 743 831 1071
354 4 2 1 1 648 940 1086 1336
355 4 2 1 1 762 969 698 983
356 4 2 1 1 672 894 841 1135
357 4 2 1 1 666 1077 1025 1255
358 4 2 1 1 657 921 799 1067
359 4 2 1 1 83 971 84 1005
360 4 2 1 1 656 916 786 1076
361 4 2 1 1 680 790 1018 1187
362 4 2 1 1 663 778 787 1193
363 4 2 1 1 770 1077 1025 1148
364 4 2 1 1 10 180 777 1080
365 4 2 1 1 746 969 1037 1314
366 4 2 1 1 666 958 850 1199
367 4 2 1 1 765 729 934 1174
368 4 2 1 1 663 1062 865 1194
369 4 2 1 1 8 763 208 1040
370 4 2 1 1 660 788 937 1147
371 4 2 1 1 95 1136 971 1357
372 4 2 1 1 84 961 743 1312
373 4 2 1 1 764 923 90 1335
374 4 2 1 1 665 1052 743 1162
375 4 2 1 1 844 972 268 1273
376 4 2 1 1 815 1121 703 1191
377 4 2 1 1 678 778 875 979
378 4 2 1 1 80 540 81 1072
379 4 2 1 1 680 790 941 1018
380 4 2 1 1 652 779 895 989
381 4 2 1 1 10 777 139 1205
382 4 2 1 1 153 195 11 1005
383 4 2 1 1 112 389 952 1195
384 4 2 1 1 953 1035 775 1356
385 4 2 1 1 723 780 825 1354
386 4 2 1 1 584 1247 1165 1290
387 4 2 1 1 790 941 1018 1020
388 4 2 1 1 737 993 955 1289
389 4 2 1 1 797 1146 1014 1320
390 4 2 1 1 109 873 905 1191
391 4 2 1 1 777 222 1080 1205
392 4 2 1 1 158 905 920 1215
393 4 2 1 1 705 895 779 989
394 4 2 1 1 324 323 882 1215
395 4 2 1 1 618 1083 837 1227
396 4 2 1 1 748 978 81 1169
397 4 2 1 1 507 803 890 1097
398 4 2 1 1 693 902 837 1090
399 4 2 1 1 888 979 854 1104
400 4 2 1 1 660 788 863 937
401 4 2 1 1 655 752 871 1278
402 4 2 1 1 636 1015 909 1154
403 4 2 1 1 650 949 786 1131
404 4 2 1 1 709 913 992 1150
405 4 2 1 1 856 1031 871 1066
406 4 2 1 1 500 1125 873 1191
407 4 2 1 1 721 1001 1045 1151
408 4 2 1 1 786 1108 916 1225
409 4 2 1 1 98 1164 930 1306
410 4 2 1 1 965 892 1057 1252
411 4 2 1 1 819 908 723 999
412 4 2 1 1 141 1045 1001 1151
413 4 2 1 1 657 1060 843 1101
414 4 2 1 1 665 831 743 1052
415 4 2 1 1 719 943 915 1108
416 4 2 1 1 932 955 712 1353
417 4 2 1 1 21 1019 638 1090
418 4 2 1 1 698 983 969 1041
419 4 2 1 1 652 797 779 989
420 4 2 1 1 152 139 777 968
421 4 2 1 1 660 863 745 1114
422 4 2 1 1 680 941 790 1116
423 4 2 1 1 217 975 744 988
424 4 2 1 1 650 761 915 1108
425 4 2 1 1 722 847 832 1046
426 4 2 1 1 726 943 915 1351
427 4 2 1 1 725 984 898 1128
428 4 2 1 1 771 928 648 1204
429 4 2 1 1 716 977 940 1370
430 4 2 1 1 659 834 752 1100
431 4 2 1 1 751 962 903 1008
432 4 2 1 1 757 909 26 1342
433 4 2 1 1 666 849 850 958
434 4 2 1 1 814 854 682 1172
435 4 2 1 1 725 989 984 1128
436 4 2 1 1 660 1114 745 1142
437 4 2 1 1 657 1060 953 1202
438 4 2 1 1 907 957 654 1150
439 4 2 1 1 152 777 180 977
440 4 2 1 1 703 905 900 1160
441 4 2 1 1 489 929 1241 1298
442 4 2 1 1 90 911 764 1038
443 4 2 1 1 950 1224 740 1289
444 4 2 1 1 566 852 563 897
445 4 2 1 1 584 1290 1165 1363
446 4 2 1 1 816 727 1134 1136
447 4 2 1 1 775 1035 953 1293
448 4 2 1 1 955 1349 712 1353
449 4 2 1 1 471 958 849 1048
450 4 2 1 1 685 1053 802 1149
451 4 2 1 1 656 786 1029 1076
452 4 2 1 1 943 1083 719 1351
453 4 2 1 1 273 1043 278 1273
454 4 2 1 1 723 800 825 1287
455 4 2 1 1 344 345 143 1228
456 4 2 1 1 383 1195 843 1202
457 4 2 1 1 901 1012 221 1080
458 4 2 1 1 710 816 1134 1136
459 4 2 1 1 840 1059 342 1205
460 4 2 1 1 644 784 782 967
461 4 2 1 1 748 970 81 978
462 4 2 1 1 1055 1112 820 1317
463 4 2 1 1 188 12 774 1155
464 4 2 1 1 152 968 777 977
465 4 2 1 1 618 837 1090 1227
466 4 2 1 1 821 1081 948 1156
467 4 2 1 1 161 930 405 1007
468 4 2 1 1 684 862 812 908
469 4 2 1 1 111 936 763 1040
470 4 2 1 1 62 5 75 1366
471 4 2 1 1 552 78 964 1314
472 4 2 1 1 871 1031 856 1278
473 4 2 1 1 470 958 471 1048
474 4 2 1 1 1006 1009 714 1070
475 4 2 1 1 330 333 885 1233
476 4 2 1 1 273 1262 1043 1273
477 4 2 1 1 934 1174 729 1317
478 4 2 1 1 617 943 1083 1227
479 4 2 1 1 161 1007 405 1221
480 4 2 1 1 903 962 751 1010
481 4 2 1 1 722 860 796 940
482 4 2 1 1 812 991 825 1046
483 4 2 1 1 856 996 655 1142
484 4 2 1 1 802 888 685 980
485 4 2 1 1 685 814 794 854
486 4 2 1 1 942 1018 683 1333
487 4 2 1 1 765 1084 729 1174
488 4 2 1 1 689 1028 751 1126
489 4 2 1 1 786 682 854 1172
490 4 2 1 1 397 789 1237 1241
491 4 2 1 1 900 905 736 1160
492 4 2 1 1 890 1021 506 1103
493 4 2 1 1 958 1039 130 1327
494 4 2 1 1 665 835 1052 1162
495 4 2 1 1 491 59 1000 1098
496 4 2 1 1 678 875 808 979
497 4 2 1 1 273 278 1043 1262
498 4 2 1 1 672 859 963 1181
499 4 2 1 1 808 875 778 979
500 4 2 1 1 680 1064 1053 1116
501 4 2 1 1 915 1002 761 1131
502 4 2 1 1 703 1121 905 1191
503 4 2 1 1 814 856 655 1142
504 4 2 1 1 657 921 824 1242
505 4 2 1 1 687 1040 919 1340
506 4 2 1 1 88 527 982 1295
507 4 2 1 1 735 939 921 1034
508 4 2 1 1 909 943 25 1227
509 4 2 1 1 650 916 786 1108
510 4 2 1 1 880 683 1018 1333
511 4 2 1 1 786 700 1108 1225
512 4 2 1 1 784 1101 782 1293
513 4 2 1 1 1165 1247 830 1290
514 4 2 1 1 730 962 864 1008
515 4 2 1 1 765 729 1084 1294
516 4 2 1 1 88 749 966 1091
517 4 2 1 1 660 745 863 1142
518 4 2 1 1 48 61 1000 1275
519 4 2 1 1 775 953 657 1293
520 4 2 1 1 95 519 971 1136
521 4 2 1 1 739 992 973 1150
522 4 2 1 1 397 1237 886 1241
523 4 2 1 1 118 103 3 1298
524 4 2 1 1 723 999 825 1204
525 4 2 1 1 659 752 1032 1137
526 4 2 1 1 638 1019 937 1090
527 4 2 1 1 195 238 187 922
528 4 2 1 1 711 985 928 1325
529 4 2 1 1 710 971 986 1071
530 4 2 1 1 49 935 891 1247
531 4 2 1 1 889 998 14 1324
532 4 2 1 1 781 1035 953 1356
533 4 2 1 1 513 507 803 890
534 4 2 1 1 788 1090 693 1123
535 4 2 1 1 518 84 743 1312
536 4 2 1 1 698 762 1041 1143
537 4 2 1 1 500 873 1125 1164
538 4 2 1 1 220 758 250 1012
539 4 2 1 1 719 1083 943 1227
540 4 2 1 1 422 1091 966 1111
541 4 2 1 1 208 763 926 1040
542 4 2 1 1 723 874 819 906
543 4 2 1 1 970 1038 714 1226
544 4 2 1 1 719 1090 788 1123
545 4 2 1 1 652 898 773 984
546 4 2 1 1 889 990 745 1324
547 4 2 1 1 886 1237 789 1241
548 4 2 1 1 690 783 965 1252
549 4 2 1 1 780 648 928 1204
550 4 2 1 1 636 909 1096 1154
551 4 2 1 1 786 814 682 1172
552 4 2 1 1 163 1221 818 1270
553 4 2 1 1 657 799 921 1242
554 4 2 1 1 217 988 744 1235
555 4 2 1 1 135 824 836 1332
556 4 2 1 1 179 977 1080 1127
557 4 2 1 1 659 795 1017 1032
558 4 2 1 1 784 1025 666 1077
559 4 2 1 1 725 774 989 1128
560 4 2 1 1 849 1054 467 1180
561 4 2 1 1 330 947 885 1357
562 4 2 1 1 395 789 394 919
563 4 2 1 1 470 1048 73 1297
564 4 2 1 1 378 799 383 1242
565 4 2 1 1 655 996 856 1066
566 4 2 1 1 158 920 157 1215
567 4 2 1 1 779 705 989 1118
568 4 2 1 1 656 786 916 1250
569 4 2 1 1 690 1057 1011 1252
570 4 2 1 1 505 879 793 1111
571 4 2 1 1 899 1020 862 1264
572 4 2 1 1 716 1012 985 1080
573 4 2 1 1 392 919 394 1292
574 4 2 1 1 743 971 518 1071
575 4 2 1 1 135 1239 134 1350
576 4 2 1 1 200 938 201 988
577 4 2 1 1 552 964 1099 1314
578 4 2 1 1 692 1138 742 1159
579 4 2 1 1 740 1224 976 1289
580 4 2 1 1 716 985 1012 1132
581 4 2 1 1 818 1221 867 1270
582 4 2 1 1 704 1124 759 1222
583 4 2 1 1 941 1018 933 1265
584 4 2 1 1 749 1074 726 1212
585 4 2 1 1 968 977 151 1229
586 4 2 1 1 379 384 952 1178
587 4 2 1 1 617 25 943 1227
588 4 2 1 1 665 1071 816 1162
589 4 2 1 1 48 4 61 1275
590 4 2 1 1 101 506 1021 1103
591 4 2 1 1 277 1273 278 1277
592 4 2 1 1 650 1002 915 1131
593 4 2 1 1 103 1021 3 1298
594 4 2 1 1 216 774 975 988
595 4 2 1 1 977 1093 151 1229
596 4 2 1 1 187 922 186 947
597 4 2 1 1 860 940 722 1129
598 4 2 1 1 741 843 1060 1101
599 4 2 1 1 759 986 743 1005
600 4 2 1 1 1036 1039 738 1143
601 4 2 1 1 685 888 802 941
602 4 2 1 1 761 1002 915 1082
603 4 2 1 1 882 1190 736 1215
604 4 2 1 1 34 90 6 1335
605 4 2 1 1 768 1053 887 1149
606 4 2 1 1 786 854 682 1131
607 4 2 1 1 739 1024 795 1210
608 4 2 1 1 685 888 854 980
609 4 2 1 1 1 20 41 1308
610 4 2 1 1 291 1167 845 1236
611 4 2 1 1 785 753 956 1117
612 4 2 1 1 624 998 889 1113
613 4 2 1 1 661 1121 810 1274
614 4 2 1 1 269 268 972 1273
615 4 2 1 1 489 929 1112 1241
616 4 2 1 1 643 933 812 1027
617 4 2 1 1 109 905 413 1191
618 4 2 1 1 874 906 723 1204
619 4 2 1 1 857 880 653 1175
620 4 2 1 1 659 1100 752 1137
621 4 2 1 1 856 1029 786 1076
622 4 2 1 1 796 860 842 962
623 4 2 1 1 684 862 908 1002
624 4 2 1 1 648 1086 1107 1336
625 4 2 1 1 668 769 1013 1299
626 4 2 1 1 901 1080 222 1205
627 4 2 1 1 379 384 383 952
628 4 2 1 1 647 860 842 987
629 4 2 1 1 560 852 562 1022
630 4 2 1 1 776 956 835 1197
631 4 2 1 1 222 10 181 1205
632 4 2 1 1 777 1080 901 1205
633 4 2 1 1 660 863 998 1142
634 4 2 1 1 802 888 690 933
635 4 2 1 1 744 792 984 1214
636 4 2 1 1 649 819 906 999
637 4 2 1 1 88 749 1091 1295
638 4 2 1 1 742 692 1075 1138
639 4 2 1 1 761 854 678 1104
640 4 2 1 1 744 975 217 1305
641 4 2 1 1 77 552 78 964
642 4 2 1 1 985 1012 758 1080
643 4 2 1 1 723 906 819 999
644 4 2 1 1 362 876 1056 1231
645 4 2 1 1 743 986 971 1071
646 4 2 1 1 725 774 988 989
647 4 2 1 1 713 1241 929 1298
648 4 2 1 1 383 952 389 1195
649 4 2 1 1 745 998 863 1142
650 4 2 1 1 733 940 977 1370
651 4 2 1 1 739 973 930 1017
652 4 2 1 1 539 46 970 1226
653 4 2 1 1 109 905 873 1306
654 4 2 1 1 657 843 1060 1202
655 4 2 1 1 690 888 802 980
656 4 2 1 1 837 1083 719 1227
657 4 2 1 1 655 871 752 934
658 4 2 1 1 687 1266 1092 1292
659 4 2 1 1 680 790 1064 1116
660 4 2 1 1 687 919 1100 1340
661 4 2 1 1 3 889 13 1276
662 4 2 1 1 795 1024 659 1210
663 4 2 1 1 678 772 875 908
664 4 2 1 1 779 1146 797 1320
665 4 2 1 1 770 731 924 1025
666 4 2 1 1 671 1123 1083 1351
667 4 2 1 1 500 793 504 1097
668 4 2 1 1 90 1038 764 1335
669 4 2 1 1 467 1054 849 1183
670 4 2 1 1 505 510 879 1111
671 4 2 1 1 33 889 3 1113
672 4 2 1 1 842 860 722 987
673 4 2 1 1 519 1071 971 1136
674 4 2 1 1 160 161 913 930
675 4 2 1 1 758 1012 985 1132
676 4 2 1 1 291 845 1141 1236
677 4 2 1 1 754 1224 950 1289
678 4 2 1 1 681 1018 1035 1265
679 4 2 1 1 80 450 869 1169
680 4 2 1 1 716 796 940 985
681 4 2 1 1 668 918 769 1299
682 4 2 1 1 510 879 1111 1186
683 4 2 1 1 950 976 740 1224
684 4 2 1 1 884 1116 765 1294
685 4 2 1 1 513 803 507 1097
686 4 2 1 1 15 990 14 1324
687 4 2 1 1 656 1029 786 1250
688 4 2 1 1 687 936 1266 1292
689 4 2 1 1 924 1025 731 1179
690 4 2 1 1 812 991 899 1287
691 4 2 1 1 722 940 796 1107
692 4 2 1 1 220 254 221 1012
693 4 2 1 1 759 971 743 986
694 4 2 1 1 658 797 1085 1214
695 4 2 1 1 64 560 562 1022
696 4 2 1 1 386 1033 741 1301
697 4 2 1 1 655 856 814 1278
698 4 2 1 1 880 1175 857 1187
699 4 2 1 1 762 983 1041 1143
700 4 2 1 1 729 1294 934 1317
701 4 2 1 1 185 947 186 1233
702 4 2 1 1 1010 1056 860 1181
703 4 2 1 1 851 1132 1085 1214
704 4 2 1 1 759 743 971 1005
705 4 2 1 1 157 920 323 1215
706 4 2 1 1 661 815 810 1121
707 4 2 1 1 765 1084 884 1294
708 4 2 1 1 362 1056 859 1122
709 4 2 1 1 539 970 1072 1226
710 4 2 1 1 1025 1077 784 1148
711 4 2 1 1 874 734 1050 1185
712 4 2 1 1 658 1085 1132 1214
713 4 2 1 1 672 963 859 1122
714 4 2 1 1 1026 1040 687 1340
715 4 2 1 1 643 991 812 1046
716 4 2 1 1 216 12 209 975
717 4 2 1 1 624 889 622 1113
718 4 2 1 1 845 1177 1150 1323
719 4 2 1 1 652 984 773 1014
720 4 2 1 1 672 841 963 1122
721 4 2 1 1 21 638 22 1090
722 4 2 1 1 62 75 995 1366
723 4 2 1 1 422 1111 966 1186
724 4 2 1 1 731 1179 935 1362
725 4 2 1 1 682 814 786 856
726 4 2 1 1 741 1261 386 1301
727 4 2 1 1 1010 860 1145 1181
728 4 2 1 1 251 1012 866 1269
729 4 2 1 1 858 925 1163 1353
730 4 2 1 1 785 862 682 1020
731 4 2 1 1 413 1121 415 1191
732 4 2 1 1 681 1018 880 1035
733 4 2 1 1 395 919 818 1115
734 4 2 1 1 503 806 500 1097
735 4 2 1 1 661 835 956 1197
736 4 2 1 1 754 950 932 1289
737 4 2 1 1 698 894 963 1143
738 4 2 1 1 669 767 960 1135
739 4 2 1 1 747 1017 973 1160
740 4 2 1 1 881 1045 345 1228
741 4 2 1 1 758 866 1012 1132
742 4 2 1 1 734 1185 874 1259
743 4 2 1 1 95 94 519 1136
744 4 2 1 1 873 883 691 1160
745 4 2 1 1 811 1122 1056 1231
746 4 2 1 1 176 175 876 1345
747 4 2 1 1 795 654 957 1150
748 4 2 1 1 709 845 992 1343
749 4 2 1 1 667 804 792 1296
750 4 2 1 1 206 207 904 926
751 4 2 1 1 95 971 947 1357
752 4 2 1 1 660 998 813 1142
753 4 2 1 1 962 1008 751 1010
754 4 2 1 1 689 1133 948 1254
755 4 2 1 1 669 787 1041 1062
756 4 2 1 1 658 1132 758 1214
757 4 2 1 1 930 1164 873 1306
758 4 2 1 1 835 986 743 1162
759 4 2 1 1 152 151 968 977
760 4 2 1 1 217 1235 744 1305
761 4 2 1 1 731 1025 770 1255
762 4 2 1 1 805 1051 658 1329
763 4 2 1 1 301 1040 926 1270
764 4 2 1 1 807 1031 691 1103
765 4 2 1 1 852 995 697 1022
766 4 2 1 1 323 157 158 920
767 4 2 1 1 851 1085 797 1214
768 4 2 1 1 792 984 725 988
769 4 2 1 1 643 888 933 1027
770 4 2 1 1 75 1036 995 1366
771 4 2 1 1 652 779 797 1320
772 4 2 1 1 879 1015 515 1154
773 4 2 1 1 713 1112 929 1241
774 4 2 1 1 470 1036 958 1297
775 4 2 1 1 395 789 919 1115
776 4 2 1 1 753 1117 785 1268
777 4 2 1 1 669 798 1037 1135
778 4 2 1 1 767 1086 940 1336
779 4 2 1 1 449 81 978 1169
780 4 2 1 1 643 812 888 1027
781 4 2 1 1 730 1008 864 1081
782 4 2 1 1 900 1117 753 1268
783 4 2 1 1 647 775 939 1341
784 4 2 1 1 566 563 567 897
785 4 2 1 1 958 702 1048 1297
786 4 2 1 1 112 1195 936 1266
787 4 2 1 1 856 1066 996 1142
788 4 2 1 1 658 758 866 1214
789 4 2 1 1 732 919 1040 1340
790 4 2 1 1 668 1013 918 1299
791 4 2 1 1 761 678 1082 1104
792 4 2 1 1 779 652 895 1320
793 4 2 1 1 779 864 842 1146
794 4 2 1 1 513 890 803 1208
795 4 2 1 1 782 967 784 1293
796 4 2 1 1 810 815 661 1279
797 4 2 1 1 932 955 53 1308
798 4 2 1 1 750 1276 3 1298
799 4 2 1 1 718 808 1058 1087
800 4 2 1 1 801 927 684 1002
801 4 2 1 1 706 1078 910 1296
802 4 2 1 1 175 903 876 1345
803 4 2 1 1 685 980 854 1104
804 4 2 1 1 971 1136 710 1357
805 4 2 1 1 650 915 761 1131
806 4 2 1 1 33 13 3 889
807 4 2 1 1 774 938 188 974
808 4 2 1 1 704 893 833 997
809 4 2 1 1 208 763 8 1364
810 4 2 1 1 180 977 777 1080
811 4 2 1 1 735 921 824 1034
812 4 2 1 1 1078 1291 910 1296
813 4 2 1 1 80 869 450 1314
814 4 2 1 1 666 1025 784 1358
815 4 2 1 1 966 1091 688 1111
816 4 2 1 1 760 1013 918 1159
817 4 2 1 1 14 889 623 998
818 4 2 1 1 655 1116 884 1294
819 4 2 1 1 362 1056 357 1231
820 4 2 1 1 716 985 940 1211
821 4 2 1 1 677 832 847 933
822 4 2 1 1 785 862 1020 1264
823 4 2 1 1 676 933 832 1027
824 4 2 1 1 685 854 794 1104
825 4 2 1 1 725 988 984 989
826 4 2 1 1 669 1135 960 1309
827 4 2 1 1 624 998 1113 1208
828 4 2 1 1 347 346 840 1045
829 4 2 1 1 757 994 966 1074
830 4 2 1 1 667 984 792 1214
831 4 2 1 1 267 817 972 1075
832 4 2 1 1 652 797 984 1014
833 4 2 1 1 739 818 1024 1210
834 4 2 1 1 722 1129 940 1336
835 4 2 1 1 343 90 923 1335
836 4 2 1 1 932 950 740 1289
837 4 2 1 1 646 1057 892 1252
838 4 2 1 1 730 864 1023 1081
839 4 2 1 1 250 866 251 1012
840 4 2 1 1 660 863 813 998
841 4 2 1 1 49 1207 935 1247
842 4 2 1 1 647 939 878 1341
843 4 2 1 1 91 923 911 1263
844 4 2 1 1 492 872 791 1098
845 4 2 1 1 941 1053 685 1116
846 4 2 1 1 650 786 949 1108
847 4 2 1 1 854 1131 786 1172
848 4 2 1 1 896 1120 604 1256
849 4 2 1 1 930 1164 98 1184
850 4 2 1 1 728 887 768 1179
851 4 2 1 1 650 1063 994 1108
852 4 2 1 1 260 179 1080 1127
853 4 2 1 1 539 1072 827 1226
854 4 2 1 1 786 916 700 1225
855 4 2 1 1 668 918 1013 1159
856 4 2 1 1 1043 1262 817 1273
857 4 2 1 1 648 940 796 985
858 4 2 1 1 689 751 1008 1126
859 4 2 1 1 745 996 889 1142
860 4 2 1 1 485 1261 872 1301
861 4 2 1 1 491 872 492 1098
862 4 2 1 1 291 191 1167 1236
863 4 2 1 1 396 818 395 919
864 4 2 1 1 900 956 753 1117
865 4 2 1 1 990 1276 996 1294
866 4 2 1 1 648 825 780 1354
867 4 2 1 1 822 297 1217 1331
868 4 2 1 1 200 307 201 938
869 4 2 1 1 753 927 785 1264
870 4 2 1 1 918 1013 760 1299
871 4 2 1 1 47 46 601 1038
872 4 2 1 1 351 811 977 1127
873 4 2 1 1 206 926 904 1262
874 4 2 1 1 741 1033 386 1261
875 4 2 1 1 796 860 962 1257
876 4 2 1 1 874 1185 1050 1204
877 4 2 1 1 20 1019 41 1308
878 4 2 1 1 779 989 797 1118
879 4 2 1 1 48 580 891 1000
880 4 2 1 1 888 933 802 941
881 4 2 1 1 731 924 1179 1362
882 4 2 1 1 451 1037 452 1314
883 4 2 1 1 464 958 130 1327
884 4 2 1 1 734 947 885 1233
885 4 2 1 1 744 931 792 1214
886 4 2 1 1 724 1177 845 1323
887 4 2 1 1 217 975 245 1305
888 4 2 1 1 245 975 1144 1305
889 4 2 1 1 679 1049 954 1198
890 4 2 1 1 718 1058 853 1087
891 4 2 1 1 681 1320 760 1333
892 4 2 1 1 742 1075 817 1138
893 4 2 1 1 738 963 894 1143
894 4 2 1 1 742 1075 692 1159
895 4 2 1 1 903 962 730 1008
896 4 2 1 1 481 855 872 1261
897 4 2 1 1 14 998 623 1324
898 4 2 1 1 750 1066 1021 1113
899 4 2 1 1 777 968 139 1001
900 4 2 1 1 88 982 527 1074
901 4 2 1 1 901 985 758 1080
902 4 2 1 1 794 854 814 1172
903 4 2 1 1 724 898 769 918
904 4 2 1 1 783 1011 690 1193
905 4 2 1 1 728 768 924 1179
906 4 2 1 1 426 961 1069 1238
907 4 2 1 1 789 1115 398 1237
908 4 2 1 1 819 665 1157 1170
909 4 2 1 1 709 992 845 1150
910 4 2 1 1 716 1080 977 1127
911 4 2 1 1 786 856 814 1029
912 4 2 1 1 939 775 1293 1341
913 4 2 1 1 276 821 281 1156
914 4 2 1 1 827 1188 541 1226
915 4 2 1 1 89 966 88 1074
916 4 2 1 1 681 1035 775 1265
917 4 2 1 1 962 1257 1051 1329
918 4 2 1 1 301 166 1040 1270
919 4 2 1 1 691 883 1017 1160
920 4 2 1 1 751 1028 689 1254
921 4 2 1 1 699 889 996 1142
922 4 2 1 1 739 913 973 992
923 4 2 1 1 697 1022 995 1326
924 4 2 1 1 709 992 913 1343
925 4 2 1 1 1017 1032 795 1284
926 4 2 1 1 390 112 389 952
927 4 2 1 1 990 996 745 1119
928 4 2 1 1 747 905 873 1160
929 4 2 1 1 922 947 734 1233
930 4 2 1 1 1051 1257 658 1329
931 4 2 1 1 805 1023 1051 1329
932 4 2 1 1 678 772 908 1002
933 4 2 1 1 601 1038 46 1226
934 4 2 1 1 745 889 998 1142
935 4 2 1 1 26 25 909 943
936 4 2 1 1 822 1245 297 1331
937 4 2 1 1 679 776 954 1049
938 4 2 1 1 571 566 567 897
939 4 2 1 1 743 1071 518 1312
940 4 2 1 1 834 752 1100 1175
941 4 2 1 1 750 699 1066 1113
942 4 2 1 1 699 998 889 1142
943 4 2 1 1 676 832 1011 1027
944 4 2 1 1 1150 1177 769 1323
945 4 2 1 1 330 947 185 1233
946 4 2 1 1 3 1021 103 1113
947 4 2 1 1 684 801 1002 1157
948 4 2 1 1 650 927 801 1002
949 4 2 1 1 305 992 161 1221
950 4 2 1 1 362 876 368 1272
951 4 2 1 1 687 820 1092 1266
952 4 2 1 1 659 1024 818 1210
953 4 2 1 1 268 972 844 1216
954 4 2 1 1 691 873 747 930
955 4 2 1 1 363 176 175 876
956 4 2 1 1 776 900 736 907
957 4 2 1 1 746 1099 964 1314
958 4 2 1 1 407 101 102 1021
959 4 2 1 1 659 1032 1017 1347
960 4 2 1 1 1056 1122 357 1231
961 4 2 1 1 711 1059 840 1205
962 4 2 1 1 724 1167 845 1177
963 4 2 1 1 176 876 1231 1345
964 4 2 1 1 933 1011 832 1027
965 4 2 1 1 762 1039 1036 1143
966 4 2 1 1 347 141 346 1045
967 4 2 1 1 311 826 1236 1304
968 4 2 1 1 98 873 1164 1306
969 4 2 1 1 604 896 809 1120
970 4 2 1 1 733 977 968 1229
971 4 2 1 1 679 823 942 957
972 4 2 1 1 751 689 948 1254
973 4 2 1 1 681 823 1320 1333
974 4 2 1 1 953 1067 781 1356
975 4 2 1 1 796 962 842 1257
976 4 2 1 1 746 1041 787 1062
977 4 2 1 1 1000 1098 59 1363
978 4 2 1 1 1092 1266 477 1292
979 4 2 1 1 541 1188 44 1226
980 4 2 1 1 709 1150 845 1177
981 4 2 1 1 810 1121 815 1279
982 4 2 1 1 730 1051 1023 1329
983 4 2 1 1 644 784 1025 1339
984 4 2 1 1 681 760 1152 1333
985 4 2 1 1 758 658 866 1132
986 4 2 1 1 894 946 738 1143
987 4 2 1 1 769 957 907 1150
988 4 2 1 1 233 1078 922 1281
989 4 2 1 1 670 794 1003 1149
990 4 2 1 1 96 187 328 947
991 4 2 1 1 660 1201 788 1316
992 4 2 1 1 395 818 396 1115
993 4 2 1 1 703 1111 815 1191
994 4 2 1 1 847 933 832 1046
995 4 2 1 1 481 872 485 1261
996 4 2 1 1 311 877 826 1304
997 4 2 1 1 729 1084 1098 1174
998 4 2 1 1 795 973 654 1150
999 4 2 1 1 325 1069 833 1238
1000 4 2 1 1 738 894 766 946
1001 4 2 1 1 738 1039 958 1327
1002 4 2 1 1 614 620 837 1243
1003 4 2 1 1 386 951 1033 1301
1004 4 2 1 1 791 820 664 1182
1005 4 2 1 1 325 882 833 1069
1006 4 2 1 1 724 769 1177 1323
1007 4 2 1 1 663 783 1193 1252
1008 4 2 1 1 401 886 397 1237
1009 4 2 1 1 513 512 890 1208
1010 4 2 1 1 966 994 749 1074
1011 4 2 1 1 720 1010 751 1126
1012 4 2 1 1 229 1016 1078 1281
1013 4 2 1 1 470 471 73 1048
1014 4 2 1 1 814 1029 856 1142
1015 4 2 1 1 698 762 1143 1319
1016 4 2 1 1 859 720 1056 1272
1017 4 2 1 1 431 961 84 1312
1018 4 2 1 1 770 924 731 1106
1019 4 2 1 1 954 1049 776 1198
1020 4 2 1 1 140 141 1001 1151
1021 4 2 1 1 786 1029 814 1142
1022 4 2 1 1 646 770 892 1057
1023 4 2 1 1 872 1000 696 1098
1024 4 2 1 1 402 397 789 1237
1025 4 2 1 1 738 958 850 1327
1026 4 2 1 1 806 691 1031 1103
1027 4 2 1 1 622 889 624 998
1028 4 2 1 1 705 779 1023 1118
1029 4 2 1 1 676 1027 812 1046
1030 4 2 1 1 808 1087 875 1359
1031 4 2 1 1 746 1037 969 1041
1032 4 2 1 1 657 782 953 1060
1033 4 2 1 1 761 1123 949 1147
1034 4 2 1 1 665 831 816 1071
1035 4 2 1 1 751 720 945 1360
1036 4 2 1 1 952 1178 169 1364
1037 4 2 1 1 939 1293 1034 1341
1038 4 2 1 1 26 2 40 1342
1039 4 2 1 1 788 660 863 1201
1040 4 2 1 1 667 1079 931 1334
1041 4 2 1 1 780 1050 1185 1204
1042 4 2 1 1 501 793 500 1191
1043 4 2 1 1 840 928 711 1001
1044 4 2 1 1 710 816 1071 1162
1045 4 2 1 1 363 876 362 1231
1046 4 2 1 1 762 1143 1036 1285
1047 4 2 1 1 367 1240 859 1272
1048 4 2 1 1 685 794 980 1104
1049 4 2 1 1 539 827 541 1226
1050 4 2 1 1 656 1029 856 1076
1051 4 2 1 1 681 864 779 1146
1052 4 2 1 1 766 1077 878 1199
1053 4 2 1 1 667 804 1079 1334
1054 4 2 1 1 188 201 307 938
1055 4 2 1 1 675 925 912 1163
1056 4 2 1 1 668 845 992 1150
1057 4 2 1 1 133 917 1239 1275
1058 4 2 1 1 605 1153 896 1226
1059 4 2 1 1 260 1080 1012 1127
1060 4 2 1 1 952 1277 1178 1364
1061 4 2 1 1 421 961 810 1069
1062 4 2 1 1 671 808 875 1359
1063 4 2 1 1 996 1276 750 1294
1064 4 2 1 1 819 906 874 1134
1065 4 2 1 1 909 1015 26 1342
1066 4 2 1 1 158 905 159 1258
1067 4 2 1 1 644 914 887 1282
1068 4 2 1 1 907 654 973 1150
1069 4 2 1 1 751 876 720 1360
1070 4 2 1 1 756 1031 871 1278
1071 4 2 1 1 741 1033 951 1301
1072 4 2 1 1 657 843 1033 1101
1073 4 2 1 1 671 1083 809 1351
1074 4 2 1 1 774 974 188 1155
1075 4 2 1 1 702 1036 1143 1285
1076 4 2 1 1 412 1258 905 1306
1077 4 2 1 1 200 938 988 1346
1078 4 2 1 1 738 963 859 1181
1079 4 2 1 1 681 1061 760 1320
1080 4 2 1 1 706 997 893 1124
1081 4 2 1 1 801 835 684 956
1082 4 2 1 1 22 620 21 1090
1083 4 2 1 1 871 1031 694 1066
1084 4 2 1 1 48 61 580 1000
1085 4 2 1 1 45 541 44 1226
1086 4 2 1 1 746 969 983 1041
1087 4 2 1 1 667 792 804 1334
1088 4 2 1 1 946 1199 958 1255
1089 4 2 1 1 759 997 704 1005
1090 4 2 1 1 720 751 945 1126
1091 4 2 1 1 681 781 1035 1152
1092 4 2 1 1 412 109 110 1306
1093 4 2 1 1 564 897 852 1048
1094 4 2 1 1 939 1034 878 1341
1095 4 2 1 1 342 840 337 1059
1096 4 2 1 1 730 962 1051 1329
1097 4 2 1 1 1039 1143 762 1319
1098 4 2 1 1 811 357 1122 1231
1099 4 2 1 1 316 833 315 877
1100 4 2 1 1 186 185 330 947
1101 4 2 1 1 698 969 1037 1041
1102 4 2 1 1 840 885 337 1059
1103 4 2 1 1 667 792 931 1214
1104 4 2 1 1 158 920 905 1258
1105 4 2 1 1 502 806 890 1103
1106 4 2 1 1 505 509 793 879
1107 4 2 1 1 279 206 207 904
1108 4 2 1 1 716 977 777 1211
1109 4 2 1 1 442 798 1037 1232
1110 4 2 1 1 273 817 1262 1273
1111 4 2 1 1 412 905 109 1306
1112 4 2 1 1 426 1005 961 1238
1113 4 2 1 1 720 876 751 1010
1114 4 2 1 1 301 165 166 1270
1115 4 2 1 1 101 506 102 1021
1116 4 2 1 1 786 949 761 1131
1117 4 2 1 1 160 930 913 1258
1118 4 2 1 1 669 798 1135 1309
1119 4 2 1 1 940 1158 716 1370
1120 4 2 1 1 618 617 1083 1227
1121 4 2 1 1 895 1138 742 1244
1122 4 2 1 1 837 719 1090 1227
1123 4 2 1 1 854 888 678 979
1124 4 2 1 1 733 1093 977 1229
1125 4 2 1 1 682 856 786 1076
1126 4 2 1 1 841 360 963 1122
1127 4 2 1 1 402 789 398 1237
1128 4 2 1 1 1178 1277 169 1364
1129 4 2 1 1 330 885 332 1357
1130 4 2 1 1 680 941 967 1265
1131 4 2 1 1 460 1240 850 1327
1132 4 2 1 1 820 1092 484 1241
1133 4 2 1 1 668 769 918 1323
1134 4 2 1 1 206 1217 926 1262
1135 4 2 1 1 945 1028 137 1209
1136 4 2 1 1 799 921 375 1133
1137 4 2 1 1 95 96 947 971
1138 4 2 1 1 392 395 394 919
1139 4 2 1 1 678 908 875 1140
1140 4 2 1 1 744 1144 975 1305
1141 4 2 1 1 130 958 469 1039
1142 4 2 1 1 324 882 323 1344
1143 4 2 1 1 657 824 1033 1242
1144 4 2 1 1 706 893 773 910
1145 4 2 1 1 657 1033 843 1242
1146 4 2 1 1 350 151 977 1093
1147 4 2 1 1 680 880 857 1187
1148 4 2 1 1 277 273 278 1273
1149 4 2 1 1 676 832 933 1046
1150 4 2 1 1 812 862 684 899
1151 4 2 1 1 163 164 303 1270
1152 4 2 1 1 716 811 977 1370
1153 4 2 1 1 619 837 620 1090
1154 4 2 1 1 34 1038 90 1335
1155 4 2 1 1 693 837 902 1058
1156 4 2 1 1 728 1192 1163 1200
1157 4 2 1 1 415 1111 107 1191
1158 4 2 1 1 745 996 884 1119
1159 4 2 1 1 486 791 492 872
1160 4 2 1 1 729 1098 791 1174
1161 4 2 1 1 1021 1066 890 1113
1162 4 2 1 1 315 877 833 1338
1163 4 2 1 1 426 961 421 1069
1164 4 2 1 1 658 779 797 1118
1165 4 2 1 1 646 892 946 1285
1166 4 2 1 1 753 785 1076 1268
1167 4 2 1 1 760 1061 681 1152
1168 4 2 1 1 732 1100 919 1340
1169 4 2 1 1 793 703 1073 1196
1170 4 2 1 1 181 10 139 1205
1171 4 2 1 1 704 893 1124 1222
1172 4 2 1 1 496 873 98 1306
1173 4 2 1 1 898 1049 769 1299
1174 4 2 1 1 755 1025 917 1339
1175 4 2 1 1 804 1078 792 1296
1176 4 2 1 1 176 876 363 1231
1177 4 2 1 1 514 879 803 1097
1178 4 2 1 1 84 961 432 1005
1179 4 2 1 1 971 1071 710 1136
1180 4 2 1 1 874 1050 734 1139
1181 4 2 1 1 15 599 14 990
1182 4 2 1 1 300 845 295 1167
1183 4 2 1 1 9 1028 138 1360
1184 4 2 1 1 726 1074 982 1212
1185 4 2 1 1 756 856 1031 1278
1186 4 2 1 1 792 988 725 1307
1187 4 2 1 1 754 993 955 1322
1188 4 2 1 1 846 881 339 1263
1189 4 2 1 1 9 1283 1028 1360
1190 4 2 1 1 342 1001 840 1205
1191 4 2 1 1 422 815 1091 1111
1192 4 2 1 1 703 793 1073 1111
1193 4 2 1 1 817 742 1138 1244
1194 4 2 1 1 657 1033 824 1101
1195 4 2 1 1 918 974 742 1323
1196 4 2 1 1 887 914 696 1282
1197 4 2 1 1 953 1035 782 1293
1198 4 2 1 1 606 853 1153 1226
1199 4 2 1 1 362 357 358 1231
1200 4 2 1 1 362 859 361 1122
1201 4 2 1 1 694 750 886 1109
1202 4 2 1 1 115 1261 485 1301
1203 4 2 1 1 379 383 378 799
1204 4 2 1 1 8 124 111 1040
1205 4 2 1 1 166 8 208 1040
1206 4 2 1 1 502 890 506 1103
1207 4 2 1 1 739 1017 930 1210
1208 4 2 1 1 814 655 996 1142
1209 4 2 1 1 755 1179 1025 1339
1210 4 2 1 1 390 167 111 1364
1211 4 2 1 1 678 875 772 1082
1212 4 2 1 1 680 1018 941 1265
1213 4 2 1 1 753 900 883 1073
1214 4 2 1 1 507 890 806 1097
1215 4 2 1 1 229 1078 233 1281
1216 4 2 1 1 777 985 716 1211
1217 4 2 1 1 367 362 368 1272
1218 4 2 1 1 817 1075 692 1138
1219 4 2 1 1 467 1054 1183 1350
1220 4 2 1 1 153 997 195 1005
1221 4 2 1 1 815 688 1091 1111
1222 4 2 1 1 788 1201 1096 1316
1223 4 2 1 1 749 982 1074 1212
1224 4 2 1 1 751 903 730 1008
1225 4 2 1 1 346 340 840 881
1226 4 2 1 1 753 785 956 1264
1227 4 2 1 1 712 1003 1065 1289
1228 4 2 1 1 646 892 770 946
1229 4 2 1 1 644 887 1053 1282
1230 4 2 1 1 878 1034 735 1358
1231 4 2 1 1 667 1291 804 1296
1232 4 2 1 1 1053 1064 765 1116
1233 4 2 1 1 770 1025 924 1148
1234 4 2 1 1 659 834 795 1032
1235 4 2 1 1 794 1114 884 1149
1236 4 2 1 1 712 1065 955 1289
1237 4 2 1 1 820 484 1112 1241
1238 4 2 1 1 270 817 267 1075
1239 4 2 1 1 663 787 1166 1252
1240 4 2 1 1 765 887 1174 1282
1241 4 2 1 1 474 917 133 1275
1242 4 2 1 1 650 1002 801 1063
1243 4 2 1 1 777 1001 139 1205
1244 4 2 1 1 723 825 780 1204
1245 4 2 1 1 896 1153 853 1226
1246 4 2 1 1 678 772 1002 1082
1247 4 2 1 1 311 1304 1236 1346
1248 4 2 1 1 833 893 706 997
1249 4 2 1 1 179 351 977 1127
1250 4 2 1 1 481 872 855 1182
1251 4 2 1 1 878 1145 766 1199
1252 4 2 1 1 898 1014 773 1049
1253 4 2 1 1 770 1106 731 1255
1254 4 2 1 1 763 208 926 1364
1255 4 2 1 1 324 157 323 1215
1256 4 2 1 1 778 875 808 1006
1257 4 2 1 1 229 1016 792 1078
1258 4 2 1 1 663 1087 778 1193
1259 4 2 1 1 779 895 705 1244
1260 4 2 1 1 1068 1145 878 1199
1261 4 2 1 1 889 998 699 1113
1262 4 2 1 1 663 1006 778 1087
1263 4 2 1 1 722 842 796 860
1264 4 2 1 1 686 1014 797 1146
1265 4 2 1 1 854 979 678 1104
1266 4 2 1 1 835 1157 959 1162
1267 4 2 1 1 883 900 703 1073
1268 4 2 1 1 144 978 923 1228
1269 4 2 1 1 878 735 1068 1358
1270 4 2 1 1 3 103 33 1113
1271 4 2 1 1 666 878 1077 1199
1272 4 2 1 1 288 1141 974 1236
1273 4 2 1 1 887 696 1174 1282
1274 4 2 1 1 207 926 208 1364
1275 4 2 1 1 856 1066 871 1278
1276 4 2 1 1 700 949 786 1108
1277 4 2 1 1 80 868 543 1072
1278 4 2 1 1 657 953 782 1293
1279 4 2 1 1 674 874 1050 1204
1280 4 2 1 1 673 893 776 1049
1281 4 2 1 1 817 269 972 1273
1282 4 2 1 1 699 890 1066 1113
1283 4 2 1 1 873 905 703 1160
1284 4 2 1 1 864 1081 1008 1356
1285 4 2 1 1 898 918 724 1128
1286 4 2 1 1 684 835 801 1157
1287 4 2 1 1 785 1117 956 1264
1288 4 2 1 1 90 537 911 1038
1289 4 2 1 1 696 891 755 1179
1290 4 2 1 1 690 1027 979 1193
1291 4 2 1 1 839 1232 669 1309
1292 4 2 1 1 689 921 939 1067
1293 4 2 1 1 447 969 1037 1213
1294 4 2 1 1 328 95 96 947
1295 4 2 1 1 144 923 344 1228
1296 4 2 1 1 658 797 779 1085
1297 4 2 1 1 691 1103 1164 1184
1298 4 2 1 1 668 944 1013 1024
1299 4 2 1 1 676 825 999 1086
1300 4 2 1 1 40 616 26 943
1301 4 2 1 1 340 840 881 1361
1302 4 2 1 1 694 1066 750 1109
1303 4 2 1 1 564 1048 852 1297
1304 4 2 1 1 563 852 564 897
1305 4 2 1 1 766 738 946 1199
1306 4 2 1 1 330 185 333 1233
1307 4 2 1 1 659 1017 795 1210
1308 4 2 1 1 311 877 1304 1346
1309 4 2 1 1 937 993 737 1147
1310 4 2 1 1 760 1320 823 1333
1311 4 2 1 1 709 1167 845 1343
1312 4 2 1 1 693 902 754 1224
1313 4 2 1 1 694 886 750 1021
1314 4 2 1 1 728 768 887 1200
1315 4 2 1 1 149 352 841 1229
1316 4 2 1 1 654 1117 900 1268
1317 4 2 1 1 862 1020 888 1173
1318 4 2 1 1 463 836 135 1350
1319 4 2 1 1 655 871 934 1109
1320 4 2 1 1 412 110 1258 1306
1321 4 2 1 1 720 1056 1010 1181
1322 4 2 1 1 137 1209 1028 1332
1323 4 2 1 1 734 874 1139 1259
1324 4 2 1 1 652 773 898 1014
1325 4 2 1 1 1067 1133 707 1253
1326 4 2 1 1 293 822 297 1217
1327 4 2 1 1 671 809 1083 1153
1328 4 2 1 1 798 669 1232 1309
1329 4 2 1 1 835 1052 801 1157
1330 4 2 1 1 279 206 904 1262
1331 4 2 1 1 647 939 775 1356
1332 4 2 1 1 770 892 702 946
1333 4 2 1 1 451 869 1037 1314
1334 4 2 1 1 1023 1118 779 1329
1335 4 2 1 1 703 905 873 1191
1336 4 2 1 1 718 950 976 1355
1337 4 2 1 1 691 1103 806 1164
1338 4 2 1 1 914 951 755 1301
1339 4 2 1 1 782 953 857 1035
1340 4 2 1 1 736 920 905 1215
1341 4 2 1 1 282 1133 821 1178
1342 4 2 1 1 708 836 824 1034
1343 4 2 1 1 1011 1193 783 1252
1344 4 2 1 1 671 837 1083 1123
1345 4 2 1 1 168 952 169 1364
1346 4 2 1 1 747 930 873 1306
1347 4 2 1 1 341 337 840 885
1348 4 2 1 1 351 977 811 1093
1349 4 2 1 1 691 807 1103 1184
1350 4 2 1 1 648 985 928 1211
1351 4 2 1 1 752 934 871 1137
1352 4 2 1 1 646 946 1143 1285
1353 4 2 1 1 696 755 914 1179
1354 4 2 1 1 320 833 325 882
1355 4 2 1 1 684 908 812 1287
1356 4 2 1 1 60 1000 59 1363
1357 4 2 1 1 699 1113 998 1208
1358 4 2 1 1 791 872 486 1182
1359 4 2 1 1 372 375 921 1133
1360 4 2 1 1 1043 1262 278 1277
1361 4 2 1 1 824 836 708 1350
1362 4 2 1 1 794 1104 854 1172
1363 4 2 1 1 606 1153 605 1226
1364 4 2 1 1 667 931 792 1334
1365 4 2 1 1 778 865 787 1365
1366 4 2 1 1 690 1011 783 1252
1367 4 2 1 1 500 806 503 1164
1368 4 2 1 1 678 862 854 1131
1369 4 2 1 1 693 754 993 1224
1370 4 2 1 1 282 1178 821 1277
1371 4 2 1 1 874 1134 906 1204
1372 4 2 1 1 540 970 81 1072
1373 4 2 1 1 724 918 769 1323
1374 4 2 1 1 915 1002 772 1082
1375 4 2 1 1 763 1040 1026 1340
1376 4 2 1 1 679 769 957 1049
1377 4 2 1 1 819 1030 665 1170
1378 4 2 1 1 362 357 1056 1122
1379 4 2 1 1 808 875 678 1082
1380 4 2 1 1 995 1036 762 1366
1381 4 2 1 1 163 818 164 1270
1382 4 2 1 1 653 880 857 1035
1383 4 2 1 1 789 1100 919 1115
1384 4 2 1 1 769 668 1013 1150
1385 4 2 1 1 744 866 1144 1305
1386 4 2 1 1 658 866 1118 1214
1387 4 2 1 1 671 1083 837 1153
1388 4 2 1 1 346 881 840 1045
1389 4 2 1 1 678 1002 862 1131
1390 4 2 1 1 813 863 660 1201
1391 4 2 1 1 891 935 728 1247
1392 4 2 1 1 891 935 755 1179
1393 4 2 1 1 719 915 761 949
1394 4 2 1 1 834 1013 944 1024
1395 4 2 1 1 293 297 822 1245
1396 4 2 1 1 28 1015 636 1154
1397 4 2 1 1 714 1072 970 1226
1398 4 2 1 1 958 1036 469 1039
1399 4 2 1 1 930 1258 160 1306
1400 4 2 1 1 663 787 1062 1166
1401 4 2 1 1 727 911 764 923
1402 4 2 1 1 472 849 467 1180
1403 4 2 1 1 662 981 781 1138
1404 4 2 1 1 653 1175 880 1300
1405 4 2 1 1 779 705 1023 1244
1406 4 2 1 1 739 973 795 1150
1407 4 2 1 1 751 948 689 1008
1408 4 2 1 1 936 477 1266 1292
1409 4 2 1 1 669 960 767 1094
1410 4 2 1 1 645 980 794 1104
1411 4 2 1 1 936 1095 687 1266
1412 4 2 1 1 844 1244 972 1273
1413 4 2 1 1 881 923 339 1263
1414 4 2 1 1 893 776 1049 1198
1415 4 2 1 1 129 1240 460 1327
1416 4 2 1 1 1012 1080 716 1127
1417 4 2 1 1 135 836 459 1332
1418 4 2 1 1 947 971 710 1357
1419 4 2 1 1 889 996 990 1276
1420 4 2 1 1 732 1040 763 1340
1421 4 2 1 1 793 879 509 1097
1422 4 2 1 1 653 953 857 1026
1423 4 2 1 1 857 1095 1055 1175
1424 4 2 1 1 819 1157 908 1170
1425 4 2 1 1 859 963 360 1122
1426 4 2 1 1 729 1276 990 1294
1427 4 2 1 1 678 862 812 888
1428 4 2 1 1 782 1060 657 1101
1429 4 2 1 1 835 776 1197 1222
1430 4 2 1 1 764 714 970 1038
1431 4 2 1 1 761 949 915 1108
1432 4 2 1 1 645 794 980 1003
1433 4 2 1 1 1192 1349 53 1353
1434 4 2 1 1 654 907 900 1117
1435 4 2 1 1 665 1052 835 1157
1436 4 2 1 1 820 687 1095 1266
1437 4 2 1 1 288 974 189 1236
1438 4 2 1 1 793 1073 1111 1196
1439 4 2 1 1 912 965 783 1130
1440 4 2 1 1 984 988 744 989
1441 4 2 1 1 239 186 922 1233
1442 4 2 1 1 724 1141 845 1236
1443 4 2 1 1 738 1039 963 1143
1444 4 2 1 1 736 810 1121 1274
1445 4 2 1 1 873 930 691 1164
1446 4 2 1 1 940 1129 767 1336
1447 4 2 1 1 942 957 823 1333
1448 4 2 1 1 657 775 939 1356
1449 4 2 1 1 713 1055 1092 1137
1450 4 2 1 1 969 1213 447 1319
1451 4 2 1 1 745 1114 884 1142
1452 4 2 1 1 207 208 285 1364
1453 4 2 1 1 709 845 1167 1177
1454 4 2 1 1 699 889 750 996
1455 4 2 1 1 91 343 90 923
1456 4 2 1 1 688 815 1091 1220
1457 4 2 1 1 934 1109 871 1137
1458 4 2 1 1 876 1056 720 1272
1459 4 2 1 1 900 907 776 1117
1460 4 2 1 1 491 59 60 1000
1461 4 2 1 1 715 1070 923 1249
1462 4 2 1 1 830 1192 728 1200
1463 4 2 1 1 750 889 699 1113
1464 4 2 1 1 778 1006 808 1087
1465 4 2 1 1 88 1091 87 1295
1466 4 2 1 1 679 1049 957 1117
1467 4 2 1 1 48 935 579 1275
1468 4 2 1 1 1043 1273 821 1277
1469 4 2 1 1 694 1031 807 1103
1470 4 2 1 1 1068 1126 878 1145
1471 4 2 1 1 95 94 1136 1357
1472 4 2 1 1 562 852 566 925
1473 4 2 1 1 764 923 1070 1249
1474 4 2 1 1 766 987 832 1129
1475 4 2 1 1 915 1063 650 1108
1476 4 2 1 1 681 1035 880 1152
1477 4 2 1 1 668 1150 769 1323
1478 4 2 1 1 162 161 405 1221
1479 4 2 1 1 352 1093 841 1229
1480 4 2 1 1 654 900 907 1260
1481 4 2 1 1 671 915 1123 1351
1482 4 2 1 1 252 805 1051 1269
1483 4 2 1 1 803 879 514 1154
1484 4 2 1 1 811 716 1158 1370
1485 4 2 1 1 738 1199 1181 1240
1486 4 2 1 1 805 658 1051 1269
1487 4 2 1 1 937 1019 693 1090
1488 4 2 1 1 795 1017 739 1210
1489 4 2 1 1 320 315 316 833
1490 4 2 1 1 500 873 498 1191
1491 4 2 1 1 849 958 702 1048
1492 4 2 1 1 723 908 812 999
1493 4 2 1 1 541 827 539 1072
1494 4 2 1 1 633 788 937 1201
1495 4 2 1 1 188 202 12 1155
1496 4 2 1 1 892 965 783 1252
1497 4 2 1 1 754 1019 993 1322
1498 4 2 1 1 665 816 831 1337
1499 4 2 1 1 856 699 1066 1142
1500 4 2 1 1 643 888 862 1020
1501 4 2 1 1 442 1037 446 1232
1502 4 2 1 1 539 46 538 970
1503 4 2 1 1 858 897 571 1207
1504 4 2 1 1 295 845 300 992
1505 4 2 1 1 895 742 1138 1159
1506 4 2 1 1 15 14 623 1324
1507 4 2 1 1 694 1021 750 1066
1508 4 2 1 1 753 956 927 1264
1509 4 2 1 1 914 755 1000 1301
1510 4 2 1 1 653 953 781 1035
1511 4 2 1 1 738 1036 958 1039
1512 4 2 1 1 647 987 842 1042
1513 4 2 1 1 730 948 751 1008
1514 4 2 1 1 397 886 401 1241
1515 4 2 1 1 778 979 1027 1193
1516 4 2 1 1 724 974 918 1323
1517 4 2 1 1 662 781 1061 1138
1518 4 2 1 1 207 904 926 1364
1519 4 2 1 1 502 806 507 890
1520 4 2 1 1 643 812 862 888
1521 4 2 1 1 835 665 1157 1162
1522 4 2 1 1 799 707 1067 1133
1523 4 2 1 1 957 1049 769 1117
1524 4 2 1 1 889 750 996 1276
1525 4 2 1 1 646 770 1057 1352
1526 4 2 1 1 151 1093 350 1229
1527 4 2 1 1 655 884 814 996
1528 4 2 1 1 673 776 907 1049
1529 4 2 1 1 714 764 1009 1038
1530 4 2 1 1 325 833 326 1238
1531 4 2 1 1 721 1001 840 1045
1532 4 2 1 1 773 898 725 984
1533 4 2 1 1 833 877 316 1281
1534 4 2 1 1 940 960 767 1135
1535 4 2 1 1 69 935 917 1275
1536 4 2 1 1 706 1078 1016 1281
1537 4 2 1 1 602 896 604 1256
1538 4 2 1 1 402 401 397 1237
1539 4 2 1 1 684 812 899 1287
1540 4 2 1 1 713 789 886 1110
1541 4 2 1 1 824 708 1239 1350
1542 4 2 1 1 851 985 758 1079
1543 4 2 1 1 864 1253 1081 1356
1544 4 2 1 1 660 788 949 1316
1545 4 2 1 1 733 960 940 1135
1546 4 2 1 1 769 918 898 1299
1547 4 2 1 1 659 1100 789 1115
1548 4 2 1 1 800 1014 679 1198
1549 4 2 1 1 828 1051 658 1269
1550 4 2 1 1 117 1000 1275 1301
1551 4 2 1 1 684 927 801 956
1552 4 2 1 1 481 485 115 1261
1553 4 2 1 1 775 681 1042 1356
1554 4 2 1 1 442 1037 798 1213
1555 4 2 1 1 833 882 320 1338
1556 4 2 1 1 680 857 880 1035
1557 4 2 1 1 658 866 828 1269
1558 4 2 1 1 841 1213 149 1229
1559 4 2 1 1 955 993 754 1289
1560 4 2 1 1 852 925 562 1022
1561 4 2 1 1 820 477 1092 1266
1562 4 2 1 1 341 885 840 1361
1563 4 2 1 1 907 769 1049 1117
1564 4 2 1 1 648 940 985 1211
1565 4 2 1 1 133 1239 917 1350
1566 4 2 1 1 732 926 763 1040
1567 4 2 1 1 979 1082 678 1104
1568 4 2 1 1 1175 1187 880 1300
1569 4 2 1 1 277 821 1273 1277
1570 4 2 1 1 798 1151 437 1229
1571 4 2 1 1 670 1114 794 1149
1572 4 2 1 1 514 879 515 1154
1573 4 2 1 1 90 34 537 1038
1574 4 2 1 1 984 1014 797 1102
1575 4 2 1 1 639 633 788 937
1576 4 2 1 1 955 993 737 1322
1577 4 2 1 1 672 940 767 1135
1578 4 2 1 1 719 943 909 1227
1579 4 2 1 1 726 1083 943 1351
1580 4 2 1 1 489 1241 120 1298
1581 4 2 1 1 474 133 917 1350
1582 4 2 1 1 660 813 1201 1316
1583 4 2 1 1 958 1036 702 1297
1584 4 2 1 1 720 1126 1068 1145
1585 4 2 1 1 360 841 355 1122
1586 4 2 1 1 315 833 320 1338
1587 4 2 1 1 794 1003 737 1114
1588 4 2 1 1 832 987 722 1129
1589 4 2 1 1 644 914 782 1339
1590 4 2 1 1 974 1141 742 1323
1591 4 2 1 1 773 893 706 1088
1592 4 2 1 1 828 1051 256 1345
1593 4 2 1 1 804 1291 1078 1296
1594 4 2 1 1 112 113 1195 1266
1595 4 2 1 1 656 793 1097 1250
1596 4 2 1 1 699 996 750 1066
1597 4 2 1 1 753 927 916 1076
1598 4 2 1 1 747 930 913 973
1599 4 2 1 1 702 892 852 1285
1600 4 2 1 1 680 967 782 1035
1601 4 2 1 1 659 795 834 1024
1602 4 2 1 1 300 913 992 1343
1603 4 2 1 1 776 954 835 956
1604 4 2 1 1 648 928 985 1325
1605 4 2 1 1 355 841 360 963
1606 4 2 1 1 48 49 579 935
1607 4 2 1 1 374 375 799 921
1608 4 2 1 1 330 333 332 885
1609 4 2 1 1 29 514 515 1154
1610 4 2 1 1 703 815 1073 1121
1611 4 2 1 1 720 1010 1145 1181
1612 4 2 1 1 344 339 881 923
1613 4 2 1 1 722 842 987 1042
1614 4 2 1 1 466 467 849 1183
1615 4 2 1 1 728 935 891 1179
1616 4 2 1 1 505 510 509 879
1617 4 2 1 1 773 679 1014 1198
1618 4 2 1 1 904 707 1206 1364
1619 4 2 1 1 824 836 735 1034
1620 4 2 1 1 884 1084 729 1294
1621 4 2 1 1 663 1062 868 1166
1622 4 2 1 1 661 1220 861 1279
1623 4 2 1 1 961 704 1069 1238
1624 4 2 1 1 761 786 1131 1172
1625 4 2 1 1 694 807 1031 1347
1626 4 2 1 1 456 945 137 1209
1627 4 2 1 1 779 1085 797 1146
1628 4 2 1 1 754 902 693 1019
1629 4 2 1 1 663 976 783 1355
1630 4 2 1 1 711 901 777 985
1631 4 2 1 1 695 962 903 1010
1632 4 2 1 1 852 892 702 1106
1633 4 2 1 1 907 957 769 1117
1634 4 2 1 1 1223 1246 804 1334
1635 4 2 1 1 902 950 754 1224
1636 4 2 1 1 649 908 999 1140
1637 4 2 1 1 225 1235 217 1305
1638 4 2 1 1 691 1031 807 1347
1639 4 2 1 1 696 755 891 1000
1640 4 2 1 1 500 501 504 793
1641 4 2 1 1 764 978 970 1070
1642 4 2 1 1 818 919 396 1270
1643 4 2 1 1 480 484 820 1092
1644 4 2 1 1 737 993 794 1147
1645 4 2 1 1 662 895 779 1244
1646 4 2 1 1 402 397 398 789
1647 4 2 1 1 755 696 914 1000
1648 4 2 1 1 1025 1054 666 1255
1649 4 2 1 1 415 815 418 1111
1650 4 2 1 1 1192 1207 51 1247
1651 4 2 1 1 836 1183 1054 1350
1652 4 2 1 1 81 978 970 1335
1653 4 2 1 1 743 961 1005 1197
1654 4 2 1 1 919 1100 818 1115
1655 4 2 1 1 646 946 770 1352
1656 4 2 1 1 725 898 773 1088
1657 4 2 1 1 26 909 642 1015
1658 4 2 1 1 694 1021 890 1103
1659 4 2 1 1 646 1011 1057 1252
1660 4 2 1 1 766 894 738 1181
1661 4 2 1 1 761 915 719 1123
1662 4 2 1 1 1004 1082 979 1104
1663 4 2 1 1 924 965 770 1148
1664 4 2 1 1 860 1056 672 1181
1665 4 2 1 1 888 1020 941 1173
1666 4 2 1 1 207 285 904 1364
1667 4 2 1 1 56 1234 1276 1318
1668 4 2 1 1 339 881 846 1361
1669 4 2 1 1 675 965 912 1130
1670 4 2 1 1 26 1015 27 1342
1671 4 2 1 1 666 850 849 1183
1672 4 2 1 1 679 776 1049 1117
1673 4 2 1 1 648 796 851 985
1674 4 2 1 1 702 946 958 1255
1675 4 2 1 1 781 981 662 1253
1676 4 2 1 1 418 815 422 1111
1677 4 2 1 1 620 619 614 837
1678 4 2 1 1 702 892 770 1106
1679 4 2 1 1 873 905 747 1306
1680 4 2 1 1 653 1035 781 1152
1681 4 2 1 1 836 1034 708 1358
1682 4 2 1 1 816 829 665 1030
1683 4 2 1 1 532 88 527 1074
1684 4 2 1 1 1096 1201 813 1316
1685 4 2 1 1 801 1063 1002 1157
1686 4 2 1 1 836 1209 459 1332
1687 4 2 1 1 665 801 1052 1157
1688 4 2 1 1 778 1087 808 1193
1689 4 2 1 1 825 991 800 1354
1690 4 2 1 1 777 711 1001 1205
1691 4 2 1 1 797 1085 686 1146
1692 4 2 1 1 173 1254 1028 1283
1693 4 2 1 1 437 1151 798 1232
1694 4 2 1 1 742 974 918 1128
1695 4 2 1 1 668 1013 795 1024
1696 4 2 1 1 643 941 888 1020
1697 4 2 1 1 663 1166 783 1252
1698 4 2 1 1 842 796 1257 1329
1699 4 2 1 1 676 933 1027 1046
1700 4 2 1 1 678 778 979 1027
1701 4 2 1 1 648 796 940 1107
1702 4 2 1 1 857 953 782 1060
1703 4 2 1 1 779 864 662 1023
1704 4 2 1 1 98 496 497 873
1705 4 2 1 1 672 767 894 1135
1706 4 2 1 1 1006 1009 875 1359
1707 4 2 1 1 805 1023 658 1118
1708 4 2 1 1 718 1044 950 1355
1709 4 2 1 1 173 1028 9 1283
1710 4 2 1 1 701 911 1009 1249
1711 4 2 1 1 221 1012 254 1080
1712 4 2 1 1 226 792 229 1016
1713 4 2 1 1 41 950 553 1308
1714 4 2 1 1 1034 1293 784 1341
1715 4 2 1 1 795 834 683 1032
1716 4 2 1 1 789 1110 713 1137
1717 4 2 1 1 98 873 497 1164
1718 4 2 1 1 574 932 53 1308
1719 4 2 1 1 26 616 25 943
1720 4 2 1 1 780 1102 910 1291
1721 4 2 1 1 652 984 797 989
1722 4 2 1 1 972 1244 817 1273
1723 4 2 1 1 734 759 1124 1259
1724 4 2 1 1 691 930 1017 1210
1725 4 2 1 1 112 476 113 1266
1726 4 2 1 1 921 1242 373 1332
1727 4 2 1 1 715 1045 881 1228
1728 4 2 1 1 183 182 342 1205
1729 4 2 1 1 754 693 993 1019
1730 4 2 1 1 658 779 1118 1329
1731 4 2 1 1 713 1092 789 1137
1732 4 2 1 1 926 1040 732 1270
1733 4 2 1 1 514 509 879 1097
1734 4 2 1 1 826 1167 724 1177
1735 4 2 1 1 100 1164 1103 1184
1736 4 2 1 1 985 1079 851 1325
1737 4 2 1 1 690 1011 933 1027
1738 4 2 1 1 676 999 812 1140
1739 4 2 1 1 838 740 1044 1355
1740 4 2 1 1 667 1325 780 1354
1741 4 2 1 1 69 70 917 935
1742 4 2 1 1 679 773 1014 1049
1743 4 2 1 1 858 1163 728 1192
1744 4 2 1 1 776 907 736 1105
1745 4 2 1 1 650 915 1002 1063
1746 4 2 1 1 659 818 1100 1115
1747 4 2 1 1 643 862 899 1020
1748 4 2 1 1 742 1159 918 1323
1749 4 2 1 1 183 342 1059 1205
1750 4 2 1 1 752 857 1055 1175
1751 4 2 1 1 676 812 1027 1140
1752 4 2 1 1 430 961 861 1279
1753 4 2 1 1 770 924 675 965
1754 4 2 1 1 721 928 840 1001
1755 4 2 1 1 850 1199 738 1240
1756 4 2 1 1 152 433 139 968
1757 4 2 1 1 688 1091 966 1220
1758 4 2 1 1 1003 1149 768 1200
1759 4 2 1 1 1050 1185 734 1291
1760 4 2 1 1 158 414 905 1215
1761 4 2 1 1 680 857 782 1064
1762 4 2 1 1 772 915 1082 1171
1763 4 2 1 1 905 1258 747 1306
1764 4 2 1 1 62 995 964 1366
1765 4 2 1 1 666 1054 1025 1358
1766 4 2 1 1 519 522 1071 1136
1767 4 2 1 1 922 1078 706 1281
1768 4 2 1 1 832 1011 933 1057
1769 4 2 1 1 678 979 808 1082
1770 4 2 1 1 752 1055 857 1064
1771 4 2 1 1 970 978 748 1070
1772 4 2 1 1 915 949 719 1108
1773 4 2 1 1 752 1137 1100 1175
1774 4 2 1 1 676 1086 999 1094
1775 4 2 1 1 674 840 928 1050
1776 4 2 1 1 727 911 923 1263
1777 4 2 1 1 783 965 892 1130
1778 4 2 1 1 701 1030 911 1249
1779 4 2 1 1 685 941 802 1053
1780 4 2 1 1 866 1012 828 1269
1781 4 2 1 1 773 984 725 1088
1782 4 2 1 1 941 967 802 1053
1783 4 2 1 1 773 1049 679 1198
1784 4 2 1 1 661 861 1197 1279
1785 4 2 1 1 661 815 1220 1279
1786 4 2 1 1 808 1006 875 1087
1787 4 2 1 1 1031 1066 856 1248
1788 4 2 1 1 933 1018 847 1265
1789 4 2 1 1 724 918 974 1128
1790 4 2 1 1 9 138 125 1360
1791 4 2 1 1 717 936 763 952
1792 4 2 1 1 627 813 998 1208
1793 4 2 1 1 779 864 681 1061
1794 4 2 1 1 661 1197 810 1279
1795 4 2 1 1 383 843 382 1242
1796 4 2 1 1 734 922 759 947
1797 4 2 1 1 895 918 742 1159
1798 4 2 1 1 835 954 776 1222
1799 4 2 1 1 856 1029 699 1142
1800 4 2 1 1 1017 1032 756 1347
1801 4 2 1 1 715 1249 923 1330
1802 4 2 1 1 693 937 788 1147
1803 4 2 1 1 324 318 882 1344
1804 4 2 1 1 763 904 1206 1364
1805 4 2 1 1 659 818 1115 1210
1806 4 2 1 1 1003 1065 737 1114
1807 4 2 1 1 756 1032 1017 1284
1808 4 2 1 1 255 1012 251 1269
1809 4 2 1 1 628 863 937 1286
1810 4 2 1 1 662 779 1023 1244
1811 4 2 1 1 667 851 1325 1354
1812 4 2 1 1 954 1198 776 1222
1813 4 2 1 1 47 970 1038 1335
1814 4 2 1 1 1129 1310 832 1352
1815 4 2 1 1 699 813 998 1142
1816 4 2 1 1 724 845 1167 1236
1817 4 2 1 1 835 954 684 956
1818 4 2 1 1 108 413 415 1191
1819 4 2 1 1 418 422 815 1091
1820 4 2 1 1 846 1134 727 1136
1821 4 2 1 1 68 950 67 1308
1822 4 2 1 1 736 907 900 1260
1823 4 2 1 1 91 911 1219 1263
1824 4 2 1 1 713 886 789 1241
1825 4 2 1 1 966 1111 688 1186
1826 4 2 1 1 664 934 1055 1317
1827 4 2 1 1 670 1003 794 1114
1828 4 2 1 1 686 800 991 1354
1829 4 2 1 1 863 937 788 1201
1830 4 2 1 1 933 1011 690 1057
1831 4 2 1 1 720 1272 945 1360
1832 4 2 1 1 735 836 1068 1358
1833 4 2 1 1 431 84 85 1312
1834 4 2 1 1 842 1257 962 1329
1835 4 2 1 1 666 1068 878 1199
1836 4 2 1 1 792 1235 988 1307
1837 4 2 1 1 752 790 1032 1278
1838 4 2 1 1 472 466 467 849
1839 4 2 1 1 734 759 922 1124
1840 4 2 1 1 653 953 1026 1206
1841 4 2 1 1 341 346 340 840
1842 4 2 1 1 143 345 1045 1228
1843 4 2 1 1 832 987 766 1352
1844 4 2 1 1 764 911 727 1249
1845 4 2 1 1 660 794 814 1172
1846 4 2 1 1 718 950 902 1224
1847 4 2 1 1 363 362 358 1231
1848 4 2 1 1 387 382 843 1033
1849 4 2 1 1 88 428 87 1091
1850 4 2 1 1 761 949 786 1172
1851 4 2 1 1 766 987 878 1077
1852 4 2 1 1 952 1206 707 1364
1853 4 2 1 1 773 1049 893 1088
1854 4 2 1 1 981 1061 781 1138
1855 4 2 1 1 834 795 1013 1024
1856 4 2 1 1 680 967 941 1053
1857 4 2 1 1 657 939 1067 1356
1858 4 2 1 1 728 1207 1192 1247
1859 4 2 1 1 750 1109 929 1298
1860 4 2 1 1 720 945 1068 1126
1861 4 2 1 1 131 1039 1036 1366
1862 4 2 1 1 791 1112 820 1182
1863 4 2 1 1 425 810 421 961
1864 4 2 1 1 238 922 195 997
1865 4 2 1 1 932 955 754 1289
1866 4 2 1 1 159 905 412 1258
1867 4 2 1 1 656 1196 793 1250
1868 4 2 1 1 745 998 889 1324
1869 4 2 1 1 887 1084 765 1174
1870 4 2 1 1 965 980 912 1288
1871 4 2 1 1 753 956 900 1073
1872 4 2 1 1 570 566 571 925
1873 4 2 1 1 826 877 311 1338
1874 4 2 1 1 802 933 690 1057
1875 4 2 1 1 711 928 840 1050
1876 4 2 1 1 918 1128 898 1299
1877 4 2 1 1 677 933 802 1057
1878 4 2 1 1 447 1037 442 1213
1879 4 2 1 1 324 323 318 1344
1880 4 2 1 1 705 895 989 1311
1881 4 2 1 1 677 987 832 1352
1882 4 2 1 1 601 896 1038 1226
1883 4 2 1 1 724 769 898 1177
1884 4 2 1 1 258 903 263 1051
1885 4 2 1 1 979 1004 808 1082
1886 4 2 1 1 778 678 875 1140
1887 4 2 1 1 67 950 932 1308
1888 4 2 1 1 669 1218 839 1309
1889 4 2 1 1 650 916 1108 1225
1890 4 2 1 1 663 1166 868 1251
1891 4 2 1 1 715 764 923 1070
1892 4 2 1 1 432 84 431 961
1893 4 2 1 1 773 1014 984 1102
1894 4 2 1 1 572 571 897 1207
1895 4 2 1 1 703 1125 883 1196
1896 4 2 1 1 786 1142 814 1172
1897 4 2 1 1 792 931 744 1235
1898 4 2 1 1 902 1058 837 1243
1899 4 2 1 1 802 1057 965 1148
1900 4 2 1 1 661 900 956 1073
1901 4 2 1 1 903 1051 258 1373
1902 4 2 1 1 776 736 900 1274
1903 4 2 1 1 628 937 632 1286
1904 4 2 1 1 912 965 768 980
1905 4 2 1 1 173 948 1254 1283
1906 4 2 1 1 760 981 944 1138
1907 4 2 1 1 190 1141 288 1236
1908 4 2 1 1 792 1078 804 1334
1909 4 2 1 1 858 897 675 925
1910 4 2 1 1 899 991 800 1287
1911 4 2 1 1 717 857 953 1026
1912 4 2 1 1 648 928 771 960
1913 4 2 1 1 687 1092 1055 1137
1914 4 2 1 1 447 969 452 1037
1915 4 2 1 1 684 954 835 959
1916 4 2 1 1 661 835 801 956
1917 4 2 1 1 720 876 1272 1360
1918 4 2 1 1 1129 1145 860 1181
1919 4 2 1 1 7 160 1258 1306
1920 4 2 1 1 720 1145 1068 1199
1921 4 2 1 1 879 1097 793 1250
1922 4 2 1 1 639 937 788 1090
1923 4 2 1 1 465 849 958 1183
1924 4 2 1 1 645 980 912 1003
1925 4 2 1 1 398 1115 403 1237
1926 4 2 1 1 726 1203 1083 1351
1927 4 2 1 1 27 26 642 1015
1928 4 2 1 1 644 967 782 1053
1929 4 2 1 1 679 954 776 1117
1930 4 2 1 1 788 1096 949 1316
1931 4 2 1 1 665 1170 1030 1176
1932 4 2 1 1 219 1246 931 1305
1933 4 2 1 1 245 1144 866 1305
1934 4 2 1 1 578 935 49 1207
1935 4 2 1 1 236 1246 1223 1334
1936 4 2 1 1 726 943 1083 1203
1937 4 2 1 1 45 539 541 1226
1938 4 2 1 1 647 842 860 962
1939 4 2 1 1 742 822 1159 1323
1940 4 2 1 1 742 1141 974 1375
1941 4 2 1 1 783 976 663 1193
1942 4 2 1 1 124 936 111 1040
1943 4 2 1 1 680 782 857 1035
1944 4 2 1 1 687 919 789 1100
1945 4 2 1 1 922 997 196 1281
1946 4 2 1 1 670 1149 1003 1200
1947 4 2 1 1 130 464 469 958
1948 4 2 1 1 398 789 395 1115
1949 4 2 1 1 44 1188 853 1226
1950 4 2 1 1 341 840 340 1361
1951 4 2 1 1 669 869 839 1168
1952 4 2 1 1 738 958 946 1199
1953 4 2 1 1 712 1349 1192 1353
1954 4 2 1 1 480 820 477 1092
1955 4 2 1 1 794 993 737 1003
1956 4 2 1 1 757 943 726 1074
1957 4 2 1 1 944 981 760 1152
1958 4 2 1 1 125 138 454 1360
1959 4 2 1 1 852 675 897 925
1960 4 2 1 1 803 890 1097 1248
1961 4 2 1 1 782 1053 680 1282
1962 4 2 1 1 678 888 812 1027
1963 4 2 1 1 138 1028 454 1360
1964 4 2 1 1 878 1077 987 1341
1965 4 2 1 1 255 250 251 1012
1966 4 2 1 1 562 563 566 852
1967 4 2 1 1 719 949 761 1123
1968 4 2 1 1 257 256 1051 1345
1969 4 2 1 1 647 864 842 962
1970 4 2 1 1 643 899 942 1020
1971 4 2 1 1 697 1022 838 1130
1972 4 2 1 1 735 836 824 1332
1973 4 2 1 1 266 972 268 1216
1974 4 2 1 1 673 776 893 1105
1975 4 2 1 1 675 924 770 1106
1976 4 2 1 1 756 871 1031 1347
1977 4 2 1 1 875 1087 1006 1359
1978 4 2 1 1 351 354 811 1127
1979 4 2 1 1 175 876 903 1360
1980 4 2 1 1 325 320 326 833
1981 4 2 1 1 781 864 681 1356
1982 4 2 1 1 283 1178 282 1277
1983 4 2 1 1 236 1223 804 1334
1984 4 2 1 1 845 668 992 1245
1985 4 2 1 1 812 999 908 1140
1986 4 2 1 1 755 1275 1000 1301
1987 4 2 1 1 1021 1103 694 1237
1988 4 2 1 1 643 933 941 1018
1989 4 2 1 1 710 947 759 971
1990 4 2 1 1 649 1006 778 1365
1991 4 2 1 1 741 1033 843 1101
1992 4 2 1 1 713 886 1109 1110
1993 4 2 1 1 465 958 850 1183
1994 4 2 1 1 79 80 450 1314
1995 4 2 1 1 893 776 1198 1222
1996 4 2 1 1 782 1035 967 1293
1997 4 2 1 1 703 883 873 1160
1998 4 2 1 1 742 1323 1141 1375
1999 4 2 1 1 216 975 217 988
2000 4 2 1 1 693 993 937 1147
2001 4 2 1 1 903 1283 174 1360
2002 4 2 1 1 662 1023 864 1081
2003 4 2 1 1 648 960 771 1086
2004 4 2 1 1 696 1084 887 1174
2005 4 2 1 1 843 1060 855 1261
2006 4 2 1 1 667 780 1102 1354
2007 4 2 1 1 140 434 141 1151
2008 4 2 1 1 999 1086 771 1094
2009 4 2 1 1 267 817 269 972
2010 4 2 1 1 720 859 1240 1272
2011 4 2 1 1 744 1118 975 1144
2012 4 2 1 1 755 951 1275 1301
2013 4 2 1 1 675 912 925 1130
2014 4 2 1 1 818 1007 400 1115
2015 4 2 1 1 912 932 740 1289
2016 4 2 1 1 634 788 633 1201
2017 4 2 1 1 764 727 923 1249
2018 4 2 1 1 894 1310 1129 1352
2019 4 2 1 1 647 1008 939 1356
2020 4 2 1 1 158 412 159 905
2021 4 2 1 1 772 1002 915 1063
2022 4 2 1 1 771 1365 1094 1367
2023 4 2 1 1 682 854 814 1173
2024 4 2 1 1 878 1034 784 1341
2025 4 2 1 1 842 1085 796 1329
2026 4 2 1 1 734 947 759 1259
2027 4 2 1 1 912 980 768 1003
2028 4 2 1 1 951 1239 917 1275
2029 4 2 1 1 707 1133 799 1178
2030 4 2 1 1 696 1098 1000 1363
2031 4 2 1 1 770 965 892 1057
2032 4 2 1 1 679 899 800 954
2033 4 2 1 1 673 907 776 1105
2034 4 2 1 1 438 798 437 1229
2035 4 2 1 1 791 1182 664 1371
2036 4 2 1 1 200 988 1307 1346
2037 4 2 1 1 689 799 921 1067
2038 4 2 1 1 663 838 1166 1251
2039 4 2 1 1 680 857 1064 1187
2040 4 2 1 1 467 1183 836 1350
2041 4 2 1 1 710 971 759 986
2042 4 2 1 1 878 987 766 1145
2043 4 2 1 1 640 788 634 1096
2044 4 2 1 1 769 1013 957 1150
2045 4 2 1 1 451 869 446 1037
2046 4 2 1 1 650 801 927 1267
2047 4 2 1 1 679 942 785 957
2048 4 2 1 1 665 829 816 1337
2049 4 2 1 1 652 898 1128 1299
2050 4 2 1 1 190 288 189 1236
2051 4 2 1 1 670 884 1114 1149
2052 4 2 1 1 774 725 938 1128
2053 4 2 1 1 337 342 341 840
2054 4 2 1 1 675 892 852 1106
2055 4 2 1 1 84 517 518 971
2056 4 2 1 1 827 853 714 1087
2057 4 2 1 1 63 995 64 1326
2058 4 2 1 1 867 992 668 1245
2059 4 2 1 1 855 1060 843 1195
2060 4 2 1 1 739 1007 818 1210
2061 4 2 1 1 84 83 517 971
2062 4 2 1 1 680 1064 790 1187
2063 4 2 1 1 806 1097 890 1248
2064 4 2 1 1 664 857 1055 1064
2065 4 2 1 1 883 1073 703 1196
2066 4 2 1 1 658 1118 1023 1329
2067 4 2 1 1 929 1109 713 1298
2068 4 2 1 1 667 1102 780 1291
2069 4 2 1 1 858 1192 728 1207
2070 4 2 1 1 119 489 120 1298
2071 4 2 1 1 658 1085 779 1329
2072 4 2 1 1 706 910 773 1296
2073 4 2 1 1 753 1073 883 1196
2074 4 2 1 1 759 710 986 1259
2075 4 2 1 1 800 679 1014 1315
2076 4 2 1 1 759 947 710 1259
2077 4 2 1 1 740 925 912 1130
2078 4 2 1 1 731 1106 1048 1255
2079 4 2 1 1 662 779 895 1061
2080 4 2 1 1 149 150 352 1229
2081 4 2 1 1 662 864 779 1061
2082 4 2 1 1 218 217 245 1305
2083 4 2 1 1 712 955 932 1289
2084 4 2 1 1 675 892 770 965
2085 4 2 1 1 187 238 186 922
2086 4 2 1 1 741 872 855 1261
2087 4 2 1 1 939 1008 647 1126
2088 4 2 1 1 691 1164 930 1184
2089 4 2 1 1 877 1016 316 1281
2090 4 2 1 1 961 1005 704 1238
2091 4 2 1 1 782 967 680 1053
2092 4 2 1 1 713 1110 1109 1137
2093 4 2 1 1 487 791 486 1182
2094 4 2 1 1 935 1207 728 1247
2095 4 2 1 1 418 815 423 1091
2096 4 2 1 1 910 1102 780 1185
2097 4 2 1 1 664 1174 791 1371
2098 4 2 1 1 1165 1290 848 1363
2099 4 2 1 1 862 888 854 1173
2100 4 2 1 1 233 922 196 1281
2101 4 2 1 1 276 821 1156 1273
2102 4 2 1 1 256 1051 828 1269
2103 4 2 1 1 675 892 965 1130
2104 4 2 1 1 672 894 767 1129
2105 4 2 1 1 686 851 797 1102
2106 4 2 1 1 467 1180 1054 1350
2107 4 2 1 1 799 843 657 1202
2108 4 2 1 1 773 910 893 1198
2109 4 2 1 1 505 1111 793 1191
2110 4 2 1 1 683 834 795 1013
2111 4 2 1 1 382 843 1033 1242
2112 4 2 1 1 229 792 230 1078
2113 4 2 1 1 627 998 624 1208
2114 4 2 1 1 717 936 1195 1266
2115 4 2 1 1 653 781 953 1206
2116 4 2 1 1 682 1076 785 1189
2117 4 2 1 1 710 1071 816 1136
2118 4 2 1 1 658 866 805 1118
2119 4 2 1 1 789 1092 713 1241
2120 4 2 1 1 843 741 1060 1261
2121 4 2 1 1 281 821 282 1133
2122 4 2 1 1 964 969 76 1366
2123 4 2 1 1 738 1181 859 1240
2124 4 2 1 1 715 923 764 978
2125 4 2 1 1 913 930 739 973
2126 4 2 1 1 961 1197 861 1279
2127 4 2 1 1 647 1042 775 1341
2128 4 2 1 1 89 966 1074 1342
2129 4 2 1 1 957 1013 795 1150
2130 4 2 1 1 563 564 852 1297
2131 4 2 1 1 705 1023 805 1118
2132 4 2 1 1 347 840 342 1001
2133 4 2 1 1 504 793 509 1097
2134 4 2 1 1 446 1037 869 1232
2135 4 2 1 1 463 135 134 1350
2136 4 2 1 1 100 99 1164 1184
2137 4 2 1 1 425 961 430 1279
2138 4 2 1 1 805 658 1023 1329
2139 4 2 1 1 740 932 925 1328
2140 4 2 1 1 618 24 617 1227
2141 4 2 1 1 816 1071 522 1136
2142 4 2 1 1 718 853 827 1087
2143 4 2 1 1 651 959 874 986
2144 4 2 1 1 1085 1257 796 1329
2145 4 2 1 1 703 1073 815 1111
2146 4 2 1 1 470 74 1036 1297
2147 4 2 1 1 639 633 634 788
2148 4 2 1 1 910 734 1185 1291
2149 4 2 1 1 838 1022 740 1130
2150 4 2 1 1 667 797 851 1102
2151 4 2 1 1 513 512 507 890
2152 4 2 1 1 261 1127 828 1345
2153 4 2 1 1 489 1112 484 1241
2154 4 2 1 1 810 1197 961 1279
2155 4 2 1 1 115 386 1261 1301
2156 4 2 1 1 505 107 1111 1191
2157 4 2 1 1 901 758 1012 1080
2158 4 2 1 1 841 963 355 1213
2159 4 2 1 1 700 916 786 1250
2160 4 2 1 1 261 1012 828 1127
2161 4 2 1 1 909 949 719 1227
2162 4 2 1 1 793 1125 703 1196
2163 4 2 1 1 374 373 921 1242
2164 4 2 1 1 744 866 1118 1144
2165 4 2 1 1 528 982 831 1337
2166 4 2 1 1 751 1283 948 1373
2167 4 2 1 1 448 978 81 1335
2168 4 2 1 1 685 1116 1053 1149
2169 4 2 1 1 766 1181 738 1199
2170 4 2 1 1 673 893 1049 1088
2171 4 2 1 1 645 912 980 1288
2172 4 2 1 1 654 900 883 1268
2173 4 2 1 1 699 813 1142 1316
2174 4 2 1 1 394 395 398 789
2175 4 2 1 1 19 1019 1308 1322
2176 4 2 1 1 387 381 382 1033
2177 4 2 1 1 782 680 1064 1282
2178 4 2 1 1 821 707 1133 1253
2179 4 2 1 1 722 987 847 1042
2180 4 2 1 1 175 903 174 1360
2181 4 2 1 1 723 812 908 1287
2182 4 2 1 1 676 1094 999 1365
2183 4 2 1 1 681 880 1018 1333
2184 4 2 1 1 796 716 940 1158
2185 4 2 1 1 751 903 1283 1373
2186 4 2 1 1 189 974 938 1236
2187 4 2 1 1 723 908 819 959
2188 4 2 1 1 654 973 1017 1160
2189 4 2 1 1 540 80 543 1072
2190 4 2 1 1 756 1031 856 1076
2191 4 2 1 1 774 938 725 988
2192 4 2 1 1 800 1102 1014 1198
2193 4 2 1 1 487 492 486 791
2194 4 2 1 1 639 638 937 1090
2195 4 2 1 1 734 910 1185 1259
2196 4 2 1 1 608 809 604 1153
2197 4 2 1 1 717 953 1060 1202
2198 4 2 1 1 464 130 129 1327
2199 4 2 1 1 937 993 693 1019
2200 4 2 1 1 471 465 849 958
2201 4 2 1 1 133 1239 951 1275
2202 4 2 1 1 649 778 1140 1365
2203 4 2 1 1 451 446 452 1037
2204 4 2 1 1 112 936 476 1266
2205 4 2 1 1 728 924 768 1163
2206 4 2 1 1 658 1051 828 1257
2207 4 2 1 1 108 109 413 1191
2208 4 2 1 1 182 1205 183 1223
2209 4 2 1 1 665 816 1030 1162
2210 4 2 1 1 687 1026 936 1040
2211 4 2 1 1 681 1018 1161 1333
2212 4 2 1 1 923 1263 881 1330
2213 4 2 1 1 359 355 963 1213
2214 4 2 1 1 633 937 863 1201
2215 4 2 1 1 771 1094 960 1218
2216 4 2 1 1 722 796 842 1107
2217 4 2 1 1 827 1072 714 1226
2218 4 2 1 1 833 673 882 1338
2219 4 2 1 1 374 921 799 1242
2220 4 2 1 1 588 848 1318 1374
2221 4 2 1 1 129 128 460 1240
2222 4 2 1 1 671 1082 915 1171
2223 4 2 1 1 864 1042 681 1356
2224 4 2 1 1 741 951 914 1301
2225 4 2 1 1 833 877 673 1338
2226 4 2 1 1 715 978 764 1070
2227 4 2 1 1 418 423 422 1091
2228 4 2 1 1 669 1041 787 1094
2229 4 2 1 1 909 1096 949 1227
2230 4 2 1 1 857 1060 782 1282
2231 4 2 1 1 758 985 851 1132
2232 4 2 1 1 861 1220 1091 1279
2233 4 2 1 1 695 903 962 1051
2234 4 2 1 1 712 932 912 1289
2235 4 2 1 1 711 1050 840 1059
2236 4 2 1 1 426 154 1005 1238
2237 4 2 1 1 672 767 940 1129
2238 4 2 1 1 825 1046 991 1271
2239 4 2 1 1 734 1233 1050 1291
2240 4 2 1 1 179 178 351 1127
2241 4 2 1 1 660 949 788 1147
2242 4 2 1 1 51 1192 577 1207
2243 4 2 1 1 791 872 696 1098
2244 4 2 1 1 690 802 965 980
2245 4 2 1 1 887 914 644 1179
2246 4 2 1 1 684 959 835 1157
2247 4 2 1 1 730 805 1023 1051
2248 4 2 1 1 163 396 164 818
2249 4 2 1 1 438 1213 798 1229
2250 4 2 1 1 770 946 702 1255
2251 4 2 1 1 872 1261 741 1301
2252 4 2 1 1 402 398 403 1237
2253 4 2 1 1 218 225 217 1305
2254 4 2 1 1 752 790 1064 1187
2255 4 2 1 1 249 1144 805 1269
2256 4 2 1 1 825 1107 1046 1271
2257 4 2 1 1 454 1028 945 1360
2258 4 2 1 1 714 853 827 1226
2259 4 2 1 1 956 1073 753 1267
2260 4 2 1 1 741 855 872 1371
2261 4 2 1 1 717 1060 843 1202
2262 4 2 1 1 389 383 384 952
2263 4 2 1 1 702 946 892 1285
2264 4 2 1 1 757 1015 909 1342
2265 4 2 1 1 816 1071 831 1337
2266 4 2 1 1 793 1111 703 1191
2267 4 2 1 1 785 1189 1076 1268
2268 4 2 1 1 396 919 393 1270
2269 4 2 1 1 687 1137 1055 1175
2270 4 2 1 1 822 1089 1245 1331
2271 4 2 1 1 944 981 692 1138
2272 4 2 1 1 161 411 405 930
2273 4 2 1 1 1100 1137 687 1175
2274 4 2 1 1 690 965 802 1057
2275 4 2 1 1 713 1112 1055 1317
2276 4 2 1 1 867 1024 739 1221
2277 4 2 1 1 437 798 441 1232
2278 4 2 1 1 653 857 953 1035
2279 4 2 1 1 752 1064 857 1187
2280 4 2 1 1 512 1113 890 1208
2281 4 2 1 1 814 996 884 1142
2282 4 2 1 1 854 862 678 888
2283 4 2 1 1 138 9 173 1028
2284 4 2 1 1 857 1026 1095 1175
2285 4 2 1 1 183 1205 1059 1223
2286 4 2 1 1 643 862 812 899
2287 4 2 1 1 560 64 63 995
2288 4 2 1 1 36 604 1120 1256
2289 4 2 1 1 799 657 843 1242
2290 4 2 1 1 762 698 969 1319
2291 4 2 1 1 360 355 356 1122
2292 4 2 1 1 906 999 723 1204
2293 4 2 1 1 851 1079 758 1214
2294 4 2 1 1 188 938 189 974
2295 4 2 1 1 665 831 829 1337
2296 4 2 1 1 387 1033 843 1261
2297 4 2 1 1 763 926 732 1230
2298 4 2 1 1 757 1108 909 1225
2299 4 2 1 1 667 910 1102 1291
2300 4 2 1 1 813 998 863 1201
2301 4 2 1 1 715 906 1070 1249
2302 4 2 1 1 372 1133 921 1254
2303 4 2 1 1 707 953 781 1206
2304 4 2 1 1 341 336 885 1361
2305 4 2 1 1 731 1054 1025 1255
2306 4 2 1 1 775 1042 681 1265
2307 4 2 1 1 1014 1102 773 1198
2308 4 2 1 1 863 998 629 1201
2309 4 2 1 1 755 951 914 1339
2310 4 2 1 1 664 1055 857 1095
2311 4 2 1 1 334 846 339 1263
2312 4 2 1 1 503 500 504 1097
2313 4 2 1 1 351 811 353 1093
2314 4 2 1 1 1007 1115 818 1210
2315 4 2 1 1 922 1078 239 1233
2316 4 2 1 1 694 890 1021 1066
2317 4 2 1 1 944 1024 668 1089
2318 4 2 1 1 770 892 675 1106
2319 4 2 1 1 795 1032 683 1284
2320 4 2 1 1 149 1213 438 1229
2321 4 2 1 1 627 813 626 998
2322 4 2 1 1 376 1033 824 1242
2323 4 2 1 1 696 914 887 1179
2324 4 2 1 1 491 492 59 1098
2325 4 2 1 1 291 1141 190 1236
2326 4 2 1 1 1091 1220 815 1279
2327 4 2 1 1 374 372 375 921
2328 4 2 1 1 477 820 480 1266
2329 4 2 1 1 661 1073 956 1267
2330 4 2 1 1 806 656 1097 1248
2331 4 2 1 1 707 781 953 1067
2332 4 2 1 1 648 851 796 1107
2333 4 2 1 1 781 1061 981 1152
2334 4 2 1 1 658 1118 797 1214
2335 4 2 1 1 803 700 1154 1316
2336 4 2 1 1 752 1032 871 1278
2337 4 2 1 1 740 976 912 1289
2338 4 2 1 1 664 1060 857 1282
2339 4 2 1 1 300 913 306 992
2340 4 2 1 1 672 940 860 1129
2341 4 2 1 1 731 1048 849 1255
2342 4 2 1 1 553 950 41 1368
2343 4 2 1 1 682 790 1173 1278
2344 4 2 1 1 672 940 1135 1370
2345 4 2 1 1 431 430 961 1312
2346 4 2 1 1 704 997 833 1238
2347 4 2 1 1 658 805 866 1269
2348 4 2 1 1 72 1048 849 1180
2349 4 2 1 1 527 88 87 1295
2350 4 2 1 1 883 1017 756 1031
2351 4 2 1 1 918 1128 652 1311
2352 4 2 1 1 507 806 503 1097
2353 4 2 1 1 883 900 753 1268
2354 4 2 1 1 378 383 382 1242
2355 4 2 1 1 632 1286 937 1322
2356 4 2 1 1 656 1031 883 1076
2357 4 2 1 1 678 778 1027 1140
2358 4 2 1 1 649 865 1006 1365
2359 4 2 1 1 698 1037 969 1213
2360 4 2 1 1 812 908 678 1140
2361 4 2 1 1 675 858 925 1163
2362 4 2 1 1 782 644 1053 1282
2363 4 2 1 1 454 137 945 1028
2364 4 2 1 1 679 785 942 1264
2365 4 2 1 1 861 961 430 1312
2366 4 2 1 1 360 963 859 1327
2367 4 2 1 1 735 1034 836 1358
2368 4 2 1 1 528 829 982 1337
2369 4 2 1 1 698 1213 969 1319
2370 4 2 1 1 908 1157 772 1170
2371 4 2 1 1 628 863 633 937
2372 4 2 1 1 643 847 933 1018
2373 4 2 1 1 442 447 446 1037
2374 4 2 1 1 654 957 907 1117
2375 4 2 1 1 699 1142 1029 1316
2376 4 2 1 1 981 1043 662 1253
2377 4 2 1 1 736 1121 810 1215
2378 4 2 1 1 442 441 798 1232
2379 4 2 1 1 686 797 851 1085
2380 4 2 1 1 690 965 783 1288
2381 4 2 1 1 803 1097 656 1248
2382 4 2 1 1 676 1140 1027 1365
2383 4 2 1 1 647 775 1042 1356
2384 4 2 1 1 752 857 1175 1187
2385 4 2 1 1 883 1031 756 1076
2386 4 2 1 1 772 875 908 1170
2387 4 2 1 1 783 912 740 976
2388 4 2 1 1 999 1094 771 1365
2389 4 2 1 1 736 810 1105 1215
2390 4 2 1 1 822 1217 1089 1331
2391 4 2 1 1 89 88 532 1074
2392 4 2 1 1 842 1146 1042 1271
2393 4 2 1 1 658 1257 1085 1329
2394 4 2 1 1 426 1069 155 1238
2395 4 2 1 1 686 991 825 1354
2396 4 2 1 1 885 947 734 1139
2397 4 2 1 1 793 879 688 1111
2398 4 2 1 1 575 53 574 932
2399 4 2 1 1 404 1007 807 1115
2400 4 2 1 1 132 133 951 1275
2401 4 2 1 1 669 1094 865 1367
2402 4 2 1 1 56 1276 594 1318
2403 4 2 1 1 588 1290 848 1374
2404 4 2 1 1 754 1308 1019 1322
2405 4 2 1 1 839 869 669 1232
2406 4 2 1 1 575 53 932 1353
2407 4 2 1 1 1028 1209 735 1332
2408 4 2 1 1 974 1141 724 1236
2409 4 2 1 1 667 1102 851 1354
2410 4 2 1 1 719 837 1090 1123
2411 4 2 1 1 860 1129 987 1145
2412 4 2 1 1 806 1103 499 1164
2413 4 2 1 1 676 999 1140 1365
2414 4 2 1 1 587 583 584 1290
2415 4 2 1 1 822 1323 742 1375
2416 4 2 1 1 625 629 863 998
2417 4 2 1 1 642 909 636 1015
2418 4 2 1 1 853 1188 827 1226
2419 4 2 1 1 846 881 1263 1330
2420 4 2 1 1 856 1031 656 1076
2421 4 2 1 1 695 1158 1127 1257
2422 4 2 1 1 319 320 882 1338
2423 4 2 1 1 868 1166 1099 1251
2424 4 2 1 1 640 1090 788 1227
2425 4 2 1 1 341 336 337 885
2426 4 2 1 1 876 903 695 1345
2427 4 2 1 1 170 1133 282 1178
2428 4 2 1 1 708 1101 784 1358
2429 4 2 1 1 662 781 864 1061
2430 4 2 1 1 399 818 400 1115
2431 4 2 1 1 877 833 1088 1281
2432 4 2 1 1 670 1065 1003 1114
2433 4 2 1 1 718 976 950 1224
2434 4 2 1 1 650 916 927 1131
2435 4 2 1 1 833 704 1069 1105
2436 4 2 1 1 965 1057 770 1148
2437 4 2 1 1 649 819 908 1170
2438 4 2 1 1 804 1050 1233 1291
2439 4 2 1 1 36 602 604 1256
2440 4 2 1 1 757 943 909 1108
2441 4 2 1 1 883 900 654 1160
2442 4 2 1 1 713 1055 820 1092
2443 4 2 1 1 618 1090 23 1227
2444 4 2 1 1 663 868 1062 1194
2445 4 2 1 1 39 1203 1074 1372
2446 4 2 1 1 696 1098 1084 1174
2447 4 2 1 1 226 230 229 792
2448 4 2 1 1 808 979 645 1004
2449 4 2 1 1 681 864 781 1061
2450 4 2 1 1 704 833 893 1105
2451 4 2 1 1 164 818 396 1270
2452 4 2 1 1 663 1194 827 1251
2453 4 2 1 1 653 981 781 1206
2454 4 2 1 1 673 826 1190 1338
2455 4 2 1 1 907 1049 776 1117
2456 4 2 1 1 664 791 1174 1317
2457 4 2 1 1 407 1021 886 1237
2458 4 2 1 1 567 563 564 897
2459 4 2 1 1 514 803 508 1097
2460 4 2 1 1 270 269 267 817
2461 4 2 1 1 808 718 1058 1224
2462 4 2 1 1 722 1042 847 1271
2463 4 2 1 1 759 1124 986 1222
2464 4 2 1 1 809 896 701 1120
2465 4 2 1 1 725 792 1016 1296
2466 4 2 1 1 810 736 1105 1274
2467 4 2 1 1 763 936 717 1026
2468 4 2 1 1 868 1062 746 1166
2469 4 2 1 1 255 828 1012 1269
2470 4 2 1 1 754 955 1308 1322
2471 4 2 1 1 856 1066 699 1248
2472 4 2 1 1 539 970 538 1072
2473 4 2 1 1 645 979 808 1193
2474 4 2 1 1 500 498 873 1164
2475 4 2 1 1 725 1016 1088 1296
2476 4 2 1 1 722 842 1042 1271
2477 4 2 1 1 857 1026 717 1095
2478 4 2 1 1 661 1052 861 1220
2479 4 2 1 1 788 1090 719 1227
2480 4 2 1 1 252 1051 257 1269
2481 4 2 1 1 691 807 1210 1347
2482 4 2 1 1 448 449 81 978
2483 4 2 1 1 763 1206 952 1364
2484 4 2 1 1 929 1109 1294 1317
2485 4 2 1 1 699 1029 813 1316
2486 4 2 1 1 850 1240 738 1327
2487 4 2 1 1 460 850 465 958
2488 4 2 1 1 865 1094 1365 1367
2489 4 2 1 1 994 1063 801 1212
2490 4 2 1 1 115 116 386 1301
2491 4 2 1 1 646 983 892 1285
2492 4 2 1 1 260 1012 261 1127
2493 4 2 1 1 720 1181 1199 1240
2494 4 2 1 1 801 956 927 1267
2495 4 2 1 1 789 1092 687 1137
2496 4 2 1 1 833 893 673 1088
2497 4 2 1 1 690 783 1193 1288
2498 4 2 1 1 645 1004 979 1104
2499 4 2 1 1 232 931 219 1246
2500 4 2 1 1 913 930 747 1258
2501 4 2 1 1 742 972 817 1075
2502 4 2 1 1 646 1143 983 1285
2503 4 2 1 1 873 883 703 1125
2504 4 2 1 1 895 918 652 1311
2505 4 2 1 1 304 992 867 1245
2506 4 2 1 1 824 373 1242 1332
2507 4 2 1 1 932 950 67 1328
2508 4 2 1 1 504 505 509 793
2509 4 2 1 1 441 437 438 798
2510 4 2 1 1 672 1129 860 1181
2511 4 2 1 1 931 1246 758 1305
2512 4 2 1 1 777 968 733 977
2513 4 2 1 1 852 892 697 1285
2514 4 2 1 1 785 942 683 957
2515 4 2 1 1 216 217 223 988
2516 4 2 1 1 706 893 833 1088
2517 4 2 1 1 803 1154 813 1316
2518 4 2 1 1 791 872 1182 1371
2519 4 2 1 1 105 106 422 1186
2520 4 2 1 1 887 765 1053 1282
2521 4 2 1 1 791 729 1174 1317
2522 4 2 1 1 904 1206 981 1230
2523 4 2 1 1 48 580 49 891
2524 4 2 1 1 673 893 833 1105
2525 4 2 1 1 917 935 70 1321
2526 4 2 1 1 665 829 831 1212
2527 4 2 1 1 152 349 151 977
2528 4 2 1 1 586 830 1290 1349
2529 4 2 1 1 550 1044 838 1302
2530 4 2 1 1 784 1101 1034 1358
2531 4 2 1 1 486 872 481 1182
2532 4 2 1 1 863 745 1114 1324
2533 4 2 1 1 635 640 634 1096
2534 4 2 1 1 704 776 1222 1274
2535 4 2 1 1 840 1001 711 1205
2536 4 2 1 1 671 1004 808 1058
2537 4 2 1 1 838 1022 555 1302
2538 4 2 1 1 914 1000 872 1301
2539 4 2 1 1 493 791 487 1112
2540 4 2 1 1 160 411 161 930
2541 4 2 1 1 768 728 1163 1200
2542 4 2 1 1 361 362 367 859
2543 4 2 1 1 704 1005 961 1197
2544 4 2 1 1 493 1098 791 1234
2545 4 2 1 1 728 1192 830 1247
2546 4 2 1 1 732 763 1230 1340
2547 4 2 1 1 674 1134 874 1204
2548 4 2 1 1 49 50 1207 1247
2549 4 2 1 1 872 914 696 1000
2550 4 2 1 1 691 1017 883 1031
2551 4 2 1 1 62 964 558 1366
2552 4 2 1 1 359 1213 963 1319
2553 4 2 1 1 673 1190 882 1338
2554 4 2 1 1 456 454 137 945
2555 4 2 1 1 715 906 1249 1330
2556 4 2 1 1 671 808 1004 1082
2557 4 2 1 1 724 1167 826 1236
2558 4 2 1 1 801 1052 661 1220
2559 4 2 1 1 858 1163 712 1353
2560 4 2 1 1 801 835 661 1052
2561 4 2 1 1 855 1195 843 1261
2562 4 2 1 1 607 809 608 1083
2563 4 2 1 1 923 978 715 1228
2564 4 2 1 1 714 1009 896 1038
2565 4 2 1 1 640 788 1096 1227
2566 4 2 1 1 680 1018 880 1187
2567 4 2 1 1 882 1069 156 1215
2568 4 2 1 1 312 316 877 1016
2569 4 2 1 1 555 838 556 1022
2570 4 2 1 1 711 901 985 1325
2571 4 2 1 1 382 1033 381 1242
2572 4 2 1 1 717 952 763 1206
2573 4 2 1 1 716 977 811 1127
2574 4 2 1 1 876 695 1231 1345
2575 4 2 1 1 266 269 268 972
2576 4 2 1 1 669 960 1094 1218
2577 4 2 1 1 348 1001 342 1205
2578 4 2 1 1 877 1088 1016 1281
2579 4 2 1 1 702 1048 852 1106
2580 4 2 1 1 582 891 1000 1363
2581 4 2 1 1 742 822 1075 1159
2582 4 2 1 1 493 791 1112 1234
2583 4 2 1 1 667 851 797 1214
2584 4 2 1 1 679 942 899 1264
2585 4 2 1 1 697 892 852 1130
2586 4 2 1 1 929 1109 750 1294
2587 4 2 1 1 700 1015 879 1154
2588 4 2 1 1 736 905 1121 1215
2589 4 2 1 1 745 990 889 996
2590 4 2 1 1 28 636 29 1154
2591 4 2 1 1 813 1029 803 1316
2592 4 2 1 1 768 965 802 980
2593 4 2 1 1 730 962 903 1051
2594 4 2 1 1 425 810 961 1279
2595 4 2 1 1 795 973 739 1017
2596 4 2 1 1 808 1058 1004 1224
2597 4 2 1 1 502 506 101 1103
2598 4 2 1 1 768 924 965 1163
2599 4 2 1 1 240 1078 804 1233
2600 4 2 1 1 752 1032 790 1187
2601 4 2 1 1 587 830 583 1290
2602 4 2 1 1 1099 1166 838 1251
2603 4 2 1 1 742 974 1128 1311
2604 4 2 1 1 789 687 1100 1137
2605 4 2 1 1 69 579 70 935
2606 4 2 1 1 840 885 674 1361
2607 4 2 1 1 52 1192 53 1353
2608 4 2 1 1 256 257 1051 1269
2609 4 2 1 1 929 713 1109 1317
2610 4 2 1 1 770 702 1106 1255
2611 4 2 1 1 856 699 1029 1248
2612 4 2 1 1 51 1207 577 1247
2613 4 2 1 1 150 1093 352 1229
2614 4 2 1 1 680 1035 1018 1265
2615 4 2 1 1 677 1077 987 1352
2616 4 2 1 1 788 634 1096 1201
2617 4 2 1 1 766 1145 1129 1181
2618 4 2 1 1 697 783 1166 1252
2619 4 2 1 1 708 824 1033 1101
2620 4 2 1 1 299 845 295 992
2621 4 2 1 1 765 1064 934 1116
2622 4 2 1 1 491 486 492 872
2623 4 2 1 1 664 1095 855 1182
2624 4 2 1 1 942 1161 1018 1333
2625 4 2 1 1 666 878 1068 1358
2626 4 2 1 1 107 415 418 1111
2627 4 2 1 1 691 883 873 1125
2628 4 2 1 1 160 161 306 913
2629 4 2 1 1 695 860 1010 1056
2630 4 2 1 1 319 320 325 882
2631 4 2 1 1 733 1135 841 1229
2632 4 2 1 1 537 91 90 911
2633 4 2 1 1 200 307 938 1346
2634 4 2 1 1 407 406 886 1021
2635 4 2 1 1 809 1153 671 1359
2636 4 2 1 1 787 1011 778 1365
2637 4 2 1 1 54 53 955 1308
2638 4 2 1 1 840 674 881 1361
2639 4 2 1 1 129 128 1240 1327
2640 4 2 1 1 821 1133 707 1178
2641 4 2 1 1 699 890 803 1248
2642 4 2 1 1 707 1277 952 1364
2643 4 2 1 1 301 1270 926 1331
2644 4 2 1 1 875 1140 908 1170
2645 4 2 1 1 651 835 954 959
2646 4 2 1 1 643 899 812 991
2647 4 2 1 1 896 701 1120 1256
2648 4 2 1 1 696 1165 891 1179
2649 4 2 1 1 834 1187 1175 1300
2650 4 2 1 1 707 981 904 1206
2651 4 2 1 1 782 914 644 1282
2652 4 2 1 1 630 813 631 1096
2653 4 2 1 1 650 786 916 1131
2654 4 2 1 1 310 311 826 1236
2655 4 2 1 1 63 964 995 1326
2656 4 2 1 1 669 1037 869 1062
2657 4 2 1 1 167 208 8 1364
2658 4 2 1 1 655 814 884 1116
2659 4 2 1 1 764 1009 911 1249
2660 4 2 1 1 1069 1105 810 1215
2661 4 2 1 1 414 1121 905 1215
2662 4 2 1 1 766 946 894 1352
2663 4 2 1 1 796 985 716 1132
2664 4 2 1 1 608 604 605 1153
2665 4 2 1 1 975 988 774 989
2666 4 2 1 1 293 297 292 1217
2667 4 2 1 1 283 170 282 1178
2668 4 2 1 1 760 1138 944 1159
2669 4 2 1 1 909 1108 700 1225
2670 4 2 1 1 850 958 849 1183
2671 4 2 1 1 746 1062 787 1166
2672 4 2 1 1 105 422 966 1186
2673 4 2 1 1 840 1050 885 1059
2674 4 2 1 1 425 421 426 961
2675 4 2 1 1 990 594 1276 1318
2676 4 2 1 1 235 804 240 1078
2677 4 2 1 1 582 1000 60 1363
2678 4 2 1 1 964 983 762 1285
2679 4 2 1 1 69 579 935 1275
2680 4 2 1 1 902 950 718 1368
2681 4 2 1 1 674 928 840 1047
2682 4 2 1 1 758 985 901 1079
2683 4 2 1 1 354 353 351 811
2684 4 2 1 1 345 344 339 881
2685 4 2 1 1 959 1185 723 1287
2686 4 2 1 1 909 943 719 1108
2687 4 2 1 1 825 1046 1107 1336
2688 4 2 1 1 674 1050 874 1139
2689 4 2 1 1 514 513 508 803
2690 4 2 1 1 796 940 860 1158
2691 4 2 1 1 944 1138 692 1159
2692 4 2 1 1 878 939 647 1126
2693 4 2 1 1 746 983 787 1041
2694 4 2 1 1 106 1111 422 1186
2695 4 2 1 1 713 820 1112 1241
2696 4 2 1 1 863 1114 1286 1324
2697 4 2 1 1 827 853 718 1188
2698 4 2 1 1 813 1029 699 1208
2699 4 2 1 1 477 936 475 1292
2700 4 2 1 1 97 930 160 1306
2701 4 2 1 1 674 906 1134 1204
2702 4 2 1 1 739 992 867 1221
2703 4 2 1 1 523 831 528 982
2704 4 2 1 1 813 660 1142 1316
2705 4 2 1 1 247 245 866 1305
2706 4 2 1 1 729 1276 1234 1318
2707 4 2 1 1 671 1171 809 1359
2708 4 2 1 1 281 276 282 821
2709 4 2 1 1 804 1050 1059 1233
2710 4 2 1 1 777 901 711 1205
2711 4 2 1 1 117 1275 951 1301
2712 4 2 1 1 399 396 400 818
2713 4 2 1 1 653 880 1035 1152
2714 4 2 1 1 675 965 924 1163
2715 4 2 1 1 664 820 1095 1182
2716 4 2 1 1 713 886 1241 1298
2717 4 2 1 1 77 76 964 969
2718 4 2 1 1 791 1098 729 1234
2719 4 2 1 1 695 962 860 1257
2720 4 2 1 1 404 807 403 1115
2721 4 2 1 1 263 1051 903 1345
2722 4 2 1 1 904 763 1206 1230
2723 4 2 1 1 999 1365 771 1367
2724 4 2 1 1 789 1110 1115 1237
2725 4 2 1 1 1055 1095 687 1175
2726 4 2 1 1 819 874 723 959
2727 4 2 1 1 793 1196 879 1250
2728 4 2 1 1 693 1058 902 1224
2729 4 2 1 1 120 401 886 1241
2730 4 2 1 1 654 1160 900 1260
2731 4 2 1 1 735 1028 945 1209
2732 4 2 1 1 648 780 928 1325
2733 4 2 1 1 662 864 781 1253
2734 4 2 1 1 645 808 976 1193
2735 4 2 1 1 713 1109 886 1298
2736 4 2 1 1 706 773 1088 1296
2737 4 2 1 1 874 986 959 1162
2738 4 2 1 1 626 998 813 1201
2739 4 2 1 1 755 951 917 1275
2740 4 2 1 1 675 852 892 1130
2741 4 2 1 1 714 1038 896 1226
2742 4 2 1 1 261 828 262 1345
2743 4 2 1 1 354 357 811 1231
2744 4 2 1 1 249 248 1144 1269
2745 4 2 1 1 928 1047 771 1218
2746 4 2 1 1 657 939 775 1293
2747 4 2 1 1 816 829 1030 1303
2748 4 2 1 1 508 803 513 1097
2749 4 2 1 1 752 1055 1137 1175
2750 4 2 1 1 545 544 827 1044
2751 4 2 1 1 618 837 619 1090
2752 4 2 1 1 502 507 506 890
2753 4 2 1 1 442 446 441 1232
2754 4 2 1 1 649 778 1006 1140
2755 4 2 1 1 669 787 865 1094
2756 4 2 1 1 663 868 1194 1251
2757 4 2 1 1 100 499 1103 1164
2758 4 2 1 1 404 807 1007 1184
2759 4 2 1 1 723 959 874 1185
2760 4 2 1 1 816 1136 526 1219
2761 4 2 1 1 239 185 186 1233
2762 4 2 1 1 385 386 951 1033
2763 4 2 1 1 668 1013 944 1159
2764 4 2 1 1 913 920 747 1260
2765 4 2 1 1 947 1139 885 1357
2766 4 2 1 1 72 849 472 1180
2767 4 2 1 1 757 909 1015 1225
2768 4 2 1 1 824 921 735 1332
2769 4 2 1 1 2 89 40 1342
2770 4 2 1 1 647 864 962 1008
2771 4 2 1 1 749 994 801 1212
2772 4 2 1 1 694 890 806 1103
2773 4 2 1 1 717 763 1026 1206
2774 4 2 1 1 876 903 751 1010
2775 4 2 1 1 729 1084 848 1098
2776 4 2 1 1 901 1079 985 1325
2777 4 2 1 1 247 866 250 1305
2778 4 2 1 1 76 62 558 1366
2779 4 2 1 1 696 872 791 1174
2780 4 2 1 1 627 626 624 998
2781 4 2 1 1 1009 1171 875 1359
2782 4 2 1 1 854 888 685 1173
2783 4 2 1 1 662 1043 981 1138
2784 4 2 1 1 818 867 732 1270
2785 4 2 1 1 672 860 940 1158
2786 4 2 1 1 502 499 806 1103
2787 4 2 1 1 714 1009 1006 1359
2788 4 2 1 1 841 1135 798 1229
2789 4 2 1 1 600 13 889 1276
2790 4 2 1 1 917 951 708 1239
2791 4 2 1 1 385 951 380 1033
2792 4 2 1 1 766 1129 832 1352
2793 4 2 1 1 505 793 501 1191
2794 4 2 1 1 713 1092 820 1241
2795 4 2 1 1 711 1050 804 1291
2796 4 2 1 1 299 295 300 992
2797 4 2 1 1 640 639 788 1090
2798 4 2 1 1 803 890 699 1208
2799 4 2 1 1 25 617 24 1227
2800 4 2 1 1 524 528 831 1337
2801 4 2 1 1 805 1216 249 1280
2802 4 2 1 1 255 828 261 1012
2803 4 2 1 1 956 1117 954 1264
2804 4 2 1 1 643 933 847 1046
2805 4 2 1 1 359 148 355 1213
2806 4 2 1 1 946 1143 894 1352
2807 4 2 1 1 760 918 895 1159
2808 4 2 1 1 83 84 432 1005
2809 4 2 1 1 704 776 1105 1222
2810 4 2 1 1 688 1111 879 1186
2811 4 2 1 1 459 135 463 836
2812 4 2 1 1 399 396 818 1115
2813 4 2 1 1 281 280 948 1254
2814 4 2 1 1 725 984 792 1296
2815 4 2 1 1 329 95 947 1357
2816 4 2 1 1 388 843 383 1195
2817 4 2 1 1 143 144 344 1228
2818 4 2 1 1 220 250 254 1012
2819 4 2 1 1 681 779 1061 1146
2820 4 2 1 1 159 412 110 1258
2821 4 2 1 1 774 1128 974 1311
2822 4 2 1 1 308 1236 938 1346
2823 4 2 1 1 734 1078 922 1233
2824 4 2 1 1 814 854 685 1173
2825 4 2 1 1 339 846 335 1361
2826 4 2 1 1 789 886 1110 1237
2827 4 2 1 1 854 862 682 1131
2828 4 2 1 1 694 1031 871 1347
2829 4 2 1 1 749 861 1052 1220
2830 4 2 1 1 688 879 793 1196
2831 4 2 1 1 911 1009 764 1038
2832 4 2 1 1 311 1236 308 1346
2833 4 2 1 1 727 1136 816 1219
2834 4 2 1 1 695 1051 962 1257
2835 4 2 1 1 377 1033 376 1242
2836 4 2 1 1 646 894 1143 1352
2837 4 2 1 1 674 885 840 1050
2838 4 2 1 1 811 1127 695 1158
2839 4 2 1 1 917 951 755 1339
2840 4 2 1 1 668 1024 867 1089
2841 4 2 1 1 776 1105 736 1274
2842 4 2 1 1 819 959 1157 1162
2843 4 2 1 1 708 1034 1101 1358
2844 4 2 1 1 550 1099 838 1251
2845 4 2 1 1 484 1092 121 1241
2846 4 2 1 1 741 914 951 1339
2847 4 2 1 1 484 483 820 1112
2848 4 2 1 1 680 967 1035 1265
2849 4 2 1 1 305 161 162 1221
2850 4 2 1 1 393 396 395 919
2851 4 2 1 1 409 100 1103 1184
2852 4 2 1 1 822 1141 290 1245
2853 4 2 1 1 725 988 938 1346
2854 4 2 1 1 1061 1138 981 1152
2855 4 2 1 1 521 1071 816 1337
2856 4 2 1 1 701 1009 911 1038
2857 4 2 1 1 697 892 783 1252
2858 4 2 1 1 651 954 800 1287
2859 4 2 1 1 773 893 1049 1198
2860 4 2 1 1 683 957 942 1333
2861 4 2 1 1 212 249 1216 1280
2862 4 2 1 1 712 1163 1192 1200
2863 4 2 1 1 614 837 1153 1243
2864 4 2 1 1 721 1047 928 1218
2865 4 2 1 1 1042 1146 681 1271
2866 4 2 1 1 300 306 305 992
2867 4 2 1 1 503 806 499 1164
2868 4 2 1 1 645 979 1193 1288
2869 4 2 1 1 803 1029 813 1208
2870 4 2 1 1 738 1240 859 1327
2871 4 2 1 1 767 1041 894 1135
2872 4 2 1 1 470 73 74 1297
2873 4 2 1 1 644 1025 924 1179
2874 4 2 1 1 697 983 964 1285
2875 4 2 1 1 50 578 49 1207
2876 4 2 1 1 581 1247 891 1363
2877 4 2 1 1 741 1301 914 1371
2878 4 2 1 1 1053 1064 680 1282
2879 4 2 1 1 733 940 960 1211
2880 4 2 1 1 586 1290 591 1349
2881 4 2 1 1 577 1192 858 1207
2882 4 2 1 1 584 848 1290 1363
2883 4 2 1 1 475 936 124 1292
2884 4 2 1 1 674 846 885 1139
2885 4 2 1 1 785 683 942 1189
2886 4 2 1 1 526 525 816 1219
2887 4 2 1 1 701 1009 896 1359
2888 4 2 1 1 792 1016 706 1078
2889 4 2 1 1 760 895 1138 1159
2890 4 2 1 1 701 896 1009 1038
2891 4 2 1 1 492 791 493 1098
2892 4 2 1 1 23 1090 640 1227
2893 4 2 1 1 776 704 1105 1274
2894 4 2 1 1 324 882 156 1215
2895 4 2 1 1 765 1053 1116 1149
2896 4 2 1 1 433 139 968 1001
2897 4 2 1 1 643 847 991 1046
2898 4 2 1 1 107 505 501 1191
2899 4 2 1 1 905 920 747 1258
2900 4 2 1 1 666 878 784 1077
2901 4 2 1 1 335 339 334 846
2902 4 2 1 1 804 1246 1079 1334
2903 4 2 1 1 772 1082 875 1171
2904 4 2 1 1 446 869 445 1232
2905 4 2 1 1 643 942 899 991
2906 4 2 1 1 444 1169 839 1232
2907 4 2 1 1 652 989 895 1311
2908 4 2 1 1 69 48 579 1275
2909 4 2 1 1 800 1102 1185 1354
2910 4 2 1 1 600 889 14 990
2911 4 2 1 1 703 900 883 1160
2912 4 2 1 1 732 867 818 1024
2913 4 2 1 1 760 981 1138 1152
2914 4 2 1 1 648 780 1325 1354
2915 4 2 1 1 695 903 876 1010
2916 4 2 1 1 652 1128 918 1299
2917 4 2 1 1 623 889 622 998
2918 4 2 1 1 722 987 860 1129
2919 4 2 1 1 855 1060 741 1261
2920 4 2 1 1 410 405 411 930
2921 4 2 1 1 47 538 46 970
2922 4 2 1 1 717 843 1060 1195
2923 4 2 1 1 827 1044 544 1188
2924 4 2 1 1 158 157 414 1215
2925 4 2 1 1 987 1129 766 1145
2926 4 2 1 1 870 1114 745 1324
2927 4 2 1 1 528 982 829 1372
2928 4 2 1 1 846 1136 727 1263
2929 4 2 1 1 788 949 1096 1227
2930 4 2 1 1 653 981 944 1152
2931 4 2 1 1 711 804 1050 1059
2932 4 2 1 1 848 1098 589 1318
2933 4 2 1 1 671 875 808 1082
2934 4 2 1 1 474 468 133 1350
2935 4 2 1 1 967 775 1035 1265
2936 4 2 1 1 374 799 378 1242
2937 4 2 1 1 664 1174 934 1317
2938 4 2 1 1 667 1079 851 1214
2939 4 2 1 1 503 507 502 806
2940 4 2 1 1 409 1103 807 1184
2941 4 2 1 1 404 409 807 1184
2942 4 2 1 1 828 1127 695 1231
2943 4 2 1 1 1011 1027 778 1365
2944 4 2 1 1 522 816 521 1071
2945 4 2 1 1 791 1174 872 1371
2946 4 2 1 1 798 1213 841 1229
2947 4 2 1 1 39 1074 533 1372
2948 4 2 1 1 1290 1348 591 1349
2949 4 2 1 1 19 1308 955 1322
2950 4 2 1 1 52 53 1192 1349
2951 4 2 1 1 847 987 677 1265
2952 4 2 1 1 800 899 679 1315
2953 4 2 1 1 667 792 984 1296
2954 4 2 1 1 696 887 1165 1179
2955 4 2 1 1 664 857 1064 1282
2956 4 2 1 1 777 733 968 1211
2957 4 2 1 1 588 1318 593 1374
2958 4 2 1 1 156 882 325 1069
2959 4 2 1 1 419 815 415 1121
2960 4 2 1 1 702 1143 946 1285
2961 4 2 1 1 773 1102 984 1296
2962 4 2 1 1 833 1069 882 1105
2963 4 2 1 1 825 1107 1086 1336
2964 4 2 1 1 694 806 890 1248
2965 4 2 1 1 581 584 1247 1363
2966 4 2 1 1 607 1120 809 1203
2967 4 2 1 1 270 267 204 1075
2968 4 2 1 1 515 516 1015 1186
2969 4 2 1 1 720 1199 850 1240
2970 4 2 1 1 764 978 923 1335
2971 4 2 1 1 809 1083 607 1203
2972 4 2 1 1 957 1013 769 1299
2973 4 2 1 1 669 1037 798 1232
2974 4 2 1 1 711 1079 901 1325
2975 4 2 1 1 669 865 787 1062
2976 4 2 1 1 910 1102 800 1198
2977 4 2 1 1 406 103 118 1298
2978 4 2 1 1 528 829 529 1372
2979 4 2 1 1 202 188 286 1155
2980 4 2 1 1 708 1034 824 1101
2981 4 2 1 1 651 1185 959 1287
2982 4 2 1 1 603 896 601 1226
2983 4 2 1 1 709 920 913 1260
2984 4 2 1 1 405 930 410 1007
2985 4 2 1 1 403 1115 807 1237
2986 4 2 1 1 631 1096 813 1154
2987 4 2 1 1 716 1127 1158 1257
2988 4 2 1 1 526 530 525 1219
2989 4 2 1 1 862 927 684 1264
2990 4 2 1 1 7 97 160 1306
2991 4 2 1 1 361 859 360 1122
2992 4 2 1 1 89 1074 40 1342
2993 4 2 1 1 446 447 452 1037
2994 4 2 1 1 257 258 263 1051
2995 4 2 1 1 298 304 867 1245
2996 4 2 1 1 747 920 905 1260
2997 4 2 1 1 659 789 1100 1137
2998 4 2 1 1 906 1134 819 1249
2999 4 2 1 1 247 866 245 1144
3000 4 2 1 1 240 239 1078 1233
3001 4 2 1 1 694 1066 1031 1248
3002 4 2 1 1 203 1155 974 1375
3003 4 2 1 1 701 1171 1009 1359
3004 4 2 1 1 790 1116 941 1173
3005 4 2 1 1 944 1013 760 1159
3006 4 2 1 1 710 1134 846 1136
3007 4 2 1 1 650 927 916 1267
3008 4 2 1 1 369 876 175 1360
3009 4 2 1 1 810 1121 417 1215
3010 4 2 1 1 188 974 286 1155
3011 4 2 1 1 950 1302 67 1328
3012 4 2 1 1 597 16 1286 1324
3013 4 2 1 1 723 908 959 1287
3014 4 2 1 1 967 1035 775 1293
3015 4 2 1 1 749 1052 801 1220
3016 4 2 1 1 353 811 357 1122
3017 4 2 1 1 659 1017 1210 1347
3018 4 2 1 1 1065 1348 1290 1349
3019 4 2 1 1 68 41 553 1308
3020 4 2 1 1 682 862 854 1173
3021 4 2 1 1 417 810 420 1121
3022 4 2 1 1 964 969 762 983
3023 4 2 1 1 695 828 1231 1345
3024 4 2 1 1 1029 1142 786 1316
3025 4 2 1 1 543 1072 868 1251
3026 4 2 1 1 833 1069 704 1238
3027 4 2 1 1 600 889 990 1276
3028 4 2 1 1 883 1076 753 1196
3029 4 2 1 1 735 1068 945 1126
3030 4 2 1 1 744 988 975 989
3031 4 2 1 1 914 1301 872 1371
3032 4 2 1 1 291 190 191 1236
3033 4 2 1 1 522 526 816 1136
3034 4 2 1 1 663 1193 976 1355
3035 4 2 1 1 840 928 721 1047
3036 4 2 1 1 909 949 700 1108
3037 4 2 1 1 13 14 600 889
3038 4 2 1 1 689 1028 921 1254
3039 4 2 1 1 919 1040 391 1270
3040 4 2 1 1 522 521 816 1337
3041 4 2 1 1 824 1242 921 1332
3042 4 2 1 1 471 849 72 1048
3043 4 2 1 1 643 942 1018 1020
3044 4 2 1 1 852 1048 897 1106
3045 4 2 1 1 148 1213 359 1319
3046 4 2 1 1 844 1081 662 1273
3047 4 2 1 1 839 1168 869 1169
3048 4 2 1 1 842 864 647 1042
3049 4 2 1 1 436 839 439 1045
3050 4 2 1 1 774 975 1311 1369
3051 4 2 1 1 572 571 567 897
3052 4 2 1 1 732 1024 944 1089
3053 4 2 1 1 56 1234 929 1276
3054 4 2 1 1 996 1066 699 1142
3055 4 2 1 1 740 912 783 1130
3056 4 2 1 1 716 1012 828 1132
3057 4 2 1 1 145 90 343 1335
3058 4 2 1 1 810 961 704 1069
3059 4 2 1 1 520 831 1071 1337
3060 4 2 1 1 695 1127 828 1257
3061 4 2 1 1 780 1185 723 1204
3062 4 2 1 1 649 865 999 1367
3063 4 2 1 1 252 249 805 1269
3064 4 2 1 1 494 1112 929 1234
3065 4 2 1 1 954 956 776 1117
3066 4 2 1 1 56 57 1234 1318
3067 4 2 1 1 747 1258 930 1306
3068 4 2 1 1 400 1007 818 1221
3069 4 2 1 1 795 1013 668 1150
3070 4 2 1 1 809 608 1083 1153
3071 4 2 1 1 890 699 1066 1248
3072 4 2 1 1 68 553 950 1308
3073 4 2 1 1 550 549 1044 1302
3074 4 2 1 1 1079 1246 931 1334
3075 4 2 1 1 800 954 899 1287
3076 4 2 1 1 375 378 374 799
3077 4 2 1 1 327 997 153 1005
3078 4 2 1 1 497 873 498 1164
3079 4 2 1 1 757 966 1225 1342
3080 4 2 1 1 644 924 1025 1148
3081 4 2 1 1 861 1091 429 1279
3082 4 2 1 1 651 800 954 1198
3083 4 2 1 1 479 480 820 1266
3084 4 2 1 1 782 1064 857 1282
3085 4 2 1 1 870 1286 1114 1324
3086 4 2 1 1 551 556 838 1326
3087 4 2 1 1 904 926 692 1262
3088 4 2 1 1 651 835 959 986
3089 4 2 1 1 1136 1219 727 1263
3090 4 2 1 1 650 1108 994 1225
3091 4 2 1 1 857 717 1060 1095
3092 4 2 1 1 1011 1094 676 1365
3093 4 2 1 1 917 70 1180 1321
3094 4 2 1 1 515 1015 879 1186
3095 4 2 1 1 708 951 917 1339
3096 4 2 1 1 656 1097 793 1125
3097 4 2 1 1 203 286 974 1155
3098 4 2 1 1 676 1027 1011 1365
3099 4 2 1 1 880 1018 680 1035
3100 4 2 1 1 780 1185 1102 1354
3101 4 2 1 1 745 1324 990 1374
3102 4 2 1 1 656 1076 883 1196
3103 4 2 1 1 608 613 1083 1153
3104 4 2 1 1 719 949 909 1108
3105 4 2 1 1 787 983 746 1166
3106 4 2 1 1 713 1109 934 1137
3107 4 2 1 1 624 1113 32 1208
3108 4 2 1 1 809 896 1153 1359
3109 4 2 1 1 704 1005 997 1238
3110 4 2 1 1 239 922 233 1078
3111 4 2 1 1 40 39 943 1074
3112 4 2 1 1 797 1014 686 1102
3113 4 2 1 1 271 276 1156 1273
3114 4 2 1 1 562 925 565 1022
3115 4 2 1 1 913 747 973 1260
3116 4 2 1 1 609 1153 853 1243
3117 4 2 1 1 465 850 461 1183
3118 4 2 1 1 872 1000 490 1301
3119 4 2 1 1 777 977 733 1211
3120 4 2 1 1 707 781 981 1206
3121 4 2 1 1 720 876 1010 1056
3122 4 2 1 1 838 1044 740 1302
3123 4 2 1 1 702 852 1048 1297
3124 4 2 1 1 467 462 836 1183
3125 4 2 1 1 76 558 964 1366
3126 4 2 1 1 679 957 785 1117
3127 4 2 1 1 936 1040 124 1292
3128 4 2 1 1 445 446 451 869
3129 4 2 1 1 1046 722 1107 1336
3130 4 2 1 1 523 524 528 831
3131 4 2 1 1 236 241 804 1223
3132 4 2 1 1 788 719 949 1227
3133 4 2 1 1 484 483 480 820
3134 4 2 1 1 475 936 477 1266
3135 4 2 1 1 314 826 311 1338
3136 4 2 1 1 768 1149 887 1200
3137 4 2 1 1 893 910 706 1124
3138 4 2 1 1 698 1037 798 1135
3139 4 2 1 1 346 345 881 1045
3140 4 2 1 1 672 1056 860 1158
3141 4 2 1 1 414 417 1121 1215
3142 4 2 1 1 645 1193 976 1288
3143 4 2 1 1 478 481 855 1182
3144 4 2 1 1 819 1157 665 1162
3145 4 2 1 1 513 803 30 1208
3146 4 2 1 1 406 1021 103 1298
3147 4 2 1 1 550 838 1044 1251
3148 4 2 1 1 689 1008 939 1126
3149 4 2 1 1 203 974 286 1375
3150 4 2 1 1 673 833 882 1105
3151 4 2 1 1 694 1109 886 1110
3152 4 2 1 1 784 1025 708 1358
3153 4 2 1 1 720 1010 1126 1145
3154 4 2 1 1 668 822 1089 1245
3155 4 2 1 1 613 837 618 1083
3156 4 2 1 1 700 1015 909 1225
3157 4 2 1 1 732 944 834 1340
3158 4 2 1 1 727 819 1134 1249
3159 4 2 1 1 860 1056 695 1158
3160 4 2 1 1 626 629 998 1201
3161 4 2 1 1 689 1133 1067 1253
3162 4 2 1 1 936 1026 763 1040
3163 4 2 1 1 262 828 256 1345
3164 4 2 1 1 964 995 762 1366
3165 4 2 1 1 10 222 180 1080
3166 4 2 1 1 32 1113 512 1208
3167 4 2 1 1 1051 1280 258 1373
3168 4 2 1 1 899 991 942 1315
3169 4 2 1 1 851 985 796 1132
3170 4 2 1 1 716 985 777 1080
3171 4 2 1 1 300 1167 192 1343
3172 4 2 1 1 707 1178 952 1277
3173 4 2 1 1 667 984 797 1102
3174 4 2 1 1 686 800 1014 1315
3175 4 2 1 1 542 541 827 1251
3176 4 2 1 1 42 41 902 1368
3177 4 2 1 1 726 1176 1120 1351
3178 4 2 1 1 656 806 1097 1125
3179 4 2 1 1 293 292 822 1217
3180 4 2 1 1 656 1097 803 1250
3181 4 2 1 1 690 979 888 980
3182 4 2 1 1 508 513 507 1097
3183 4 2 1 1 671 1058 853 1153
3184 4 2 1 1 479 477 480 1266
3185 4 2 1 1 633 863 629 1201
3186 4 2 1 1 652 1299 918 1320
3187 4 2 1 1 728 887 1165 1200
3188 4 2 1 1 939 1008 689 1356
3189 4 2 1 1 529 829 528 1337
3190 4 2 1 1 869 1037 746 1062
3191 4 2 1 1 243 901 222 1205
3192 4 2 1 1 885 1050 734 1233
3193 4 2 1 1 668 1089 867 1245
3194 4 2 1 1 766 987 1077 1352
3195 4 2 1 1 673 877 833 1088
3196 4 2 1 1 30 803 514 1154
3197 4 2 1 1 828 1132 658 1257
3198 4 2 1 1 709 913 973 1260
3199 4 2 1 1 847 1042 987 1265
3200 4 2 1 1 771 999 906 1204
3201 4 2 1 1 349 152 180 977
3202 4 2 1 1 678 979 888 1027
3203 4 2 1 1 776 956 900 1117
3204 4 2 1 1 548 554 950 1044
3205 4 2 1 1 554 950 1044 1302
3206 4 2 1 1 589 848 585 1098
3207 4 2 1 1 836 666 1054 1183
3208 4 2 1 1 818 919 732 1100
3209 4 2 1 1 888 941 685 1173
3210 4 2 1 1 196 922 238 997
3211 4 2 1 1 706 1088 833 1281
3212 4 2 1 1 609 853 610 1243
3213 4 2 1 1 849 1054 666 1183
3214 4 2 1 1 39 616 40 943
3215 4 2 1 1 348 347 342 1001
3216 4 2 1 1 758 1132 851 1214
3217 4 2 1 1 742 817 972 1244
3218 4 2 1 1 640 23 639 1090
3219 4 2 1 1 641 636 909 1096
3220 4 2 1 1 695 1127 811 1231
3221 4 2 1 1 643 933 888 941
3222 4 2 1 1 708 1033 951 1101
3223 4 2 1 1 62 558 964 995
3224 4 2 1 1 736 1160 905 1260
3225 4 2 1 1 780 1185 1050 1291
3226 4 2 1 1 547 552 1099 1314
3227 4 2 1 1 732 834 944 1024
3228 4 2 1 1 686 991 800 1315
3229 4 2 1 1 830 1192 51 1247
3230 4 2 1 1 721 960 928 1211
3231 4 2 1 1 603 605 896 1226
3232 4 2 1 1 727 1219 911 1263
3233 4 2 1 1 884 996 745 1142
3234 4 2 1 1 551 838 1099 1326
3235 4 2 1 1 385 380 386 1033
3236 4 2 1 1 456 1209 137 1332
3237 4 2 1 1 677 1057 802 1148
3238 4 2 1 1 337 885 333 1059
3239 4 2 1 1 651 954 835 1222
3240 4 2 1 1 626 813 630 1201
3241 4 2 1 1 777 977 716 1080
3242 4 2 1 1 63 964 558 995
3243 4 2 1 1 551 838 550 1099
3244 4 2 1 1 846 674 885 1361
3245 4 2 1 1 332 1357 885 1361
3246 4 2 1 1 750 1276 929 1294
3247 4 2 1 1 968 1001 721 1151
3248 4 2 1 1 63 557 964 1326
3249 4 2 1 1 181 243 222 1205
3250 4 2 1 1 941 1116 685 1173
3251 4 2 1 1 778 808 979 1193
3252 4 2 1 1 852 995 560 1297
3253 4 2 1 1 480 121 484 1092
3254 4 2 1 1 132 474 133 1275
3255 4 2 1 1 257 262 256 1345
3256 4 2 1 1 163 400 818 1221
3257 4 2 1 1 394 1092 789 1241
3258 4 2 1 1 472 72 471 849
3259 4 2 1 1 502 100 499 1103
3260 4 2 1 1 1127 1231 828 1345
3261 4 2 1 1 751 1028 945 1126
3262 4 2 1 1 63 557 558 964
3263 4 2 1 1 788 937 693 1090
3264 4 2 1 1 298 1245 867 1331
3265 4 2 1 1 583 830 51 1247
3266 4 2 1 1 842 962 864 1329
3267 4 2 1 1 613 614 837 1153
3268 4 2 1 1 467 836 463 1350
3269 4 2 1 1 377 381 376 1033
3270 4 2 1 1 321 833 316 1281
3271 4 2 1 1 647 864 1008 1356
3272 4 2 1 1 399 400 1007 1115
3273 4 2 1 1 354 357 353 811
3274 4 2 1 1 659 818 1024 1100
3275 4 2 1 1 667 1291 780 1325
3276 4 2 1 1 747 905 1160 1260
3277 4 2 1 1 785 942 1020 1189
3278 4 2 1 1 677 933 847 1265
3279 4 2 1 1 466 849 465 1183
3280 4 2 1 1 700 1225 916 1250
3281 4 2 1 1 44 853 606 1226
3282 4 2 1 1 824 1034 657 1101
3283 4 2 1 1 929 1276 729 1294
3284 4 2 1 1 445 869 1169 1232
3285 4 2 1 1 649 999 865 1365
3286 4 2 1 1 649 906 819 1249
3287 4 2 1 1 186 328 187 947
3288 4 2 1 1 547 78 552 1314
3289 4 2 1 1 716 1132 828 1257
3290 4 2 1 1 679 954 800 1198
3291 4 2 1 1 612 607 608 1083
3292 4 2 1 1 688 879 1196 1250
3293 4 2 1 1 717 953 857 1060
3294 4 2 1 1 683 1020 942 1189
3295 4 2 1 1 862 927 682 1131
3296 4 2 1 1 926 1217 692 1262
3297 4 2 1 1 1081 1156 821 1273
3298 4 2 1 1 289 1075 822 1217
3299 4 2 1 1 652 918 895 1320
3300 4 2 1 1 779 864 1023 1329
3301 4 2 1 1 707 904 1277 1364
3302 4 2 1 1 717 1195 952 1202
3303 4 2 1 1 931 1246 231 1334
3304 4 2 1 1 727 1134 906 1249
3305 4 2 1 1 575 52 53 1353
3306 4 2 1 1 867 1270 303 1331
3307 4 2 1 1 688 1111 1073 1196
3308 4 2 1 1 650 994 916 1225
3309 4 2 1 1 81 970 82 1335
3310 4 2 1 1 1026 687 1095 1175
3311 4 2 1 1 715 1045 839 1218
3312 4 2 1 1 675 852 897 1106
3313 4 2 1 1 649 875 1006 1009
3314 4 2 1 1 644 784 967 1148
3315 4 2 1 1 314 310 311 826
3316 4 2 1 1 39 943 1074 1203
3317 4 2 1 1 394 1092 122 1292
3318 4 2 1 1 717 1195 855 1266
3319 4 2 1 1 381 1033 377 1242
3320 4 2 1 1 693 1004 1058 1224
3321 4 2 1 1 714 1087 853 1359
3322 4 2 1 1 32 624 622 1113
3323 4 2 1 1 490 872 491 1000
3324 4 2 1 1 702 958 849 1255
3325 4 2 1 1 783 965 912 1288
3326 4 2 1 1 184 337 333 1059
3327 4 2 1 1 488 493 487 1112
3328 4 2 1 1 500 503 499 1164
3329 4 2 1 1 837 1083 613 1153
3330 4 2 1 1 442 798 438 1213
3331 4 2 1 1 667 984 1102 1296
3332 4 2 1 1 793 703 1125 1191
3333 4 2 1 1 68 553 67 950
3334 4 2 1 1 293 822 290 1245
3335 4 2 1 1 156 324 325 882
3336 4 2 1 1 1186 1225 966 1342
3337 4 2 1 1 651 800 1185 1287
3338 4 2 1 1 140 141 347 1001
3339 4 2 1 1 762 995 964 1285
3340 4 2 1 1 839 1169 444 1228
3341 4 2 1 1 597 598 16 1324
3342 4 2 1 1 663 838 1251 1355
3343 4 2 1 1 885 1059 1050 1233
3344 4 2 1 1 1002 1063 772 1157
3345 4 2 1 1 656 883 1031 1125
3346 4 2 1 1 625 626 629 998
3347 4 2 1 1 774 1311 1155 1369
3348 4 2 1 1 431 85 430 1312
3349 4 2 1 1 893 1105 776 1222
3350 4 2 1 1 654 973 795 1017
3351 4 2 1 1 783 892 697 1130
3352 4 2 1 1 692 1075 822 1159
3353 4 2 1 1 426 155 154 1238
3354 4 2 1 1 37 1120 607 1203
3355 4 2 1 1 697 852 1022 1130
3356 4 2 1 1 542 827 541 1072
3357 4 2 1 1 551 1099 550 1251
3358 4 2 1 1 334 1136 846 1263
3359 4 2 1 1 422 427 966 1091
3360 4 2 1 1 1036 1039 762 1366
3361 4 2 1 1 656 1031 856 1248
3362 4 2 1 1 526 1136 93 1219
3363 4 2 1 1 271 1156 844 1273
3364 4 2 1 1 471 470 465 958
3365 4 2 1 1 649 908 1140 1170
3366 4 2 1 1 773 910 1102 1296
3367 4 2 1 1 914 1101 782 1339
3368 4 2 1 1 54 574 53 1308
3369 4 2 1 1 694 1031 806 1248
3370 4 2 1 1 123 475 124 1292
3371 4 2 1 1 741 782 914 1101
3372 4 2 1 1 746 969 964 983
3373 4 2 1 1 639 22 638 1090
3374 4 2 1 1 641 635 1096 1227
3375 4 2 1 1 666 784 878 1358
3376 4 2 1 1 651 1198 954 1222
3377 4 2 1 1 229 233 197 1281
3378 4 2 1 1 371 137 1028 1332
3379 4 2 1 1 1063 1157 801 1212
3380 4 2 1 1 694 1110 807 1347
3381 4 2 1 1 715 1047 1045 1218
3382 4 2 1 1 28 642 636 1015
3383 4 2 1 1 821 662 1081 1273
3384 4 2 1 1 433 968 140 1001
3385 4 2 1 1 646 892 983 1252
3386 4 2 1 1 659 789 1110 1115
3387 4 2 1 1 925 1328 932 1353
3388 4 2 1 1 735 945 1028 1126
3389 4 2 1 1 768 965 912 1163
3390 4 2 1 1 675 897 858 1362
3391 4 2 1 1 650 994 801 1267
3392 4 2 1 1 752 834 1032 1187
3393 4 2 1 1 19 54 955 1308
3394 4 2 1 1 678 1027 812 1140
3395 4 2 1 1 646 1041 787 1252
3396 4 2 1 1 717 1026 953 1206
3397 4 2 1 1 910 1124 893 1198
3398 4 2 1 1 465 460 461 850
3399 4 2 1 1 975 989 774 1311
3400 4 2 1 1 708 1033 824 1239
3401 4 2 1 1 630 813 1096 1201
3402 4 2 1 1 750 886 1109 1298
3403 4 2 1 1 645 993 794 1003
3404 4 2 1 1 725 1088 984 1296
3405 4 2 1 1 350 151 349 977
3406 4 2 1 1 150 151 350 1229
3407 4 2 1 1 413 905 414 1121
3408 4 2 1 1 362 361 357 1122
3409 4 2 1 1 729 990 1276 1318
3410 4 2 1 1 433 140 139 1001
3411 4 2 1 1 827 1194 1072 1251
3412 4 2 1 1 773 1102 910 1198
3413 4 2 1 1 847 1042 681 1271
3414 4 2 1 1 545 827 541 1251
3415 4 2 1 1 400 405 1007 1221
3416 4 2 1 1 787 1094 1011 1365
3417 4 2 1 1 448 81 82 1335
3418 4 2 1 1 689 921 799 1133
3419 4 2 1 1 651 1124 910 1198
3420 4 2 1 1 671 837 1058 1153
3421 4 2 1 1 150 350 1093 1229
3422 4 2 1 1 232 219 220 1246
3423 4 2 1 1 700 949 909 1096
3424 4 2 1 1 252 248 249 1269
3425 4 2 1 1 686 1014 800 1102
3426 4 2 1 1 328 329 95 947
3427 4 2 1 1 800 1102 910 1185
3428 4 2 1 1 819 959 908 1157
3429 4 2 1 1 646 1143 946 1352
3430 4 2 1 1 741 1060 782 1101
3431 4 2 1 1 717 1095 936 1266
3432 4 2 1 1 1076 1189 682 1278
3433 4 2 1 1 717 855 1095 1266
3434 4 2 1 1 628 633 632 937
3435 4 2 1 1 400 162 405 1221
3436 4 2 1 1 42 41 621 902
3437 4 2 1 1 845 992 299 1245
3438 4 2 1 1 617 943 611 1083
3439 4 2 1 1 698 894 1041 1135
3440 4 2 1 1 259 221 254 1080
3441 4 2 1 1 202 209 12 1155
3442 4 2 1 1 694 871 1109 1110
3443 4 2 1 1 659 1115 807 1210
3444 4 2 1 1 884 1084 765 1149
3445 4 2 1 1 840 881 674 1047
3446 4 2 1 1 628 629 633 863
3447 4 2 1 1 709 907 973 1150
3448 4 2 1 1 818 732 1024 1100
3449 4 2 1 1 30 513 514 803
3450 4 2 1 1 966 994 757 1225
3451 4 2 1 1 351 178 354 1127
3452 4 2 1 1 705 1216 1023 1244
3453 4 2 1 1 791 487 1112 1182
3454 4 2 1 1 439 1045 839 1228
3455 4 2 1 1 418 415 419 815
3456 4 2 1 1 704 1222 1197 1274
3457 4 2 1 1 648 960 940 1211
3458 4 2 1 1 841 1093 733 1229
3459 4 2 1 1 478 1182 855 1266
3460 4 2 1 1 534 528 529 1372
3461 4 2 1 1 171 281 1133 1254
3462 4 2 1 1 327 1005 153 1238
3463 4 2 1 1 684 927 862 1002
3464 4 2 1 1 938 1128 725 1304
3465 4 2 1 1 886 1021 694 1237
3466 4 2 1 1 1151 1229 798 1309
3467 4 2 1 1 669 869 1037 1232
3468 4 2 1 1 542 827 1072 1251
3469 4 2 1 1 1120 1176 701 1351
3470 4 2 1 1 684 959 908 1287
3471 4 2 1 1 449 450 80 1169
3472 4 2 1 1 771 1086 960 1094
3473 4 2 1 1 779 842 1085 1146
3474 4 2 1 1 780 1050 928 1325
3475 4 2 1 1 353 1093 811 1122
3476 4 2 1 1 727 911 1030 1249
3477 4 2 1 1 321 833 997 1238
3478 4 2 1 1 623 622 624 998
3479 4 2 1 1 392 394 122 1292
3480 4 2 1 1 171 172 281 1254
3481 4 2 1 1 420 810 425 1279
3482 4 2 1 1 964 995 697 1285
3483 4 2 1 1 840 721 1045 1047
3484 4 2 1 1 736 1105 882 1215
3485 4 2 1 1 860 987 647 1145
3486 4 2 1 1 410 1007 930 1184
3487 4 2 1 1 661 956 801 1267
3488 4 2 1 1 743 986 835 1197
3489 4 2 1 1 257 258 1051 1280
3490 4 2 1 1 627 1154 813 1208
3491 4 2 1 1 440 444 839 1232
3492 4 2 1 1 647 962 860 1010
3493 4 2 1 1 281 172 280 1254
3494 4 2 1 1 55 3 13 1276
3495 4 2 1 1 163 400 396 818
3496 4 2 1 1 576 858 577 1192
3497 4 2 1 1 488 1112 494 1234
3498 4 2 1 1 855 1095 820 1182
3499 4 2 1 1 514 508 509 1097
3500 4 2 1 1 659 1032 871 1137
3501 4 2 1 1 408 807 409 1103
3502 4 2 1 1 742 1128 918 1311
3503 4 2 1 1 643 942 991 1161
3504 4 2 1 1 667 931 1079 1214
3505 4 2 1 1 834 752 1175 1187
3506 4 2 1 1 543 542 1072 1251
3507 4 2 1 1 754 955 932 1308
3508 4 2 1 1 870 1290 1065 1348
3509 4 2 1 1 550 1044 545 1251
3510 4 2 1 1 694 890 1066 1248
3511 4 2 1 1 235 236 241 804
3512 4 2 1 1 222 901 221 1080
3513 4 2 1 1 546 868 547 1099
3514 4 2 1 1 844 1216 972 1244
3515 4 2 1 1 481 486 485 872
3516 4 2 1 1 800 991 899 1315
3517 4 2 1 1 458 1209 1183 1313
3518 4 2 1 1 705 1118 805 1144
3519 4 2 1 1 827 545 1044 1251
3520 4 2 1 1 707 1067 953 1202
3521 4 2 1 1 83 153 11 1005
3522 4 2 1 1 327 997 1005 1238
3523 4 2 1 1 627 630 626 813
3524 4 2 1 1 522 816 525 1337
3525 4 2 1 1 310 826 1167 1236
3526 4 2 1 1 696 914 872 1371
3527 4 2 1 1 194 160 913 1258
3528 4 2 1 1 651 986 874 1259
3529 4 2 1 1 842 722 1107 1271
3530 4 2 1 1 517 519 518 971
3531 4 2 1 1 236 804 235 1334
3532 4 2 1 1 404 409 403 807
3533 4 2 1 1 300 295 192 1167
3534 4 2 1 1 834 683 1187 1300
3535 4 2 1 1 960 1135 733 1309
3536 4 2 1 1 394 789 397 1241
3537 4 2 1 1 1048 1180 72 1321
3538 4 2 1 1 271 844 268 1273
3539 4 2 1 1 662 844 1023 1081
3540 4 2 1 1 826 673 877 1338
3541 4 2 1 1 640 1096 635 1227
3542 4 2 1 1 666 836 1068 1183
3543 4 2 1 1 818 739 1024 1221
3544 4 2 1 1 545 544 541 827
3545 4 2 1 1 794 993 645 1104
3546 4 2 1 1 371 1028 921 1332
3547 4 2 1 1 842 864 779 1329
3548 4 2 1 1 803 1154 30 1208
3549 4 2 1 1 714 896 1009 1359
3550 4 2 1 1 647 987 1042 1341
3551 4 2 1 1 867 1024 732 1089
3552 4 2 1 1 1151 1232 839 1309
3553 4 2 1 1 51 830 586 1192
3554 4 2 1 1 758 866 1214 1305
3555 4 2 1 1 665 1063 1157 1176
3556 4 2 1 1 483 479 820 1182
3557 4 2 1 1 610 609 606 853
3558 4 2 1 1 676 1094 1011 1310
3559 4 2 1 1 473 917 1180 1350
3560 4 2 1 1 556 550 551 838
3561 4 2 1 1 676 1046 825 1336
3562 4 2 1 1 500 497 498 1164
3563 4 2 1 1 711 928 1050 1325
3564 4 2 1 1 1197 1222 776 1274
3565 4 2 1 1 1006 1087 714 1359
3566 4 2 1 1 724 1141 974 1323
3567 4 2 1 1 855 1195 478 1266
3568 4 2 1 1 891 1247 1165 1363
3569 4 2 1 1 651 1185 910 1259
3570 4 2 1 1 651 893 1124 1198
3571 4 2 1 1 169 952 384 1178
3572 4 2 1 1 824 1033 376 1239
3573 4 2 1 1 659 1110 807 1115
3574 4 2 1 1 520 1071 521 1337
3575 4 2 1 1 201 216 223 988
3576 4 2 1 1 425 420 421 810
3577 4 2 1 1 844 1156 1081 1273
3578 4 2 1 1 741 951 1101 1339
3579 4 2 1 1 764 1038 970 1335
3580 4 2 1 1 177 1231 1127 1345
3581 4 2 1 1 766 894 1129 1352
3582 4 2 1 1 835 1197 986 1222
3583 4 2 1 1 706 922 997 1124
3584 4 2 1 1 912 965 675 1163
3585 4 2 1 1 519 94 522 1136
3586 4 2 1 1 586 51 583 830
3587 4 2 1 1 294 845 299 1245
3588 4 2 1 1 236 231 1246 1334
3589 4 2 1 1 644 967 802 1148
3590 4 2 1 1 646 1011 832 1057
3591 4 2 1 1 878 987 647 1341
3592 4 2 1 1 466 471 465 849
3593 4 2 1 1 522 93 526 1136
3594 4 2 1 1 699 998 813 1208
3595 4 2 1 1 820 1055 713 1112
3596 4 2 1 1 424 429 1091 1279
3597 4 2 1 1 855 664 1182 1371
3598 4 2 1 1 247 250 219 1305
3599 4 2 1 1 644 802 967 1053
3600 4 2 1 1 179 977 180 1080
3601 4 2 1 1 646 983 1041 1252
3602 4 2 1 1 655 871 1066 1278
3603 4 2 1 1 798 1232 1151 1309
3604 4 2 1 1 439 839 444 1228
3605 4 2 1 1 227 1235 931 1334
3606 4 2 1 1 234 240 239 1078
3607 4 2 1 1 260 255 261 1012
3608 4 2 1 1 905 920 736 1260
3609 4 2 1 1 669 960 1218 1309
3610 4 2 1 1 584 848 588 1290
3611 4 2 1 1 653 781 981 1152
3612 4 2 1 1 656 916 1076 1196
3613 4 2 1 1 870 591 1290 1348
3614 4 2 1 1 670 830 1065 1290
3615 4 2 1 1 302 1270 301 1331
3616 4 2 1 1 1072 1194 868 1251
3617 4 2 1 1 729 1098 848 1318
3618 4 2 1 1 436 439 142 1045
3619 4 2 1 1 649 999 906 1367
3620 4 2 1 1 673 826 877 1304
3621 4 2 1 1 422 427 105 966
3622 4 2 1 1 705 989 975 1311
3623 4 2 1 1 696 872 1174 1371
3624 4 2 1 1 847 1018 681 1265
3625 4 2 1 1 795 957 654 1284
3626 4 2 1 1 817 662 1043 1273
3627 4 2 1 1 565 1022 925 1328
3628 4 2 1 1 747 920 913 1258
3629 4 2 1 1 649 875 1009 1170
3630 4 2 1 1 796 1158 860 1257
3631 4 2 1 1 479 820 1182 1266
3632 4 2 1 1 882 1105 1069 1215
3633 4 2 1 1 704 961 810 1197
3634 4 2 1 1 523 831 982 1295
3635 4 2 1 1 781 681 1061 1152
3636 4 2 1 1 50 51 577 1247
3637 4 2 1 1 737 863 1114 1286
3638 4 2 1 1 478 1195 113 1266
3639 4 2 1 1 683 957 1013 1284
3640 4 2 1 1 546 868 1099 1251
3641 4 2 1 1 331 846 334 1136
3642 4 2 1 1 849 1048 731 1180
3643 4 2 1 1 665 1157 1063 1212
3644 4 2 1 1 256 828 255 1269
3645 4 2 1 1 707 821 1178 1277
3646 4 2 1 1 485 872 490 1301
3647 4 2 1 1 391 393 919 1270
3648 4 2 1 1 649 1140 875 1170
3649 4 2 1 1 142 143 345 1045
3650 4 2 1 1 552 1099 964 1326
3651 4 2 1 1 684 899 862 1264
3652 4 2 1 1 426 432 961 1005
3653 4 2 1 1 380 1033 951 1239
3654 4 2 1 1 602 1038 896 1256
3655 4 2 1 1 647 1008 962 1010
3656 4 2 1 1 688 994 966 1225
3657 4 2 1 1 780 910 1185 1291
3658 4 2 1 1 654 957 785 1284
3659 4 2 1 1 477 475 123 1292
3660 4 2 1 1 711 804 1079 1291
3661 4 2 1 1 645 976 808 1224
3662 4 2 1 1 493 1112 488 1234
3663 4 2 1 1 388 387 843 1261
3664 4 2 1 1 705 1311 975 1369
3665 4 2 1 1 904 278 1262 1277
3666 4 2 1 1 648 928 960 1211
3667 4 2 1 1 832 1310 1129 1336
3668 4 2 1 1 617 25 616 943
3669 4 2 1 1 198 1016 229 1281
3670 4 2 1 1 320 316 321 833
3671 4 2 1 1 321 326 833 1238
3672 4 2 1 1 667 851 1079 1325
3673 4 2 1 1 654 907 973 1260
3674 4 2 1 1 445 1169 444 1232
3675 4 2 1 1 519 518 971 1071
3676 4 2 1 1 753 1076 916 1196
3677 4 2 1 1 671 1082 1004 1123
3678 4 2 1 1 740 1044 950 1302
3679 4 2 1 1 741 914 782 1371
3680 4 2 1 1 289 822 292 1217
3681 4 2 1 1 675 858 1163 1362
3682 4 2 1 1 1236 1304 938 1346
3683 4 2 1 1 178 179 260 1127
3684 4 2 1 1 682 1020 862 1173
3685 4 2 1 1 656 883 1125 1196
3686 4 2 1 1 646 1057 832 1352
3687 4 2 1 1 846 881 674 1361
3688 4 2 1 1 478 482 481 1182
3689 4 2 1 1 871 1032 752 1137
3690 4 2 1 1 674 1050 928 1204
3691 4 2 1 1 603 606 605 1226
3692 4 2 1 1 681 1161 847 1271
3693 4 2 1 1 467 462 463 836
3694 4 2 1 1 606 853 609 1153
3695 4 2 1 1 627 631 813 1154
3696 4 2 1 1 513 31 512 1208
3697 4 2 1 1 928 1050 780 1204
3698 4 2 1 1 483 1112 487 1182
3699 4 2 1 1 662 817 1244 1273
3700 4 2 1 1 661 956 900 1274
3701 4 2 1 1 298 297 1245 1331
3702 4 2 1 1 816 1030 1219 1303
3703 4 2 1 1 303 298 867 1331
3704 4 2 1 1 445 869 450 1169
3705 4 2 1 1 151 433 152 968
3706 4 2 1 1 900 956 776 1274
3707 4 2 1 1 732 834 1100 1340
3708 4 2 1 1 646 1011 787 1310
3709 4 2 1 1 874 959 651 1185
3710 4 2 1 1 643 1018 941 1020
3711 4 2 1 1 93 1219 1136 1263
3712 4 2 1 1 120 489 484 1241
3713 4 2 1 1 699 803 1029 1248
3714 4 2 1 1 799 657 1067 1202
3715 4 2 1 1 97 98 930 1306
3716 4 2 1 1 615 902 620 1243
3717 4 2 1 1 212 1216 844 1280
3718 4 2 1 1 729 929 1234 1276
3719 4 2 1 1 772 1157 1063 1176
3720 4 2 1 1 821 1043 662 1273
3721 4 2 1 1 646 1310 894 1352
3722 4 2 1 1 663 1251 827 1355
3723 4 2 1 1 240 804 241 1233
3724 4 2 1 1 360 859 366 1327
3725 4 2 1 1 665 801 1157 1212
3726 4 2 1 1 677 967 784 1148
3727 4 2 1 1 705 805 1023 1216
3728 4 2 1 1 424 1091 423 1279
3729 4 2 1 1 839 1045 436 1151
3730 4 2 1 1 511 506 890 1021
3731 4 2 1 1 714 1072 827 1194
3732 4 2 1 1 541 827 544 1188
3733 4 2 1 1 784 967 677 1341
3734 4 2 1 1 803 1097 879 1250
3735 4 2 1 1 645 808 1004 1224
3736 4 2 1 1 765 1116 884 1149
3737 4 2 1 1 641 1096 909 1227
3738 4 2 1 1 646 787 1011 1252
3739 4 2 1 1 1183 1209 1068 1313
3740 4 2 1 1 39 38 1203 1372
3741 4 2 1 1 804 1078 235 1334
3742 4 2 1 1 912 976 783 1288
3743 4 2 1 1 732 834 1024 1100
3744 4 2 1 1 800 1185 910 1198
3745 4 2 1 1 114 478 855 1195
3746 4 2 1 1 701 1171 809 1351
3747 4 2 1 1 674 881 846 1330
3748 4 2 1 1 648 1086 825 1107
3749 4 2 1 1 413 109 412 905
3750 4 2 1 1 688 1225 879 1250
3751 4 2 1 1 196 238 195 997
3752 4 2 1 1 935 1179 728 1362
3753 4 2 1 1 62 63 558 995
3754 4 2 1 1 295 299 294 845
3755 4 2 1 1 670 1065 870 1290
3756 4 2 1 1 634 635 1096 1201
3757 4 2 1 1 601 896 602 1038
3758 4 2 1 1 416 414 417 1121
3759 4 2 1 1 257 1051 263 1345
3760 4 2 1 1 683 1013 795 1284
3761 4 2 1 1 645 912 976 1289
3762 4 2 1 1 338 339 923 1263
3763 4 2 1 1 792 1016 226 1307
3764 4 2 1 1 830 670 1165 1290
3765 4 2 1 1 807 1115 1110 1237
3766 4 2 1 1 856 1076 682 1278
3767 4 2 1 1 388 382 383 843
3768 4 2 1 1 276 281 275 1156
3769 4 2 1 1 797 984 744 989
3770 4 2 1 1 375 379 799 1178
3771 4 2 1 1 692 1043 817 1138
3772 4 2 1 1 685 1116 814 1173
3773 4 2 1 1 653 1026 857 1175
3774 4 2 1 1 605 604 602 896
3775 4 2 1 1 136 456 137 1332
3776 4 2 1 1 650 801 994 1063
3777 4 2 1 1 804 1059 241 1233
3778 4 2 1 1 756 1031 1017 1347
3779 4 2 1 1 1004 1123 761 1147
3780 4 2 1 1 232 231 931 1246
3781 4 2 1 1 54 595 19 955
3782 4 2 1 1 784 1077 677 1148
3783 4 2 1 1 898 1049 773 1088
3784 4 2 1 1 670 887 1149 1200
3785 4 2 1 1 195 153 327 997
3786 4 2 1 1 65 1302 1022 1328
3787 4 2 1 1 693 1123 1004 1147
3788 4 2 1 1 197 198 229 1281
3789 4 2 1 1 694 806 1031 1103
3790 4 2 1 1 550 549 545 1044
3791 4 2 1 1 707 981 781 1253
3792 4 2 1 1 898 725 1128 1304
3793 4 2 1 1 654 1017 883 1160
3794 4 2 1 1 462 836 1183 1209
3795 4 2 1 1 341 347 346 840
3796 4 2 1 1 310 826 313 1167
3797 4 2 1 1 1017 1031 691 1347
3798 4 2 1 1 679 823 1014 1315
3799 4 2 1 1 729 1084 884 1119
3800 4 2 1 1 859 1056 720 1181
3801 4 2 1 1 251 250 247 866
3802 4 2 1 1 649 1009 1006 1070
3803 4 2 1 1 676 825 1086 1336
3804 4 2 1 1 888 979 690 1027
3805 4 2 1 1 371 921 373 1332
3806 4 2 1 1 668 822 1245 1323
3807 4 2 1 1 991 1161 942 1315
3808 4 2 1 1 679 954 1117 1264
3809 4 2 1 1 168 384 169 952
3810 4 2 1 1 777 985 901 1080
3811 4 2 1 1 959 986 835 1162
3812 4 2 1 1 473 1180 467 1350
3813 4 2 1 1 556 1022 838 1326
3814 4 2 1 1 763 926 904 1364
3815 4 2 1 1 829 701 1030 1303
3816 4 2 1 1 627 30 1154 1208
3817 4 2 1 1 235 241 240 804
3818 4 2 1 1 124 475 111 936
3819 4 2 1 1 790 682 1189 1278
3820 4 2 1 1 520 524 831 1337
3821 4 2 1 1 693 1090 837 1123
3822 4 2 1 1 671 809 1171 1351
3823 4 2 1 1 830 1065 1290 1349
3824 4 2 1 1 289 290 822 1375
3825 4 2 1 1 644 1025 1179 1339
3826 4 2 1 1 294 291 845 1141
3827 4 2 1 1 914 1174 696 1282
3828 4 2 1 1 677 1077 1057 1148
3829 4 2 1 1 300 306 913 1343
3830 4 2 1 1 723 1185 874 1204
3831 4 2 1 1 292 205 1075 1217
3832 4 2 1 1 212 844 271 1280
3833 4 2 1 1 552 964 557 1326
3834 4 2 1 1 938 974 774 1128
3835 4 2 1 1 270 273 817 1262
3836 4 2 1 1 654 785 957 1117
3837 4 2 1 1 809 1120 701 1351
3838 4 2 1 1 318 1338 882 1344
3839 4 2 1 1 848 1165 670 1290
3840 4 2 1 1 704 1105 893 1222
3841 4 2 1 1 665 1052 801 1212
3842 4 2 1 1 131 469 1036 1039
3843 4 2 1 1 542 545 541 1251
3844 4 2 1 1 785 957 683 1284
3845 4 2 1 1 234 239 233 1078
3846 4 2 1 1 149 442 438 1213
3847 4 2 1 1 661 801 1220 1267
3848 4 2 1 1 248 866 247 1144
3849 4 2 1 1 421 1069 810 1215
3850 4 2 1 1 483 820 1112 1182
3851 4 2 1 1 730 1023 844 1081
3852 4 2 1 1 707 799 1067 1202
3853 4 2 1 1 647 987 878 1145
3854 4 2 1 1 746 1037 869 1314
3855 4 2 1 1 808 976 718 1224
3856 4 2 1 1 664 1064 934 1174
3857 4 2 1 1 75 559 995 1036
3858 4 2 1 1 387 386 1033 1261
3859 4 2 1 1 649 1006 875 1140
3860 4 2 1 1 645 979 980 1104
3861 4 2 1 1 795 1013 957 1284
3862 4 2 1 1 987 1265 1042 1341
3863 4 2 1 1 732 919 818 1270
3864 4 2 1 1 1023 1216 844 1244
3865 4 2 1 1 522 525 521 1337
3866 4 2 1 1 666 1068 850 1183
3867 4 2 1 1 810 704 1197 1274
3868 4 2 1 1 641 640 635 1227
3869 4 2 1 1 666 1068 836 1358
3870 4 2 1 1 1028 1283 751 1360
3871 4 2 1 1 647 1042 864 1356
3872 4 2 1 1 866 805 1118 1144
3873 4 2 1 1 695 860 1158 1257
3874 4 2 1 1 56 594 57 1318
3875 4 2 1 1 243 237 901 1223
3876 4 2 1 1 662 1244 844 1273
3877 4 2 1 1 697 983 892 1252
3878 4 2 1 1 646 787 1041 1310
3879 4 2 1 1 612 608 613 1083
3880 4 2 1 1 735 878 1068 1126
3881 4 2 1 1 373 824 135 1332
3882 4 2 1 1 291 288 190 1141
3883 4 2 1 1 662 817 1043 1138
3884 4 2 1 1 911 1038 537 1256
3885 4 2 1 1 264 903 258 1373
3886 4 2 1 1 501 500 498 1191
3887 4 2 1 1 651 986 1124 1222
3888 4 2 1 1 559 560 995 1297
3889 4 2 1 1 132 951 117 1275
3890 4 2 1 1 627 631 630 813
3891 4 2 1 1 819 1170 649 1249
3892 4 2 1 1 874 710 986 1162
3893 4 2 1 1 493 58 1098 1234
3894 4 2 1 1 860 962 695 1010
3895 4 2 1 1 518 85 84 1312
3896 4 2 1 1 759 997 922 1124
3897 4 2 1 1 672 1135 841 1370
3898 4 2 1 1 647 1008 1010 1126
3899 4 2 1 1 662 1081 864 1253
3900 4 2 1 1 873 1125 703 1191
3901 4 2 1 1 588 848 584 1363
3902 4 2 1 1 983 1166 787 1252
3903 4 2 1 1 710 874 986 1259
3904 4 2 1 1 368 362 363 876
3905 4 2 1 1 424 429 423 1091
3906 4 2 1 1 426 421 155 1069
3907 4 2 1 1 1050 1291 711 1325
3908 4 2 1 1 688 916 1225 1250
3909 4 2 1 1 706 1016 1088 1281
3910 4 2 1 1 717 1060 855 1195
3911 4 2 1 1 787 1041 983 1252
3912 4 2 1 1 379 378 375 799
3913 4 2 1 1 725 1307 988 1346
3914 4 2 1 1 734 1124 910 1259
3915 4 2 1 1 406 886 1021 1298
3916 4 2 1 1 744 1118 866 1214
3917 4 2 1 1 784 677 1077 1341
3918 4 2 1 1 33 622 13 889
3919 4 2 1 1 49 578 579 935
3920 4 2 1 1 370 921 371 1028
3921 4 2 1 1 1048 1106 702 1255
3922 4 2 1 1 651 959 954 1287
3923 4 2 1 1 847 681 1042 1265
3924 4 2 1 1 97 411 160 930
3925 4 2 1 1 711 1291 1079 1325
3926 4 2 1 1 91 911 531 1219
3927 4 2 1 1 398 397 394 789
3928 4 2 1 1 907 1105 673 1190
3929 4 2 1 1 556 555 550 838
3930 4 2 1 1 260 259 1012 1080
3931 4 2 1 1 555 550 838 1302
3932 4 2 1 1 799 1133 375 1178
3933 4 2 1 1 967 1293 775 1341
3934 4 2 1 1 421 810 417 1215
3935 4 2 1 1 696 1174 914 1371
3936 4 2 1 1 650 916 994 1267
3937 4 2 1 1 394 121 1092 1241
3938 4 2 1 1 485 491 490 872
3939 4 2 1 1 785 1020 682 1189
3940 4 2 1 1 50 577 1207 1247
3941 4 2 1 1 651 910 1124 1259
3942 4 2 1 1 252 249 253 805
3943 4 2 1 1 804 1223 1079 1246
3944 4 2 1 1 423 1091 815 1279
3945 4 2 1 1 671 1004 1058 1123
3946 4 2 1 1 189 188 307 938
3947 4 2 1 1 562 560 563 852
3948 4 2 1 1 451 452 78 1314
3949 4 2 1 1 568 897 564 1048
3950 4 2 1 1 648 1325 851 1354
3951 4 2 1 1 688 1196 916 1250
3952 4 2 1 1 44 606 45 1226
3953 4 2 1 1 214 275 280 1156
3954 4 2 1 1 672 811 1056 1158
3955 4 2 1 1 673 1049 898 1088
3956 4 2 1 1 984 1088 773 1296
3957 4 2 1 1 391 165 393 1270
3958 4 2 1 1 667 1102 910 1296
3959 4 2 1 1 855 1182 872 1371
3960 4 2 1 1 716 828 1127 1257
3961 4 2 1 1 88 89 427 966
3962 4 2 1 1 96 517 83 971
3963 4 2 1 1 700 1250 786 1316
3964 4 2 1 1 731 897 1048 1106
3965 4 2 1 1 312 198 316 1016
3966 4 2 1 1 733 798 1135 1229
3967 4 2 1 1 741 1101 914 1339
3968 4 2 1 1 861 743 1052 1197
3969 4 2 1 1 233 238 196 922
3970 4 2 1 1 927 956 684 1264
3971 4 2 1 1 694 871 1066 1109
3972 4 2 1 1 559 62 75 995
3973 4 2 1 1 112 475 476 936
3974 4 2 1 1 915 1063 726 1351
3975 4 2 1 1 831 1295 520 1312
3976 4 2 1 1 796 1085 842 1107
3977 4 2 1 1 422 428 427 1091
3978 4 2 1 1 735 1209 836 1332
3979 4 2 1 1 438 442 441 798
3980 4 2 1 1 244 1144 975 1369
3981 4 2 1 1 722 1046 1107 1271
3982 4 2 1 1 347 341 342 840
3983 4 2 1 1 748 865 1062 1194
3984 4 2 1 1 290 1141 822 1375
3985 4 2 1 1 645 976 912 1288
3986 4 2 1 1 215 948 173 1283
3987 4 2 1 1 493 492 487 791
3988 4 2 1 1 424 861 429 1279
3989 4 2 1 1 844 1156 271 1280
3990 4 2 1 1 476 936 475 1266
3991 4 2 1 1 832 933 677 1057
3992 4 2 1 1 861 961 743 1197
3993 4 2 1 1 736 900 1160 1260
3994 4 2 1 1 713 1055 934 1317
3995 4 2 1 1 684 1002 908 1157
3996 4 2 1 1 279 207 285 904
3997 4 2 1 1 925 570 1328 1353
3998 4 2 1 1 848 670 1119 1290
3999 4 2 1 1 44 610 853 1188
4000 4 2 1 1 58 492 493 1098
4001 4 2 1 1 654 785 1268 1284
4002 4 2 1 1 938 974 724 1236
4003 4 2 1 1 701 829 1030 1176
4004 4 2 1 1 661 861 1052 1197
4005 4 2 1 1 731 1180 1048 1321
4006 4 2 1 1 662 817 1138 1244
4007 4 2 1 1 726 1120 1176 1372
4008 4 2 1 1 774 974 1155 1311
4009 4 2 1 1 482 1182 478 1266
4010 4 2 1 1 660 814 1142 1172
4011 4 2 1 1 271 268 272 1273
4012 4 2 1 1 881 715 923 1330
4013 4 2 1 1 535 1120 829 1303
4014 4 2 1 1 695 828 1051 1257
4015 4 2 1 1 203 286 287 1375
4016 4 2 1 1 95 329 94 1357
4017 4 2 1 1 388 843 1195 1261
4018 4 2 1 1 718 1087 827 1355
4019 4 2 1 1 346 345 340 881
4020 4 2 1 1 840 1045 881 1047
4021 4 2 1 1 140 433 434 968
4022 4 2 1 1 253 805 249 1280
4023 4 2 1 1 676 1011 832 1310
4024 4 2 1 1 671 1171 915 1351
4025 4 2 1 1 772 915 1171 1351
4026 4 2 1 1 382 388 387 843
4027 4 2 1 1 93 1136 334 1263
4028 4 2 1 1 376 135 373 824
4029 4 2 1 1 765 934 1064 1174
4030 4 2 1 1 664 857 1060 1095
4031 4 2 1 1 846 1357 335 1361
4032 4 2 1 1 142 143 1045 1228
4033 4 2 1 1 853 1153 1058 1243
4034 4 2 1 1 65 562 565 1022
4035 4 2 1 1 727 816 1030 1219
4036 4 2 1 1 937 1286 737 1322
4037 4 2 1 1 934 1055 713 1137
4038 4 2 1 1 870 1119 670 1290
4039 4 2 1 1 310 1167 191 1236
4040 4 2 1 1 194 160 306 913
4041 4 2 1 1 665 1030 829 1176
4042 4 2 1 1 416 413 414 1121
4043 4 2 1 1 1058 1153 837 1243
4044 4 2 1 1 937 1019 637 1322
4045 4 2 1 1 784 1293 967 1341
4046 4 2 1 1 875 1006 778 1140
4047 4 2 1 1 611 1083 943 1203
4048 4 2 1 1 269 817 273 1273
4049 4 2 1 1 369 175 174 1360
4050 4 2 1 1 268 844 212 1216
4051 4 2 1 1 731 849 1054 1255
4052 4 2 1 1 692 981 904 1043
4053 4 2 1 1 586 830 587 1290
4054 4 2 1 1 231 227 931 1334
4055 4 2 1 1 656 806 1031 1248
4056 4 2 1 1 683 1032 834 1187
4057 4 2 1 1 540 538 81 970
4058 4 2 1 1 822 1141 1323 1375
4059 4 2 1 1 132 133 385 951
4060 4 2 1 1 505 504 501 793
4061 4 2 1 1 870 598 1324 1374
4062 4 2 1 1 461 1183 850 1313
4063 4 2 1 1 803 699 1029 1208
4064 4 2 1 1 460 457 850 1240
4065 4 2 1 1 320 321 326 833
4066 4 2 1 1 708 917 1239 1350
4067 4 2 1 1 683 834 1013 1300
4068 4 2 1 1 277 821 276 1273
4069 4 2 1 1 105 966 104 1186
4070 4 2 1 1 661 810 1197 1274
4071 4 2 1 1 65 66 1302 1328
4072 4 2 1 1 921 1028 370 1254
4073 4 2 1 1 786 949 700 1316
4074 4 2 1 1 659 1024 834 1100
4075 4 2 1 1 668 845 1150 1323
4076 4 2 1 1 498 873 109 1191
4077 4 2 1 1 462 1183 458 1209
4078 4 2 1 1 808 1193 1087 1355
4079 4 2 1 1 817 1075 270 1262
4080 4 2 1 1 917 1025 708 1339
4081 4 2 1 1 720 1181 1145 1199
4082 4 2 1 1 688 966 1186 1225
4083 4 2 1 1 727 1030 911 1219
4084 4 2 1 1 907 709 973 1260
4085 4 2 1 1 677 802 967 1148
4086 4 2 1 1 801 994 749 1220
4087 4 2 1 1 737 937 863 1286
4088 4 2 1 1 820 1055 687 1092
4089 4 2 1 1 752 1055 934 1137
4090 4 2 1 1 303 867 304 1221
4091 4 2 1 1 289 290 293 822
4092 4 2 1 1 423 815 419 1279
4093 4 2 1 1 571 858 576 1353
4094 4 2 1 1 104 105 427 966
4095 4 2 1 1 637 937 638 1019
4096 4 2 1 1 149 841 355 1213
4097 4 2 1 1 17 1286 632 1322
4098 4 2 1 1 695 1010 876 1056
4099 4 2 1 1 811 1093 977 1370
4100 4 2 1 1 887 728 1165 1179
4101 4 2 1 1 911 1219 1030 1303
4102 4 2 1 1 619 618 613 837
4103 4 2 1 1 951 1033 708 1239
4104 4 2 1 1 366 360 361 859
4105 4 2 1 1 718 808 1087 1355
4106 4 2 1 1 1034 1101 784 1293
4107 4 2 1 1 656 1031 806 1125
4108 4 2 1 1 510 1111 106 1186
4109 4 2 1 1 757 1074 966 1342
4110 4 2 1 1 714 827 1087 1194
4111 4 2 1 1 749 1091 861 1220
4112 4 2 1 1 409 99 100 1184
4113 4 2 1 1 803 656 1029 1248
4114 4 2 1 1 724 974 938 1128
4115 4 2 1 1 417 421 420 810
4116 4 2 1 1 535 829 529 1303
4117 4 2 1 1 751 903 876 1360
4118 4 2 1 1 289 293 292 822
4119 4 2 1 1 741 951 1033 1101
4120 4 2 1 1 572 1207 897 1321
4121 4 2 1 1 833 997 706 1281
4122 4 2 1 1 859 963 738 1327
4123 4 2 1 1 706 792 1078 1296
4124 4 2 1 1 289 292 205 1075
4125 4 2 1 1 831 982 829 1337
4126 4 2 1 1 374 373 371 921
4127 4 2 1 1 707 781 1067 1253
4128 4 2 1 1 832 1129 722 1336
4129 4 2 1 1 677 1265 987 1341
4130 4 2 1 1 262 261 256 828
4131 4 2 1 1 761 1147 949 1172
4132 4 2 1 1 891 1165 728 1179
4133 4 2 1 1 364 963 365 1039
4134 4 2 1 1 440 839 1151 1232
4135 4 2 1 1 289 292 1075 1217
4136 4 2 1 1 453 969 447 1319
4137 4 2 1 1 369 363 175 876
4138 4 2 1 1 226 227 230 792
4139 4 2 1 1 232 236 231 1246
4140 4 2 1 1 464 460 465 958
4141 4 2 1 1 399 395 396 1115
4142 4 2 1 1 792 1235 227 1334
4143 4 2 1 1 668 1245 845 1323
4144 4 2 1 1 35 537 1038 1256
4145 4 2 1 1 751 1010 1008 1126
4146 4 2 1 1 33 622 889 1113
4147 4 2 1 1 527 523 982 1295
4148 4 2 1 1 354 358 357 1231
4149 4 2 1 1 380 951 385 1239
4150 4 2 1 1 925 1022 852 1130
4151 4 2 1 1 511 1021 890 1113
4152 4 2 1 1 673 826 1177 1190
4153 4 2 1 1 520 521 524 1337
4154 4 2 1 1 679 1117 785 1264
4155 4 2 1 1 660 1147 794 1172
4156 4 2 1 1 738 850 958 1199
4157 4 2 1 1 766 1129 894 1181
4158 4 2 1 1 944 653 1152 1300
4159 4 2 1 1 640 639 634 788
4160 4 2 1 1 887 1053 765 1149
4161 4 2 1 1 698 1041 894 1143
4162 4 2 1 1 892 983 697 1285
4163 4 2 1 1 224 1235 227 1307
4164 4 2 1 1 655 1066 856 1278
4165 4 2 1 1 690 933 888 1027
4166 4 2 1 1 505 106 510 1111
4167 4 2 1 1 867 1245 1089 1331
4168 4 2 1 1 675 925 852 1130
4169 4 2 1 1 652 1128 989 1311
4170 4 2 1 1 707 1043 981 1253
4171 4 2 1 1 1098 1234 58 1318
4172 4 2 1 1 689 799 1067 1133
4173 4 2 1 1 141 436 1045 1151
4174 4 2 1 1 404 399 1007 1115
4175 4 2 1 1 279 904 278 1262
4176 4 2 1 1 264 263 258 903
4177 4 2 1 1 919 1040 687 1292
4178 4 2 1 1 778 1006 865 1365
4179 4 2 1 1 312 1016 877 1346
4180 4 2 1 1 673 1088 898 1304
4181 4 2 1 1 635 630 631 1096
4182 4 2 1 1 300 193 306 1343
4183 4 2 1 1 194 1258 913 1343
4184 4 2 1 1 410 411 98 930
4185 4 2 1 1 515 514 509 879
4186 4 2 1 1 586 587 591 1290
4187 4 2 1 1 636 1096 631 1154
4188 4 2 1 1 866 744 1214 1305
4189 4 2 1 1 407 102 406 1021
4190 4 2 1 1 695 1056 876 1231
4191 4 2 1 1 256 261 255 828
4192 4 2 1 1 885 1139 846 1357
4193 4 2 1 1 510 515 879 1186
4194 4 2 1 1 733 1135 940 1370
4195 4 2 1 1 935 1207 573 1321
4196 4 2 1 1 923 1249 727 1330
4197 4 2 1 1 681 1146 1161 1271
4198 4 2 1 1 679 942 823 1315
4199 4 2 1 1 682 1020 790 1189
4200 4 2 1 1 761 1131 854 1172
4201 4 2 1 1 568 897 1048 1321
4202 4 2 1 1 644 1025 784 1148
4203 4 2 1 1 742 895 1244 1311
4204 4 2 1 1 25 642 26 909
4205 4 2 1 1 39 533 38 1372
4206 4 2 1 1 741 782 1060 1371
4207 4 2 1 1 445 450 444 1169
4208 4 2 1 1 731 935 917 1321
4209 4 2 1 1 665 1030 819 1162
4210 4 2 1 1 248 251 866 1269
4211 4 2 1 1 403 807 408 1237
4212 4 2 1 1 811 695 1056 1158
4213 4 2 1 1 548 1044 950 1368
4214 4 2 1 1 321 997 833 1281
4215 4 2 1 1 435 1151 968 1229
4216 4 2 1 1 663 1087 1193 1355
4217 4 2 1 1 927 956 753 1267
4218 4 2 1 1 408 403 409 807
4219 4 2 1 1 355 149 352 841
4220 4 2 1 1 429 424 430 861
4221 4 2 1 1 885 1357 846 1361
4222 4 2 1 1 736 1105 907 1190
4223 4 2 1 1 792 725 1016 1307
4224 4 2 1 1 228 931 227 1235
4225 4 2 1 1 790 1187 1032 1189
4226 4 2 1 1 648 851 1107 1354
4227 4 2 1 1 732 1040 919 1270
4228 4 2 1 1 652 823 1014 1299
4229 4 2 1 1 14 622 623 889
4230 4 2 1 1 1083 1203 809 1351
4231 4 2 1 1 304 867 992 1221
4232 4 2 1 1 649 1140 999 1365
4233 4 2 1 1 494 929 56 1234
4234 4 2 1 1 1109 1110 871 1137
4235 4 2 1 1 741 872 1301 1371
4236 4 2 1 1 748 1070 978 1168
4237 4 2 1 1 786 1250 1029 1316
4238 4 2 1 1 756 1189 1076 1278
4239 4 2 1 1 603 601 46 1226
4240 4 2 1 1 476 475 477 1266
4241 4 2 1 1 259 254 1012 1080
4242 4 2 1 1 548 1188 1044 1368
4243 4 2 1 1 439 440 444 839
4244 4 2 1 1 248 247 245 1144
4245 4 2 1 1 142 1045 439 1228
4246 4 2 1 1 692 904 981 1230
4247 4 2 1 1 820 1095 855 1266
4248 4 2 1 1 818 1024 867 1221
4249 4 2 1 1 972 1216 266 1369
4250 4 2 1 1 610 606 44 853
4251 4 2 1 1 1057 1077 770 1148
4252 4 2 1 1 614 1153 609 1243
4253 4 2 1 1 767 1129 894 1310
4254 4 2 1 1 904 981 707 1043
4255 4 2 1 1 35 1038 602 1256
4256 4 2 1 1 344 338 339 923
4257 4 2 1 1 656 1125 793 1196
4258 4 2 1 1 849 1048 702 1255
4259 4 2 1 1 458 1183 461 1313
4260 4 2 1 1 294 1141 845 1245
4261 4 2 1 1 592 870 591 1290
4262 4 2 1 1 731 1048 897 1321
4263 4 2 1 1 834 944 1013 1300
4264 4 2 1 1 548 549 554 1044
4265 4 2 1 1 404 399 400 1007
4266 4 2 1 1 890 1113 699 1208
4267 4 2 1 1 716 1127 811 1158
4268 4 2 1 1 538 970 540 1072
4269 4 2 1 1 934 1294 1109 1317
4270 4 2 1 1 410 930 98 1184
4271 4 2 1 1 907 1049 769 1177
4272 4 2 1 1 241 1059 804 1223
4273 4 2 1 1 351 350 977 1093
4274 4 2 1 1 844 1023 730 1280
4275 4 2 1 1 944 981 653 1230
4276 4 2 1 1 1085 1146 842 1271
4277 4 2 1 1 894 1129 672 1181
4278 4 2 1 1 653 1230 1206 1340
4279 4 2 1 1 372 921 370 1254
4280 4 2 1 1 520 831 523 1295
4281 4 2 1 1 791 1098 696 1174
4282 4 2 1 1 691 1031 883 1125
4283 4 2 1 1 823 681 1161 1333
4284 4 2 1 1 672 1122 811 1370
4285 4 2 1 1 437 1151 435 1229
4286 4 2 1 1 911 1030 701 1303
4287 4 2 1 1 687 1040 936 1292
4288 4 2 1 1 665 831 1052 1212
4289 4 2 1 1 440 1151 437 1232
4290 4 2 1 1 136 1209 456 1332
4291 4 2 1 1 114 855 481 1261
4292 4 2 1 1 780 1291 1050 1325
4293 4 2 1 1 953 1067 657 1202
4294 4 2 1 1 693 993 1004 1224
4295 4 2 1 1 565 65 1022 1328
4296 4 2 1 1 659 1110 789 1137
4297 4 2 1 1 511 890 512 1113
4298 4 2 1 1 312 316 315 877
4299 4 2 1 1 591 870 597 1348
4300 4 2 1 1 248 251 247 866
4301 4 2 1 1 502 499 503 806
4302 4 2 1 1 632 937 637 1322
4303 4 2 1 1 114 113 478 1195
4304 4 2 1 1 698 963 841 1213
4305 4 2 1 1 686 991 1161 1271
4306 4 2 1 1 795 654 1017 1284
4307 4 2 1 1 742 1155 974 1311
4308 4 2 1 1 720 1068 850 1199
4309 4 2 1 1 729 1234 1098 1318
4310 4 2 1 1 839 1169 869 1232
4311 4 2 1 1 727 1030 819 1249
4312 4 2 1 1 625 998 863 1324
4313 4 2 1 1 585 848 588 1363
4314 4 2 1 1 906 1047 771 1204
4315 4 2 1 1 672 811 1158 1370
4316 4 2 1 1 42 553 41 1368
4317 4 2 1 1 648 1107 825 1354
4318 4 2 1 1 86 429 861 1295
4319 4 2 1 1 612 607 1083 1203
4320 4 2 1 1 934 1109 713 1317
4321 4 2 1 1 603 602 601 896
4322 4 2 1 1 595 1348 955 1349
4323 4 2 1 1 385 117 132 951
4324 4 2 1 1 718 976 808 1355
4325 4 2 1 1 726 1203 1120 1372
4326 4 2 1 1 800 723 1185 1287
4327 4 2 1 1 994 1108 757 1225
4328 4 2 1 1 916 927 753 1267
4329 4 2 1 1 426 154 432 1005
4330 4 2 1 1 260 179 259 1080
4331 4 2 1 1 811 1127 354 1231
4332 4 2 1 1 721 1211 968 1309
4333 4 2 1 1 706 1016 792 1296
4334 4 2 1 1 787 1011 1094 1310
4335 4 2 1 1 303 297 298 1331
4336 4 2 1 1 716 1158 796 1257
4337 4 2 1 1 818 1007 739 1221
4338 4 2 1 1 563 561 564 1297
4339 4 2 1 1 664 1055 934 1064
4340 4 2 1 1 248 866 1144 1269
4341 4 2 1 1 592 1290 588 1374
4342 4 2 1 1 811 672 1056 1122
4343 4 2 1 1 420 1121 810 1279
4344 4 2 1 1 230 792 227 1334
4345 4 2 1 1 675 1163 924 1362
4346 4 2 1 1 332 335 1357 1361
4347 4 2 1 1 921 1133 689 1254
4348 4 2 1 1 883 1076 756 1268
4349 4 2 1 1 695 1051 828 1345
4350 4 2 1 1 155 1069 325 1238
4351 4 2 1 1 667 797 984 1214
4352 4 2 1 1 32 512 31 1208
4353 4 2 1 1 744 989 975 1118
4354 4 2 1 1 660 949 1147 1172
4355 4 2 1 1 122 1092 477 1292
4356 4 2 1 1 912 1003 768 1163
4357 4 2 1 1 321 997 327 1238
4358 4 2 1 1 199 1016 312 1346
4359 4 2 1 1 924 1106 675 1362
4360 4 2 1 1 853 671 1153 1359
4361 4 2 1 1 643 991 847 1161
4362 4 2 1 1 767 1129 1310 1336
4363 4 2 1 1 705 975 989 1118
4364 4 2 1 1 692 981 944 1230
4365 4 2 1 1 681 823 1146 1320
4366 4 2 1 1 114 478 481 855
4367 4 2 1 1 707 1202 953 1206
4368 4 2 1 1 742 1244 972 1311
4369 4 2 1 1 67 950 554 1302
4370 4 2 1 1 543 547 546 868
4371 4 2 1 1 526 525 522 816
4372 4 2 1 1 338 923 91 1263
4373 4 2 1 1 673 1049 907 1177
4374 4 2 1 1 669 1062 869 1168
4375 4 2 1 1 829 1303 816 1337
4376 4 2 1 1 277 282 276 821
4377 4 2 1 1 318 319 882 1338
4378 4 2 1 1 740 950 932 1328
4379 4 2 1 1 111 475 112 936
4380 4 2 1 1 649 1006 865 1070
4381 4 2 1 1 23 618 619 1090
4382 4 2 1 1 693 837 1058 1123
4383 4 2 1 1 228 219 931 1305
4384 4 2 1 1 995 1036 559 1297
4385 4 2 1 1 408 807 1103 1237
4386 4 2 1 1 708 1101 951 1339
4387 4 2 1 1 424 430 861 1279
4388 4 2 1 1 706 997 922 1281
4389 4 2 1 1 53 595 54 955
4390 4 2 1 1 246 1144 244 1369
4391 4 2 1 1 739 930 1007 1210
4392 4 2 1 1 117 490 61 1000
4393 4 2 1 1 295 294 291 845
4394 4 2 1 1 173 948 280 1254
4395 4 2 1 1 547 868 543 1314
4396 4 2 1 1 666 1054 849 1255
4397 4 2 1 1 639 638 633 937
4398 4 2 1 1 270 1075 205 1262
4399 4 2 1 1 630 1096 635 1201
4400 4 2 1 1 711 1059 1205 1223
4401 4 2 1 1 721 839 1218 1309
4402 4 2 1 1 760 1299 1013 1333
4403 4 2 1 1 520 1071 831 1312
4404 4 2 1 1 280 173 215 948
4405 4 2 1 1 462 459 836 1209
4406 4 2 1 1 657 782 1101 1293
4407 4 2 1 1 18 17 1322 1348
4408 4 2 1 1 224 227 226 1307
4409 4 2 1 1 852 697 995 1285
4410 4 2 1 1 109 873 496 1306
4411 4 2 1 1 868 1072 748 1194
4412 4 2 1 1 830 728 1165 1200
4413 4 2 1 1 76 558 77 964
4414 4 2 1 1 718 853 1058 1243
4415 4 2 1 1 591 592 597 870
4416 4 2 1 1 744 984 797 1214
4417 4 2 1 1 898 1049 673 1177
4418 4 2 1 1 748 869 1062 1168
4419 4 2 1 1 595 1322 955 1348
4420 4 2 1 1 269 272 268 1273
4421 4 2 1 1 303 304 163 1221
4422 4 2 1 1 932 950 754 1308
4423 4 2 1 1 230 1078 792 1334
4424 4 2 1 1 663 1087 827 1194
4425 4 2 1 1 790 1020 682 1173
4426 4 2 1 1 278 904 284 1277
4427 4 2 1 1 805 730 1023 1280
4428 4 2 1 1 457 461 850 1313
4429 4 2 1 1 784 1077 878 1341
4430 4 2 1 1 470 469 958 1036
4431 4 2 1 1 742 918 895 1311
4432 4 2 1 1 714 970 1072 1194
4433 4 2 1 1 139 1001 348 1205
4434 4 2 1 1 878 939 735 1034
4435 4 2 1 1 430 86 429 861
4436 4 2 1 1 49 891 581 1247
4437 4 2 1 1 586 583 587 830
4438 4 2 1 1 667 1079 1291 1325
4439 4 2 1 1 104 1186 966 1342
4440 4 2 1 1 533 1074 982 1372
4441 4 2 1 1 656 803 1029 1250
4442 4 2 1 1 729 791 1234 1317
4443 4 2 1 1 589 588 585 848
4444 4 2 1 1 836 1068 1183 1209
4445 4 2 1 1 1015 1225 1186 1342
4446 4 2 1 1 554 1044 549 1302
4447 4 2 1 1 570 565 925 1328
4448 4 2 1 1 571 576 570 1353
4449 4 2 1 1 908 1002 772 1157
4450 4 2 1 1 805 1023 844 1280
4451 4 2 1 1 366 859 367 1240
4452 4 2 1 1 769 1049 898 1177
4453 4 2 1 1 684 908 959 1157
4454 4 2 1 1 843 1033 741 1261
4455 4 2 1 1 828 1012 716 1127
4456 4 2 1 1 264 174 903 1283
4457 4 2 1 1 418 419 423 815
4458 4 2 1 1 760 823 1299 1333
4459 4 2 1 1 681 1018 847 1161
4460 4 2 1 1 651 893 1198 1222
4461 4 2 1 1 573 935 578 1207
4462 4 2 1 1 245 975 244 1144
4463 4 2 1 1 718 902 1058 1224
4464 4 2 1 1 234 235 240 1078
4465 4 2 1 1 913 920 709 1343
4466 4 2 1 1 991 686 1161 1315
4467 4 2 1 1 917 935 755 1275
4468 4 2 1 1 663 1006 1087 1194
4469 4 2 1 1 200 309 307 1346
4470 4 2 1 1 708 1025 917 1054
4471 4 2 1 1 899 954 679 1264
4472 4 2 1 1 767 1041 1094 1310
4473 4 2 1 1 758 1214 931 1305
4474 4 2 1 1 237 901 1223 1246
4475 4 2 1 1 793 1111 688 1196
4476 4 2 1 1 785 683 1189 1284
4477 4 2 1 1 388 383 389 1195
4478 4 2 1 1 716 796 1132 1257
4479 4 2 1 1 917 1025 731 1054
4480 4 2 1 1 681 1152 880 1333
4481 4 2 1 1 646 1041 983 1143
4482 4 2 1 1 839 1045 715 1228
4483 4 2 1 1 453 452 447 969
4484 4 2 1 1 683 1013 957 1333
4485 4 2 1 1 1074 1203 726 1372
4486 4 2 1 1 786 1172 949 1316
4487 4 2 1 1 665 1063 1176 1212
4488 4 2 1 1 324 318 319 882
4489 4 2 1 1 674 1047 906 1204
4490 4 2 1 1 589 1098 58 1318
4491 4 2 1 1 322 1258 194 1343
4492 4 2 1 1 799 707 1178 1202
4493 4 2 1 1 355 360 359 963
4494 4 2 1 1 429 1091 861 1295
4495 4 2 1 1 547 1099 868 1314
4496 4 2 1 1 750 1066 996 1109
4497 4 2 1 1 688 916 1196 1267
4498 4 2 1 1 712 1192 830 1200
4499 4 2 1 1 1206 1230 1026 1340
4500 4 2 1 1 243 901 1205 1223
4501 4 2 1 1 983 1143 762 1285
4502 4 2 1 1 748 1062 868 1194
4503 4 2 1 1 743 961 861 1312
4504 4 2 1 1 406 401 886 1298
4505 4 2 1 1 543 868 546 1251
4506 4 2 1 1 22 619 620 1090
4507 4 2 1 1 406 119 401 1298
4508 4 2 1 1 798 733 1135 1309
4509 4 2 1 1 769 1150 907 1177
4510 4 2 1 1 848 1084 696 1098
4511 4 2 1 1 317 323 920 1344
4512 4 2 1 1 288 974 1141 1375
4513 4 2 1 1 411 97 98 930
4514 4 2 1 1 610 853 1188 1243
4515 4 2 1 1 613 609 614 1153
4516 4 2 1 1 607 604 608 809
4517 4 2 1 1 643 1018 942 1161
4518 4 2 1 1 815 1073 688 1111
4519 4 2 1 1 510 516 515 1186
4520 4 2 1 1 746 1099 868 1166
4521 4 2 1 1 406 401 407 886
4522 4 2 1 1 249 805 1144 1216
4523 4 2 1 1 555 549 550 1302
4524 4 2 1 1 801 1052 749 1212
4525 4 2 1 1 1009 1170 875 1171
4526 4 2 1 1 744 797 989 1118
4527 4 2 1 1 864 781 1253 1356
4528 4 2 1 1 482 479 1182 1266
4529 4 2 1 1 686 1161 1146 1271
4530 4 2 1 1 65 555 556 1022
4531 4 2 1 1 862 1002 927 1131
4532 4 2 1 1 302 165 301 1270
4533 4 2 1 1 51 576 577 1192
4534 4 2 1 1 853 1153 896 1359
4535 4 2 1 1 316 1016 198 1281
4536 4 2 1 1 807 1115 1007 1210
4537 4 2 1 1 826 673 1177 1304
4538 4 2 1 1 100 99 499 1164
4539 4 2 1 1 696 1000 891 1363
4540 4 2 1 1 278 279 284 904
4541 4 2 1 1 691 806 1031 1125
4542 4 2 1 1 807 1110 659 1347
4543 4 2 1 1 706 1088 1016 1296
4544 4 2 1 1 952 1178 707 1202
4545 4 2 1 1 851 1102 686 1354
4546 4 2 1 1 692 817 1043 1262
4547 4 2 1 1 934 1055 752 1064
4548 4 2 1 1 483 482 479 1182
4549 4 2 1 1 875 1082 671 1171
4550 4 2 1 1 343 344 144 923
4551 4 2 1 1 548 544 1044 1188
4552 4 2 1 1 568 1048 72 1321
4553 4 2 1 1 267 972 265 1155
4554 4 2 1 1 1286 1322 17 1348
4555 4 2 1 1 865 1365 999 1367
4556 4 2 1 1 671 875 1171 1359
4557 4 2 1 1 219 232 228 931
4558 4 2 1 1 865 1094 787 1365
4559 4 2 1 1 425 431 430 961
4560 4 2 1 1 662 1023 844 1244
4561 4 2 1 1 673 877 1088 1304
4562 4 2 1 1 443 449 448 978
4563 4 2 1 1 216 209 244 975
4564 4 2 1 1 155 325 326 1238
4565 4 2 1 1 1030 1170 819 1249
4566 4 2 1 1 815 1121 419 1279
4567 4 2 1 1 670 1084 884 1149
4568 4 2 1 1 798 1135 841 1213
4569 4 2 1 1 175 264 174 903
4570 4 2 1 1 430 86 861 1312
4571 4 2 1 1 294 290 1141 1245
4572 4 2 1 1 641 635 636 1096
4573 4 2 1 1 449 978 443 1169
4574 4 2 1 1 365 1039 963 1327
4575 4 2 1 1 310 313 191 1167
4576 4 2 1 1 228 231 227 931
4577 4 2 1 1 270 273 269 817
4578 4 2 1 1 715 881 1045 1047
4579 4 2 1 1 551 546 1099 1251
4580 4 2 1 1 728 1163 858 1362
4581 4 2 1 1 657 1034 939 1293
4582 4 2 1 1 690 1193 979 1288
4583 4 2 1 1 171 1133 372 1254
4584 4 2 1 1 993 1104 794 1147
4585 4 2 1 1 1044 1251 838 1355
4586 4 2 1 1 131 130 469 1039
4587 4 2 1 1 654 785 1117 1268
4588 4 2 1 1 369 1272 876 1360
4589 4 2 1 1 808 976 1193 1355
4590 4 2 1 1 898 1177 673 1304
4591 4 2 1 1 91 338 343 923
4592 4 2 1 1 653 1206 1026 1340
4593 4 2 1 1 456 455 945 1209
4594 4 2 1 1 655 996 1066 1109
4595 4 2 1 1 811 1056 695 1231
4596 4 2 1 1 592 588 593 1374
4597 4 2 1 1 221 901 237 1246
4598 4 2 1 1 332 885 336 1361
4599 4 2 1 1 322 317 323 920
4600 4 2 1 1 897 675 1106 1362
4601 4 2 1 1 280 948 215 1373
4602 4 2 1 1 714 853 1226 1359
4603 4 2 1 1 614 619 613 837
4604 4 2 1 1 266 268 211 1216
4605 4 2 1 1 440 839 436 1151
4606 4 2 1 1 807 659 1210 1347
4607 4 2 1 1 710 874 1134 1162
4608 4 2 1 1 72 1180 71 1321
4609 4 2 1 1 697 1166 838 1326
4610 4 2 1 1 183 342 337 1059
4611 4 2 1 1 1146 1161 686 1315
4612 4 2 1 1 117 490 1000 1301
4613 4 2 1 1 649 906 1070 1367
4614 4 2 1 1 39 611 943 1203
4615 4 2 1 1 660 949 1172 1316
4616 4 2 1 1 798 1037 698 1213
4617 4 2 1 1 652 1014 823 1320
4618 4 2 1 1 760 944 1152 1300
4619 4 2 1 1 996 1109 655 1294
4620 4 2 1 1 993 1004 645 1104
4621 4 2 1 1 57 58 1234 1318
4622 4 2 1 1 661 1052 835 1197
4623 4 2 1 1 684 1264 954 1287
4624 4 2 1 1 86 520 1295 1312
4625 4 2 1 1 724 1177 898 1304
4626 4 2 1 1 617 611 612 1083
4627 4 2 1 1 335 846 331 1357
4628 4 2 1 1 573 70 935 1321
4629 4 2 1 1 401 407 886 1237
4630 4 2 1 1 674 846 1134 1330
4631 4 2 1 1 93 331 334 1136
4632 4 2 1 1 684 899 1264 1287
4633 4 2 1 1 790 1189 1032 1278
4634 4 2 1 1 859 1240 366 1327
4635 4 2 1 1 24 618 23 1227
4636 4 2 1 1 712 1003 912 1163
4637 4 2 1 1 662 1043 821 1253
4638 4 2 1 1 855 1182 820 1266
4639 4 2 1 1 829 982 831 1212
4640 4 2 1 1 1026 1206 763 1230
4641 4 2 1 1 394 397 121 1241
4642 4 2 1 1 511 102 506 1021
4643 4 2 1 1 692 926 904 1230
4644 4 2 1 1 417 420 416 1121
4645 4 2 1 1 199 1307 1016 1346
4646 4 2 1 1 588 848 589 1318
4647 4 2 1 1 108 415 107 1191
4648 4 2 1 1 205 1217 206 1262
4649 4 2 1 1 963 1039 364 1319
4650 4 2 1 1 565 562 566 925
4651 4 2 1 1 679 899 942 1315
4652 4 2 1 1 709 907 1150 1177
4653 4 2 1 1 756 1017 883 1268
4654 4 2 1 1 224 988 223 1235
4655 4 2 1 1 896 1038 701 1256
4656 4 2 1 1 239 186 238 922
4657 4 2 1 1 370 372 371 921
4658 4 2 1 1 670 884 1084 1119
4659 4 2 1 1 493 488 494 1234
4660 4 2 1 1 710 846 1134 1139
4661 4 2 1 1 731 917 1180 1321
4662 4 2 1 1 298 304 303 867
4663 4 2 1 1 651 835 986 1222
4664 4 2 1 1 126 454 945 1360
4665 4 2 1 1 850 1183 1068 1313
4666 4 2 1 1 621 20 21 1019
4667 4 2 1 1 385 951 133 1239
4668 4 2 1 1 19 955 595 1322
4669 4 2 1 1 65 555 1022 1302
4670 4 2 1 1 689 821 1133 1253
4671 4 2 1 1 666 836 1054 1358
4672 4 2 1 1 455 945 1209 1313
4673 4 2 1 1 749 831 1052 1295
4674 4 2 1 1 651 910 1185 1198
4675 4 2 1 1 837 719 1083 1123
4676 4 2 1 1 31 513 30 1208
4677 4 2 1 1 636 642 641 909
4678 4 2 1 1 590 1348 595 1349
4679 4 2 1 1 782 1282 1060 1371
4680 4 2 1 1 987 1077 677 1341
4681 4 2 1 1 349 180 179 977
4682 4 2 1 1 664 1060 855 1095
4683 4 2 1 1 77 453 76 969
4684 4 2 1 1 385 117 951 1301
4685 4 2 1 1 721 1151 839 1309
4686 4 2 1 1 226 229 198 1016
4687 4 2 1 1 58 589 585 1098
4688 4 2 1 1 461 460 457 850
4689 4 2 1 1 747 1160 973 1260
4690 4 2 1 1 697 964 983 1166
4691 4 2 1 1 735 939 878 1126
4692 4 2 1 1 424 425 430 1279
4693 4 2 1 1 25 641 909 1227
4694 4 2 1 1 181 139 348 1205
4695 4 2 1 1 687 1100 1175 1340
4696 4 2 1 1 243 182 242 1205
4697 4 2 1 1 684 954 959 1287
4698 4 2 1 1 705 975 1118 1144
4699 4 2 1 1 894 1041 767 1310
4700 4 2 1 1 859 1056 672 1122
4701 4 2 1 1 779 1085 842 1329
4702 4 2 1 1 577 858 571 1207
4703 4 2 1 1 664 1064 1174 1282
4704 4 2 1 1 594 600 990 1276
4705 4 2 1 1 831 982 749 1212
4706 4 2 1 1 761 1082 1004 1104
4707 4 2 1 1 70 474 69 917
4708 4 2 1 1 286 188 189 974
4709 4 2 1 1 156 1069 421 1215
4710 4 2 1 1 748 1072 970 1194
4711 4 2 1 1 620 615 621 902
4712 4 2 1 1 655 1066 871 1109
4713 4 2 1 1 253 249 212 1280
4714 4 2 1 1 574 569 575 932
4715 4 2 1 1 676 1310 832 1336
4716 4 2 1 1 370 371 137 1028
4717 4 2 1 1 839 1045 721 1218
4718 4 2 1 1 1075 1217 205 1262
4719 4 2 1 1 784 1034 878 1358
4720 4 2 1 1 954 1264 899 1287
4721 4 2 1 1 1170 1171 701 1176
4722 4 2 1 1 765 1174 1064 1282
4723 4 2 1 1 805 705 1144 1216
4724 4 2 1 1 758 1079 931 1214
4725 4 2 1 1 241 1059 184 1233
4726 4 2 1 1 333 336 332 885
4727 4 2 1 1 271 212 268 844
4728 4 2 1 1 822 668 1089 1159
4729 4 2 1 1 270 274 273 1262
4730 4 2 1 1 87 1091 429 1295
4731 4 2 1 1 93 92 1219 1263
4732 4 2 1 1 749 1052 831 1212
4733 4 2 1 1 741 1060 855 1371
4734 4 2 1 1 243 1205 242 1223
4735 4 2 1 1 213 271 1156 1280
4736 4 2 1 1 844 1023 805 1216
4737 4 2 1 1 350 349 351 977
4738 4 2 1 1 842 1107 1085 1271
4739 4 2 1 1 750 1109 996 1294
4740 4 2 1 1 775 1265 967 1341
4741 4 2 1 1 649 1070 865 1367
4742 4 2 1 1 692 1075 817 1262
4743 4 2 1 1 529 530 1303 1337
4744 4 2 1 1 243 221 222 901
4745 4 2 1 1 392 391 919 1292
4746 4 2 1 1 746 983 964 1166
4747 4 2 1 1 577 576 571 858
4748 4 2 1 1 391 1040 919 1292
4749 4 2 1 1 756 1076 856 1278
4750 4 2 1 1 906 999 771 1367
4751 4 2 1 1 945 1028 751 1360
4752 4 2 1 1 844 730 1081 1156
4753 4 2 1 1 815 1073 661 1220
4754 4 2 1 1 56 929 495 1276
4755 4 2 1 1 751 1283 903 1360
4756 4 2 1 1 683 1032 1187 1189
4757 4 2 1 1 718 1188 853 1243
4758 4 2 1 1 667 1079 804 1291
4759 4 2 1 1 585 588 584 1363
4760 4 2 1 1 697 1166 983 1252
4761 4 2 1 1 689 1253 1067 1356
4762 4 2 1 1 674 906 1047 1330
4763 4 2 1 1 960 1086 767 1094
4764 4 2 1 1 715 839 1168 1218
4765 4 2 1 1 453 76 969 1366
4766 4 2 1 1 772 1063 915 1351
4767 4 2 1 1 666 1077 946 1199
4768 4 2 1 1 822 1075 692 1217
4769 4 2 1 1 1060 1282 664 1371
4770 4 2 1 1 638 637 632 937
4771 4 2 1 1 460 128 457 1240
4772 4 2 1 1 483 479 480 820
4773 4 2 1 1 594 56 600 1276
4774 4 2 1 1 243 242 237 1223
4775 4 2 1 1 91 1219 92 1263
4776 4 2 1 1 715 978 1070 1168
4777 4 2 1 1 687 1055 820 1095
4778 4 2 1 1 749 982 831 1295
4779 4 2 1 1 529 1303 829 1337
4780 4 2 1 1 114 1195 855 1261
4781 4 2 1 1 213 212 271 1280
4782 4 2 1 1 848 1290 1119 1374
4783 4 2 1 1 311 877 315 1338
4784 4 2 1 1 868 746 1062 1314
4785 4 2 1 1 726 1074 943 1203
4786 4 2 1 1 688 1196 1073 1267
4787 4 2 1 1 274 270 205 1262
4788 4 2 1 1 928 1047 674 1204
4789 4 2 1 1 904 926 763 1230
4790 4 2 1 1 798 698 1135 1213
4791 4 2 1 1 654 973 1160 1260
4792 4 2 1 1 688 994 916 1267
4793 4 2 1 1 559 561 560 1297
4794 4 2 1 1 1004 1104 993 1147
4795 4 2 1 1 855 1060 717 1095
4796 4 2 1 1 69 917 474 1275
4797 4 2 1 1 572 897 568 1321
4798 4 2 1 1 280 215 214 1373
4799 4 2 1 1 572 573 1207 1321
4800 4 2 1 1 648 985 851 1325
4801 4 2 1 1 612 613 618 1083
4802 4 2 1 1 259 254 260 1012
4803 4 2 1 1 672 841 1122 1370
4804 4 2 1 1 542 541 539 1072
4805 4 2 1 1 711 804 1059 1223
4806 4 2 1 1 1014 1146 823 1320
4807 4 2 1 1 701 1120 829 1176
4808 4 2 1 1 557 552 558 964
4809 4 2 1 1 1003 1065 670 1200
4810 4 2 1 1 748 865 1070 1168
4811 4 2 1 1 882 1338 1190 1344
4812 4 2 1 1 693 1058 1004 1123
4813 4 2 1 1 915 1082 671 1123
4814 4 2 1 1 1027 1140 778 1365
4815 4 2 1 1 310 314 313 826
4816 4 2 1 1 1190 1338 826 1344
4817 4 2 1 1 419 1121 420 1279
4818 4 2 1 1 551 550 546 1251
4819 4 2 1 1 880 1187 683 1300
4820 4 2 1 1 301 926 296 1331
4821 4 2 1 1 1015 757 1225 1342
4822 4 2 1 1 37 1120 1203 1372
4823 4 2 1 1 103 1021 511 1113
4824 4 2 1 1 643 847 1018 1161
4825 4 2 1 1 472 471 466 849
4826 4 2 1 1 592 598 870 1374
4827 4 2 1 1 916 753 1196 1267
4828 4 2 1 1 99 98 1164 1184
4829 4 2 1 1 537 531 91 911
4830 4 2 1 1 772 1171 1170 1176
4831 4 2 1 1 728 924 1163 1362
4832 4 2 1 1 86 1295 861 1312
4833 4 2 1 1 459 463 462 836
4834 4 2 1 1 687 1175 1026 1340
4835 4 2 1 1 930 691 1184 1210
4836 4 2 1 1 732 926 1270 1331
4837 4 2 1 1 882 673 1105 1190
4838 4 2 1 1 564 568 567 897
4839 4 2 1 1 579 573 70 935
4840 4 2 1 1 724 826 1177 1304
4841 4 2 1 1 435 434 968 1151
4842 4 2 1 1 440 439 436 839
4843 4 2 1 1 822 1075 289 1375
4844 4 2 1 1 724 1128 938 1304
4845 4 2 1 1 35 601 602 1038
4846 4 2 1 1 625 629 628 863
4847 4 2 1 1 800 686 1102 1354
4848 4 2 1 1 575 932 569 1353
4849 4 2 1 1 334 331 335 846
4850 4 2 1 1 189 938 308 1236
4851 4 2 1 1 1174 1282 914 1371
4852 4 2 1 1 372 171 375 1133
4853 4 2 1 1 649 1070 906 1249
4854 4 2 1 1 644 1179 914 1339
4855 4 2 1 1 711 1079 804 1223
4856 4 2 1 1 762 1319 969 1366
4857 4 2 1 1 170 375 1133 1178
4858 4 2 1 1 865 1168 669 1367
4859 4 2 1 1 743 835 1052 1197
4860 4 2 1 1 209 1155 265 1369
4861 4 2 1 1 654 883 1017 1268
4862 4 2 1 1 1052 1295 831 1312
4863 4 2 1 1 707 821 1043 1253
4864 4 2 1 1 991 1046 847 1271
4865 4 2 1 1 794 1147 1104 1172
4866 4 2 1 1 807 694 1103 1237
4867 4 2 1 1 861 1295 1052 1312
4868 4 2 1 1 317 920 322 1343
4869 4 2 1 1 164 396 393 1270
4870 4 2 1 1 677 832 1057 1352
4871 4 2 1 1 651 1124 986 1259
4872 4 2 1 1 387 386 381 1033
4873 4 2 1 1 451 450 869 1314
4874 4 2 1 1 203 267 265 1155
4875 4 2 1 1 312 877 311 1346
4876 4 2 1 1 158 414 412 905
4877 4 2 1 1 748 869 1168 1169
4878 4 2 1 1 712 1163 858 1192
4879 4 2 1 1 312 199 198 1016
4880 4 2 1 1 86 520 523 1295
4881 4 2 1 1 35 537 34 1038
4882 4 2 1 1 74 559 1036 1297
4883 4 2 1 1 665 1176 829 1212
4884 4 2 1 1 807 1110 694 1237
4885 4 2 1 1 281 282 171 1133
4886 4 2 1 1 242 1205 182 1223
4887 4 2 1 1 435 968 151 1229
4888 4 2 1 1 33 103 511 1113
4889 4 2 1 1 635 631 636 1096
4890 4 2 1 1 592 598 597 870
4891 4 2 1 1 924 728 1179 1362
4892 4 2 1 1 970 978 764 1335
4893 4 2 1 1 284 1277 904 1364
4894 4 2 1 1 863 1286 628 1324
4895 4 2 1 1 257 253 258 1280
4896 4 2 1 1 625 863 628 1324
4897 4 2 1 1 820 1055 664 1095
4898 4 2 1 1 860 647 1010 1145
4899 4 2 1 1 408 409 100 1103
4900 4 2 1 1 651 1185 800 1198
4901 4 2 1 1 389 384 390 952
4902 4 2 1 1 585 1098 848 1363
4903 4 2 1 1 322 920 1258 1343
4904 4 2 1 1 506 512 511 890
4905 4 2 1 1 340 881 339 1361
4906 4 2 1 1 2 26 27 1342
4907 4 2 1 1 515 509 510 879
4908 4 2 1 1 797 1118 744 1214
4909 4 2 1 1 690 980 965 1288
4910 4 2 1 1 701 829 1120 1303
4911 4 2 1 1 547 543 79 1314
4912 4 2 1 1 234 233 229 1078
4913 4 2 1 1 565 566 570 925
4914 4 2 1 1 457 850 1240 1313
4915 4 2 1 1 42 621 615 902
4916 4 2 1 1 497 496 498 873
4917 4 2 1 1 259 222 221 1080
4918 4 2 1 1 904 1262 1043 1277
4919 4 2 1 1 243 237 221 901
4920 4 2 1 1 689 1008 948 1081
4921 4 2 1 1 771 1047 928 1204
4922 4 2 1 1 664 855 1060 1371
4923 4 2 1 1 1026 1230 763 1340
4924 4 2 1 1 147 453 447 1319
4925 4 2 1 1 426 432 431 961
4926 4 2 1 1 313 826 314 1344
4927 4 2 1 1 211 266 1216 1369
4928 4 2 1 1 542 543 546 1251
4929 4 2 1 1 628 632 17 1286
4930 4 2 1 1 369 368 876 1272
4931 4 2 1 1 612 1083 611 1203
4932 4 2 1 1 874 959 819 1162
4933 4 2 1 1 906 727 1249 1330
4934 4 2 1 1 761 1082 915 1123
4935 4 2 1 1 247 218 245 1305
4936 4 2 1 1 377 373 374 1242
4937 4 2 1 1 829 1176 1120 1372
4938 4 2 1 1 733 798 1229 1309
4939 4 2 1 1 653 981 1206 1230
4940 4 2 1 1 686 1146 1085 1271
4941 4 2 1 1 365 130 1039 1327
4942 4 2 1 1 766 1145 1181 1199
4943 4 2 1 1 153 1005 154 1238
4944 4 2 1 1 173 370 1028 1254
4945 4 2 1 1 245 217 244 975
4946 4 2 1 1 523 520 524 831
4947 4 2 1 1 582 60 59 1363
4948 4 2 1 1 721 960 1211 1309
4949 4 2 1 1 854 1104 761 1172
4950 4 2 1 1 126 125 454 1360
4951 4 2 1 1 207 301 208 926
4952 4 2 1 1 709 1190 826 1344
4953 4 2 1 1 473 917 70 1180
4954 4 2 1 1 376 1033 380 1239
4955 4 2 1 1 454 138 137 1028
4956 4 2 1 1 1054 1180 917 1350
4957 4 2 1 1 209 244 975 1369
4958 4 2 1 1 986 1124 759 1259
4959 4 2 1 1 106 418 422 1111
4960 4 2 1 1 709 1177 826 1190
4961 4 2 1 1 66 67 1302 1328
4962 4 2 1 1 674 1047 881 1330
4963 4 2 1 1 715 1047 906 1330
4964 4 2 1 1 735 1068 836 1209
4965 4 2 1 1 688 1073 815 1220
4966 4 2 1 1 709 1167 826 1177
4967 4 2 1 1 666 946 1077 1255
4968 4 2 1 1 732 1270 867 1331
4969 4 2 1 1 906 1134 727 1330
4970 4 2 1 1 749 1052 861 1295
4971 4 2 1 1 1004 1082 761 1123
4972 4 2 1 1 131 146 1039 1366
4973 4 2 1 1 740 1302 950 1328
4974 4 2 1 1 47 82 970 1335
4975 4 2 1 1 39 611 616 943
4976 4 2 1 1 963 1213 698 1319
4977 4 2 1 1 978 1168 715 1228
4978 4 2 1 1 581 49 580 891
4979 4 2 1 1 1045 1047 721 1218
4980 4 2 1 1 806 1125 691 1164
4981 4 2 1 1 670 1114 884 1119
4982 4 2 1 1 701 1038 911 1256
4983 4 2 1 1 898 1088 725 1304
4984 4 2 1 1 87 428 429 1091
4985 4 2 1 1 364 359 963 1319
4986 4 2 1 1 671 1058 837 1123
4987 4 2 1 1 696 1084 848 1165
4988 4 2 1 1 223 200 201 988
4989 4 2 1 1 583 581 584 1247
4990 4 2 1 1 822 668 1159 1323
4991 4 2 1 1 135 459 136 1332
4992 4 2 1 1 536 531 911 1303
4993 4 2 1 1 366 1240 128 1327
4994 4 2 1 1 322 323 158 920
4995 4 2 1 1 740 1022 838 1302
4996 4 2 1 1 884 1114 745 1119
4997 4 2 1 1 42 902 615 1368
4998 4 2 1 1 977 1093 733 1370
4999 4 2 1 1 480 477 122 1092
5000 4 2 1 1 605 606 609 1153
5001 4 2 1 1 454 456 455 945
5002 4 2 1 1 805 1051 730 1280
5003 4 2 1 1 364 359 365 963
5004 4 2 1 1 813 1154 803 1208
5005 4 2 1 1 315 311 312 877
5006 4 2 1 1 790 941 1020 1173
5007 4 2 1 1 345 339 340 881
5008 4 2 1 1 686 1085 851 1107
5009 4 2 1 1 572 567 568 897
5010 4 2 1 1 392 393 395 919
5011 4 2 1 1 721 1045 839 1151
5012 4 2 1 1 821 689 1081 1253
5013 4 2 1 1 697 995 964 1326
5014 4 2 1 1 863 998 745 1324
5015 4 2 1 1 1094 1310 676 1336
5016 4 2 1 1 796 851 1085 1107
5017 4 2 1 1 646 832 1011 1310
5018 4 2 1 1 393 392 391 919
5019 4 2 1 1 692 822 1089 1159
5020 4 2 1 1 1039 1319 762 1366
5021 4 2 1 1 75 131 469 1036
5022 4 2 1 1 725 1016 877 1088
5023 4 2 1 1 670 1165 887 1200
5024 4 2 1 1 197 233 196 1281
5025 4 2 1 1 225 224 223 1235
5026 4 2 1 1 498 496 109 873
5027 4 2 1 1 827 1251 1044 1355
5028 4 2 1 1 37 1203 38 1372
5029 4 2 1 1 666 1199 946 1255
5030 4 2 1 1 1030 1170 701 1176
5031 4 2 1 1 831 743 1052 1312
5032 4 2 1 1 830 1165 728 1247
5033 4 2 1 1 707 1043 821 1277
5034 4 2 1 1 718 1058 902 1243
5035 4 2 1 1 903 1051 695 1345
5036 4 2 1 1 707 952 1202 1206
5037 4 2 1 1 722 847 1046 1271
5038 4 2 1 1 730 948 1008 1081
5039 4 2 1 1 276 271 272 1273
5040 4 2 1 1 519 522 521 1071
5041 4 2 1 1 317 920 1343 1344
5042 4 2 1 1 653 834 1175 1300
5043 4 2 1 1 717 1202 952 1206
5044 4 2 1 1 946 1077 766 1199
5045 4 2 1 1 173 280 172 1254
5046 4 2 1 1 700 879 1015 1225
5047 4 2 1 1 753 1076 883 1268
5048 4 2 1 1 483 488 487 1112
5049 4 2 1 1 520 518 1071 1312
5050 4 2 1 1 297 296 1217 1331
5051 4 2 1 1 21 637 638 1019
5052 4 2 1 1 848 1119 1318 1374
5053 4 2 1 1 710 1134 874 1139
5054 4 2 1 1 57 589 58 1318
5055 4 2 1 1 838 1022 697 1326
5056 4 2 1 1 226 1016 199 1307
5057 4 2 1 1 175 263 903 1345
5058 4 2 1 1 77 452 453 969
5059 4 2 1 1 146 1319 1039 1366
5060 4 2 1 1 670 848 1084 1165
5061 4 2 1 1 623 998 625 1324
5062 4 2 1 1 746 964 1099 1166
5063 4 2 1 1 645 1003 912 1289
5064 4 2 1 1 663 827 1087 1355
5065 4 2 1 1 930 1184 1007 1210
5066 4 2 1 1 826 1338 314 1344
5067 4 2 1 1 612 618 617 1083
5068 4 2 1 1 718 827 1044 1355
5069 4 2 1 1 750 1021 886 1298
5070 4 2 1 1 1073 1196 753 1267
5071 4 2 1 1 672 1056 859 1181
5072 4 2 1 1 724 845 1141 1323
5073 4 2 1 1 404 403 399 1115
5074 4 2 1 1 141 436 142 1045
5075 4 2 1 1 691 807 1184 1210
5076 4 2 1 1 694 871 1110 1347
5077 4 2 1 1 688 916 994 1225
5078 4 2 1 1 839 715 1168 1228
5079 4 2 1 1 95 519 517 971
5080 4 2 1 1 681 1146 1061 1320
5081 4 2 1 1 981 1043 692 1138
5082 4 2 1 1 689 1067 939 1356
5083 4 2 1 1 554 67 553 950
5084 4 2 1 1 645 976 1224 1289
5085 4 2 1 1 868 1099 746 1314
5086 4 2 1 1 294 293 290 1245
5087 4 2 1 1 688 966 994 1220
5088 4 2 1 1 586 1192 830 1349
5089 4 2 1 1 594 990 593 1318
5090 4 2 1 1 742 1075 822 1375
5091 4 2 1 1 416 415 413 1121
5092 4 2 1 1 366 361 367 859
5093 4 2 1 1 796 1085 851 1132
5094 4 2 1 1 448 145 144 978
5095 4 2 1 1 494 495 56 929
5096 4 2 1 1 482 478 479 1266
5097 4 2 1 1 593 1318 990 1374
5098 4 2 1 1 702 1285 852 1297
5099 4 2 1 1 113 389 112 1195
5100 4 2 1 1 225 228 1235 1305
5101 4 2 1 1 581 891 582 1363
5102 4 2 1 1 884 996 655 1294
5103 4 2 1 1 327 153 154 1238
5104 4 2 1 1 309 308 938 1346
5105 4 2 1 1 687 936 1026 1095
5106 4 2 1 1 819 1134 874 1162
5107 4 2 1 1 838 1166 1099 1326
5108 4 2 1 1 147 148 359 1319
5109 4 2 1 1 677 1057 1077 1352
5110 4 2 1 1 972 1216 705 1244
5111 4 2 1 1 894 1041 646 1143
5112 4 2 1 1 1155 1311 972 1369
5113 4 2 1 1 346 142 345 1045
5114 4 2 1 1 321 327 326 1238
5115 4 2 1 1 662 821 1081 1253
5116 4 2 1 1 666 850 1068 1199
5117 4 2 1 1 391 124 1040 1292
5118 4 2 1 1 696 1165 848 1363
5119 4 2 1 1 199 226 198 1016
5120 4 2 1 1 489 495 929 1298
5121 4 2 1 1 859 1181 720 1240
5122 4 2 1 1 353 356 1093 1122
5123 4 2 1 1 645 993 1003 1289
5124 4 2 1 1 600 14 599 990
5125 4 2 1 1 830 1165 670 1200
5126 4 2 1 1 177 354 1127 1231
5127 4 2 1 1 727 846 1263 1330
5128 4 2 1 1 515 516 28 1015
5129 4 2 1 1 733 841 1135 1370
5130 4 2 1 1 17 632 18 1322
5131 4 2 1 1 844 1216 805 1280
5132 4 2 1 1 712 830 1065 1200
5133 4 2 1 1 569 1328 570 1353
5134 4 2 1 1 720 850 1068 1313
5135 4 2 1 1 897 1207 858 1362
5136 4 2 1 1 537 536 911 1256
5137 4 2 1 1 668 944 1089 1159
5138 4 2 1 1 677 967 1265 1341
5139 4 2 1 1 805 1144 866 1269
5140 4 2 1 1 978 1169 1168 1228
5141 4 2 1 1 709 826 1167 1344
5142 4 2 1 1 715 1070 906 1367
5143 4 2 1 1 485 486 491 872
5144 4 2 1 1 729 848 1084 1119
5145 4 2 1 1 183 1059 241 1223
5146 4 2 1 1 614 615 620 1243
5147 4 2 1 1 745 870 1324 1374
5148 4 2 1 1 369 368 363 876
5149 4 2 1 1 558 552 77 964
5150 4 2 1 1 749 994 966 1220
5151 4 2 1 1 674 1134 846 1139
5152 4 2 1 1 830 712 1065 1349
5153 4 2 1 1 686 1107 851 1354
5154 4 2 1 1 581 580 582 891
5155 4 2 1 1 718 1243 902 1368
5156 4 2 1 1 718 1044 827 1188
5157 4 2 1 1 994 1220 801 1267
5158 4 2 1 1 173 370 138 1028
5159 4 2 1 1 724 898 1128 1304
5160 4 2 1 1 1017 691 1210 1347
5161 4 2 1 1 186 330 328 947
5162 4 2 1 1 715 881 1047 1330
5163 4 2 1 1 968 1211 733 1309
5164 4 2 1 1 779 1061 1146 1320
5165 4 2 1 1 684 956 954 1264
5166 4 2 1 1 18 596 17 1348
5167 4 2 1 1 309 938 307 1346
5168 4 2 1 1 322 194 193 1343
5169 4 2 1 1 225 218 228 1305
5170 4 2 1 1 1076 1189 756 1268
5171 4 2 1 1 737 1065 870 1114
5172 4 2 1 1 1014 1146 686 1315
5173 4 2 1 1 151 435 433 968
5174 4 2 1 1 627 30 631 1154
5175 4 2 1 1 284 904 285 1364
5176 4 2 1 1 71 1180 70 1321
5177 4 2 1 1 775 1042 1265 1341
5178 4 2 1 1 834 1300 653 1340
5179 4 2 1 1 569 932 67 1328
5180 4 2 1 1 211 210 266 1369
5181 4 2 1 1 574 67 569 932
5182 4 2 1 1 717 1026 936 1095
5183 4 2 1 1 179 351 349 977
5184 4 2 1 1 507 512 506 890
5185 4 2 1 1 237 1223 236 1246
5186 4 2 1 1 95 517 96 971
5187 4 2 1 1 115 485 116 1301
5188 4 2 1 1 670 870 1065 1114
5189 4 2 1 1 918 1159 668 1323
5190 4 2 1 1 762 969 964 1366
5191 4 2 1 1 948 1283 215 1373
5192 4 2 1 1 662 1061 895 1138
5193 4 2 1 1 836 708 1054 1358
5194 4 2 1 1 839 669 1168 1218
5195 4 2 1 1 309 308 307 938
5196 4 2 1 1 498 109 108 1191
5197 4 2 1 1 692 1089 822 1217
5198 4 2 1 1 605 602 603 896
5199 4 2 1 1 731 1106 924 1362
5200 4 2 1 1 75 74 559 1036
5201 4 2 1 1 696 887 1084 1165
5202 4 2 1 1 221 237 220 1246
5203 4 2 1 1 617 616 611 943
5204 4 2 1 1 701 1176 1171 1351
5205 4 2 1 1 921 1028 735 1332
5206 4 2 1 1 734 1050 885 1139
5207 4 2 1 1 495 55 1276 1298
5208 4 2 1 1 870 1114 670 1119
5209 4 2 1 1 877 725 1088 1304
5210 4 2 1 1 332 335 331 1357
5211 4 2 1 1 382 381 377 1242
5212 4 2 1 1 656 856 1029 1248
5213 4 2 1 1 717 843 1195 1202
5214 4 2 1 1 126 945 455 1272
5215 4 2 1 1 385 116 117 1301
5216 4 2 1 1 830 670 1065 1200
5217 4 2 1 1 545 549 544 1044
5218 4 2 1 1 770 1077 946 1255
5219 4 2 1 1 337 336 333 885
5220 4 2 1 1 443 978 144 1228
5221 4 2 1 1 755 914 1179 1339
5222 4 2 1 1 288 1141 287 1375
5223 4 2 1 1 906 1047 715 1367
5224 4 2 1 1 745 1114 870 1119
5225 4 2 1 1 637 1019 19 1322
5226 4 2 1 1 302 303 1270 1331
5227 4 2 1 1 391 123 124 1292
5228 4 2 1 1 670 1084 848 1119
5229 4 2 1 1 846 727 1134 1330
5230 4 2 1 1 770 946 1077 1352
5231 4 2 1 1 710 947 1139 1259
5232 4 2 1 1 768 1163 1003 1200
5233 4 2 1 1 242 182 183 1223
5234 4 2 1 1 831 1071 743 1312
5235 4 2 1 1 360 365 963 1327
5236 4 2 1 1 662 1138 895 1244
5237 4 2 1 1 60 580 61 1000
5238 4 2 1 1 408 1103 101 1237
5239 4 2 1 1 537 536 531 911
5240 4 2 1 1 681 1146 823 1161
5241 4 2 1 1 20 19 637 1019
5242 4 2 1 1 70 473 474 917
5243 4 2 1 1 731 1054 849 1180
5244 4 2 1 1 366 367 128 1240
5245 4 2 1 1 765 1064 1053 1282
5246 4 2 1 1 688 1186 879 1225
5247 4 2 1 1 265 1155 972 1369
5248 4 2 1 1 885 1050 674 1139
5249 4 2 1 1 760 1138 1061 1152
5250 4 2 1 1 673 1177 907 1190
5251 4 2 1 1 356 361 360 1122
5252 4 2 1 1 284 279 285 904
5253 4 2 1 1 841 1135 698 1213
5254 4 2 1 1 164 302 303 1270
5255 4 2 1 1 737 1114 870 1286
5256 4 2 1 1 729 929 1294 1317
5257 4 2 1 1 268 212 211 1216
5258 4 2 1 1 319 325 324 882
5259 4 2 1 1 305 304 992 1221
5260 4 2 1 1 712 1003 1163 1200
5261 4 2 1 1 554 553 548 950
5262 4 2 1 1 527 523 528 982
5263 4 2 1 1 846 1139 710 1357
5264 4 2 1 1 16 628 1286 1324
5265 4 2 1 1 40 89 532 1074
5266 4 2 1 1 329 947 330 1357
5267 4 2 1 1 82 538 47 970
5268 4 2 1 1 770 1077 1057 1352
5269 4 2 1 1 469 464 470 958
5270 4 2 1 1 594 599 593 990
5271 4 2 1 1 531 1219 911 1303
5272 4 2 1 1 572 573 578 1207
5273 4 2 1 1 647 878 1126 1145
5274 4 2 1 1 358 176 363 1231
5275 4 2 1 1 672 1158 940 1370
5276 4 2 1 1 720 1240 850 1313
5277 4 2 1 1 223 224 200 988
5278 4 2 1 1 760 1013 944 1300
5279 4 2 1 1 599 593 990 1374
5280 4 2 1 1 65 66 555 1302
5281 4 2 1 1 771 1047 906 1367
5282 4 2 1 1 877 1016 725 1346
5283 4 2 1 1 995 1285 1036 1297
5284 4 2 1 1 832 1046 676 1336
5285 4 2 1 1 246 245 244 1144
5286 4 2 1 1 274 278 273 1262
5287 4 2 1 1 949 1096 700 1316
5288 4 2 1 1 590 596 595 1348
5289 4 2 1 1 1141 1245 822 1323
5290 4 2 1 1 14 13 622 889
5291 4 2 1 1 960 733 1211 1309
5292 4 2 1 1 670 1084 887 1165
5293 4 2 1 1 200 988 224 1307
5294 4 2 1 1 448 145 978 1335
5295 4 2 1 1 861 1091 749 1295
5296 4 2 1 1 379 169 384 1178
5297 4 2 1 1 912 1003 712 1289
5298 4 2 1 1 692 1043 904 1262
5299 4 2 1 1 722 1046 832 1336
5300 4 2 1 1 647 1126 1010 1145
5301 4 2 1 1 47 601 34 1038
5302 4 2 1 1 823 1161 942 1333
5303 4 2 1 1 301 296 302 1331
5304 4 2 1 1 459 1209 136 1332
5305 4 2 1 1 861 1052 743 1312
5306 4 2 1 1 897 1321 1207 1362
5307 4 2 1 1 81 538 82 970
5308 4 2 1 1 453 969 1319 1366
5309 4 2 1 1 495 118 55 1298
5310 4 2 1 1 736 882 1105 1190
5311 4 2 1 1 390 952 168 1364
5312 4 2 1 1 451 79 450 1314
5313 4 2 1 1 438 437 435 1229
5314 4 2 1 1 823 1146 1014 1315
5315 4 2 1 1 847 1161 991 1271
5316 4 2 1 1 45 46 539 1226
5317 4 2 1 1 236 237 242 1223
5318 4 2 1 1 659 871 1110 1137
5319 4 2 1 1 529 525 530 1337
5320 4 2 1 1 865 1062 669 1168
5321 4 2 1 1 836 1054 708 1350
5322 4 2 1 1 216 244 217 975
5323 4 2 1 1 869 1062 746 1314
5324 4 2 1 1 329 328 330 947
5325 4 2 1 1 246 1216 1144 1369
5326 4 2 1 1 945 1272 126 1360
5327 4 2 1 1 926 1217 296 1331
5328 4 2 1 1 508 507 503 1097
5329 4 2 1 1 656 916 1196 1250
5330 4 2 1 1 453 1319 146 1366
5331 4 2 1 1 404 1007 410 1184
5332 4 2 1 1 313 1167 826 1344
5333 4 2 1 1 249 1144 246 1216
5334 4 2 1 1 364 365 130 1039
5335 4 2 1 1 902 1243 615 1368
5336 4 2 1 1 826 724 1236 1304
5337 4 2 1 1 696 848 1098 1363
5338 4 2 1 1 732 867 1089 1331
5339 4 2 1 1 309 311 308 1346
5340 4 2 1 1 266 265 972 1369
5341 4 2 1 1 443 1169 978 1228
5342 4 2 1 1 846 1136 331 1357
5343 4 2 1 1 435 434 433 968
5344 4 2 1 1 146 364 1039 1319
5345 4 2 1 1 126 454 455 945
5346 4 2 1 1 548 950 553 1368
5347 4 2 1 1 830 1192 712 1349
5348 4 2 1 1 651 874 1185 1259
5349 4 2 1 1 568 564 72 1048
5350 4 2 1 1 653 944 1230 1340
5351 4 2 1 1 489 488 484 1112
5352 4 2 1 1 762 1036 995 1285
5353 4 2 1 1 588 589 593 1318
5354 4 2 1 1 852 1285 995 1297
5355 4 2 1 1 646 1041 894 1310
5356 4 2 1 1 352 150 350 1093
5357 4 2 1 1 578 573 579 935
5358 4 2 1 1 482 486 481 1182
5359 4 2 1 1 748 1062 865 1168
5360 4 2 1 1 659 871 1032 1347
5361 4 2 1 1 445 451 450 869
5362 4 2 1 1 64 562 65 1022
5363 4 2 1 1 733 1093 841 1370
5364 4 2 1 1 548 544 549 1044
5365 4 2 1 1 931 1235 792 1334
5366 4 2 1 1 989 1128 774 1311
5367 4 2 1 1 760 1299 823 1320
5368 4 2 1 1 709 1343 920 1344
5369 4 2 1 1 730 1051 903 1373
5370 4 2 1 1 535 1256 1120 1303
5371 4 2 1 1 356 352 353 1093
5372 4 2 1 1 15 1324 598 1374
5373 4 2 1 1 732 926 1089 1230
5374 4 2 1 1 172 171 372 1254
5375 4 2 1 1 651 1124 893 1222
5376 4 2 1 1 758 931 1079 1246
5377 4 2 1 1 256 255 251 1269
5378 4 2 1 1 653 1175 834 1340
5379 4 2 1 1 728 858 1207 1362
5380 4 2 1 1 845 1245 1141 1323
5381 4 2 1 1 731 897 1106 1362
5382 4 2 1 1 652 823 1299 1320
5383 4 2 1 1 834 944 1300 1340
5384 4 2 1 1 650 927 1002 1131
5385 4 2 1 1 569 932 1328 1353
5386 4 2 1 1 709 920 1190 1344
5387 4 2 1 1 649 1009 1070 1249
5388 4 2 1 1 705 972 1311 1369
5389 4 2 1 1 692 1089 926 1230
5390 4 2 1 1 440 445 444 1232
5391 4 2 1 1 36 604 37 1120
5392 4 2 1 1 120 397 401 1241
5393 4 2 1 1 470 74 469 1036
5394 4 2 1 1 408 101 407 1237
5395 4 2 1 1 99 98 497 1164
5396 4 2 1 1 91 531 92 1219
5397 4 2 1 1 476 478 113 1266
5398 4 2 1 1 886 694 1110 1237
5399 4 2 1 1 653 1300 944 1340
5400 4 2 1 1 57 494 56 1234
5401 4 2 1 1 229 230 234 1078
5402 4 2 1 1 67 554 66 1302
5403 4 2 1 1 224 988 1235 1307
5404 4 2 1 1 718 1188 1243 1368
5405 4 2 1 1 764 1070 1009 1249
5406 4 2 1 1 292 297 296 1217
5407 4 2 1 1 419 416 420 1121
5408 4 2 1 1 156 421 417 1215
5409 4 2 1 1 772 1176 1063 1351
5410 4 2 1 1 238 233 239 922
5411 4 2 1 1 765 1084 887 1149
5412 4 2 1 1 266 267 269 972
5413 4 2 1 1 696 891 1165 1363
5414 4 2 1 1 490 491 60 1000
5415 4 2 1 1 274 205 206 1262
5416 4 2 1 1 372 374 371 921
5417 4 2 1 1 127 1240 367 1272
5418 4 2 1 1 286 189 288 974
5419 4 2 1 1 931 1214 744 1305
5420 4 2 1 1 871 1032 756 1278
5421 4 2 1 1 528 533 982 1372
5422 4 2 1 1 539 538 540 1072
5423 4 2 1 1 728 1165 891 1247
5424 4 2 1 1 462 458 459 1209
5425 4 2 1 1 879 1186 1015 1225
5426 4 2 1 1 787 1094 1041 1310
5427 4 2 1 1 7 1258 110 1306
5428 4 2 1 1 734 1139 947 1259
5429 4 2 1 1 308 189 307 938
5430 4 2 1 1 846 710 1136 1357
5431 4 2 1 1 756 1032 871 1347
5432 4 2 1 1 64 1022 556 1326
5433 4 2 1 1 1168 1218 669 1367
5434 4 2 1 1 760 1300 1152 1333
5435 4 2 1 1 364 131 146 1039
5436 4 2 1 1 25 24 641 1227
5437 4 2 1 1 686 825 1107 1354
5438 4 2 1 1 495 1276 929 1298
5439 4 2 1 1 692 944 1089 1230
5440 4 2 1 1 740 1022 925 1130
5441 4 2 1 1 945 455 1272 1313
5442 4 2 1 1 1119 1290 870 1374
5443 4 2 1 1 214 213 1156 1373
5444 4 2 1 1 839 1168 1169 1228
5445 4 2 1 1 444 1169 443 1228
5446 4 2 1 1 144 443 448 978
5447 4 2 1 1 524 529 528 1337
5448 4 2 1 1 634 630 635 1201
5449 4 2 1 1 256 252 257 1269
5450 4 2 1 1 310 308 311 1236
5451 4 2 1 1 953 1202 717 1206
5452 4 2 1 1 196 997 321 1281
5453 4 2 1 1 896 1226 853 1359
5454 4 2 1 1 730 1156 844 1280
5455 4 2 1 1 179 180 259 1080
5456 4 2 1 1 974 1155 742 1375
5457 4 2 1 1 870 745 1119 1374
5458 4 2 1 1 982 1074 726 1372
5459 4 2 1 1 504 509 508 1097
5460 4 2 1 1 705 1244 895 1311
5461 4 2 1 1 269 273 272 1273
5462 4 2 1 1 641 642 25 909
5463 4 2 1 1 670 887 1084 1149
5464 4 2 1 1 782 914 1282 1371
5465 4 2 1 1 729 848 1119 1318
5466 4 2 1 1 875 1170 772 1171
5467 4 2 1 1 234 1078 230 1334
5468 4 2 1 1 473 467 468 1350
5469 4 2 1 1 65 556 64 1022
5470 4 2 1 1 730 1280 1051 1373
5471 4 2 1 1 404 410 409 1184
5472 4 2 1 1 494 489 495 929
5473 4 2 1 1 264 175 263 903
5474 4 2 1 1 277 278 283 1277
5475 4 2 1 1 1036 1285 702 1297
5476 4 2 1 1 376 381 380 1033
5477 4 2 1 1 968 1229 1151 1309
5478 4 2 1 1 732 1089 944 1230
5479 4 2 1 1 858 1192 576 1353
5480 4 2 1 1 700 879 1225 1250
5481 4 2 1 1 157 324 156 1215
5482 4 2 1 1 592 870 1290 1374
5483 4 2 1 1 615 1243 43 1368
5484 4 2 1 1 73 471 72 1048
5485 4 2 1 1 234 235 1078 1334
5486 4 2 1 1 761 1104 1004 1147
5487 4 2 1 1 564 73 1048 1297
5488 4 2 1 1 546 547 551 1099
5489 4 2 1 1 240 241 184 1233
5490 4 2 1 1 691 1125 873 1164
5491 4 2 1 1 599 15 598 1374
5492 4 2 1 1 895 1061 760 1138
5493 4 2 1 1 979 980 690 1288
5494 4 2 1 1 880 1300 683 1333
5495 4 2 1 1 413 412 414 905
5496 4 2 1 1 141 142 346 1045
5497 4 2 1 1 203 202 286 1155
5498 4 2 1 1 692 1089 944 1159
5499 4 2 1 1 31 624 32 1208
5500 4 2 1 1 527 87 523 1295
5501 4 2 1 1 375 170 379 1178
5502 4 2 1 1 293 298 297 1245
5503 4 2 1 1 655 1109 934 1294
5504 4 2 1 1 318 314 1338 1344
5505 4 2 1 1 197 316 198 1281
5506 4 2 1 1 122 477 123 1292
5507 4 2 1 1 177 354 178 1127
5508 4 2 1 1 43 1243 1188 1368
5509 4 2 1 1 654 1268 1017 1284
5510 4 2 1 1 105 510 106 1186
5511 4 2 1 1 732 1089 926 1331
5512 4 2 1 1 359 360 365 963
5513 4 2 1 1 168 390 384 952
5514 4 2 1 1 228 931 1235 1305
5515 4 2 1 1 149 355 148 1213
5516 4 2 1 1 925 1022 740 1328
5517 4 2 1 1 600 55 13 1276
5518 4 2 1 1 676 1086 1094 1336
5519 4 2 1 1 1015 1186 516 1342
5520 4 2 1 1 911 1256 536 1303
5521 4 2 1 1 720 1068 945 1313
5522 4 2 1 1 288 290 287 1141
5523 4 2 1 1 870 1286 597 1348
5524 4 2 1 1 858 712 1192 1353
5525 4 2 1 1 737 870 1065 1348
5526 4 2 1 1 260 261 178 1127
5527 4 2 1 1 419 415 416 1121
5528 4 2 1 1 43 1188 548 1368
5529 4 2 1 1 693 1004 993 1147
5530 4 2 1 1 159 110 7 1258
5531 4 2 1 1 194 7 160 1258
5532 4 2 1 1 710 1139 874 1259
5533 4 2 1 1 166 124 8 1040
5534 4 2 1 1 532 533 39 1074
5535 4 2 1 1 15 623 625 1324
5536 4 2 1 1 110 109 496 1306
5537 4 2 1 1 97 496 98 1306
5538 4 2 1 1 612 611 607 1203
5539 4 2 1 1 30 514 29 1154
5540 4 2 1 1 657 1101 1034 1293
5541 4 2 1 1 710 1139 947 1357
5542 4 2 1 1 369 126 1272 1360
5543 4 2 1 1 467 466 462 1183
5544 4 2 1 1 715 1047 1218 1367
5545 4 2 1 1 972 1244 705 1311
5546 4 2 1 1 760 1061 895 1320
5547 4 2 1 1 913 1258 920 1343
5548 4 2 1 1 388 1195 114 1261
5549 4 2 1 1 646 832 1310 1352
5550 4 2 1 1 48 69 4 1275
5551 4 2 1 1 132 117 4 1275
5552 4 2 1 1 455 1209 458 1313
5553 4 2 1 1 192 1343 1167 1344
5554 4 2 1 1 701 1120 1256 1303
5555 4 2 1 1 348 342 182 1205
5556 4 2 1 1 926 1089 692 1217
5557 4 2 1 1 772 1171 1176 1351
5558 4 2 1 1 708 1054 917 1350
5559 4 2 1 1 874 1134 674 1139
5560 4 2 1 1 305 162 304 1221
5561 4 2 1 1 32 511 512 1113
5562 4 2 1 1 568 72 71 1321
5563 4 2 1 1 645 1004 993 1224
5564 4 2 1 1 645 980 979 1288
5565 4 2 1 1 1104 1147 761 1172
5566 4 2 1 1 287 1141 290 1375
5567 4 2 1 1 184 333 185 1233
5568 4 2 1 1 438 150 149 1229
5569 4 2 1 1 255 254 250 1012
5570 4 2 1 1 674 1134 906 1330
5571 4 2 1 1 587 584 588 1290
5572 4 2 1 1 27 642 28 1015
5573 4 2 1 1 1006 714 1087 1194
5574 4 2 1 1 948 1081 730 1156
5575 4 2 1 1 242 183 241 1223
5576 4 2 1 1 457 458 461 1313
5577 4 2 1 1 767 1310 1094 1336
5578 4 2 1 1 625 628 16 1324
5579 4 2 1 1 202 265 209 1155
5580 4 2 1 1 213 1280 1156 1373
5581 4 2 1 1 424 423 419 1279
5582 4 2 1 1 431 425 426 961
5583 4 2 1 1 748 1168 978 1169
5584 4 2 1 1 175 176 263 1345
5585 4 2 1 1 963 1039 738 1327
5586 4 2 1 1 142 439 143 1228
5587 4 2 1 1 749 966 1091 1220
5588 4 2 1 1 537 35 536 1256
5589 4 2 1 1 401 402 407 1237
5590 4 2 1 1 43 610 1188 1243
5591 4 2 1 1 440 437 441 1232
5592 4 2 1 1 871 659 1110 1347
5593 4 2 1 1 215 173 9 1283
5594 4 2 1 1 975 1144 705 1369
5595 4 2 1 1 701 1256 911 1303
5596 4 2 1 1 950 1044 718 1368
5597 4 2 1 1 228 232 231 931
5598 4 2 1 1 570 569 565 1328
5599 4 2 1 1 667 910 1291 1296
5600 4 2 1 1 264 1283 903 1373
5601 4 2 1 1 705 1216 972 1369
5602 4 2 1 1 945 1068 735 1209
5603 4 2 1 1 236 242 241 1223
5604 4 2 1 1 76 5 62 1366
5605 4 2 1 1 779 895 1061 1320
5606 4 2 1 1 294 290 291 1141
5607 4 2 1 1 709 907 1190 1260
5608 4 2 1 1 632 633 638 937
5609 4 2 1 1 534 535 37 1120
5610 4 2 1 1 577 571 572 1207
5611 4 2 1 1 456 458 455 1209
5612 4 2 1 1 275 271 276 1156
5613 4 2 1 1 576 1192 52 1353
5614 4 2 1 1 627 31 30 1208
5615 4 2 1 1 484 488 483 1112
5616 4 2 1 1 929 1234 1112 1317
5617 4 2 1 1 742 972 1155 1311
5618 4 2 1 1 711 901 1079 1223
5619 4 2 1 1 36 1120 535 1256
5620 4 2 1 1 520 518 521 1071
5621 4 2 1 1 540 543 542 1072
5622 4 2 1 1 439 444 443 1228
5623 4 2 1 1 192 317 1343 1344
5624 4 2 1 1 19 595 18 1322
5625 4 2 1 1 200 1307 199 1346
5626 4 2 1 1 440 436 437 1151
5627 4 2 1 1 709 1190 920 1260
5628 4 2 1 1 19 1 54 1308
5629 4 2 1 1 1 41 68 1308
5630 4 2 1 1 584 581 582 1363
5631 4 2 1 1 131 5 146 1366
5632 4 2 1 1 541 544 44 1188
5633 4 2 1 1 530 1219 531 1303
5634 4 2 1 1 1085 1107 686 1271
5635 4 2 1 1 301 207 296 926
5636 4 2 1 1 528 534 533 1372
5637 4 2 1 1 244 210 246 1369
5638 4 2 1 1 661 1220 1073 1267
5639 4 2 1 1 726 1176 1063 1212
5640 4 2 1 1 534 1120 37 1372
5641 4 2 1 1 212 249 211 1216
5642 4 2 1 1 104 516 1186 1342
5643 4 2 1 1 760 1013 1300 1333
5644 4 2 1 1 265 267 266 972
5645 4 2 1 1 300 305 299 992
5646 4 2 1 1 405 410 404 1007
5647 4 2 1 1 597 1286 17 1348
5648 4 2 1 1 917 1054 731 1180
5649 4 2 1 1 399 398 395 1115
5650 4 2 1 1 338 344 343 923
5651 4 2 1 1 766 1077 946 1352
5652 4 2 1 1 249 246 211 1216
5653 4 2 1 1 1022 1302 740 1328
5654 4 2 1 1 462 461 458 1183
5655 4 2 1 1 432 153 83 1005
5656 4 2 1 1 880 1152 653 1300
5657 4 2 1 1 37 607 38 1203
5658 4 2 1 1 92 526 93 1219
5659 4 2 1 1 196 327 321 997
5660 4 2 1 1 483 487 482 1182
5661 4 2 1 1 380 385 133 1239
5662 4 2 1 1 701 1170 1009 1171
5663 4 2 1 1 137 371 136 1332
5664 4 2 1 1 234 230 235 1334
5665 4 2 1 1 1063 1176 726 1351
5666 4 2 1 1 758 1079 901 1246
5667 4 2 1 1 279 278 274 1262
5668 4 2 1 1 49 581 50 1247
5669 4 2 1 1 629 626 630 1201
5670 4 2 1 1 614 609 610 1243
5671 4 2 1 1 266 210 265 1369
5672 4 2 1 1 720 945 1272 1313
5673 4 2 1 1 1112 1234 791 1317
5674 4 2 1 1 624 626 623 998
5675 4 2 1 1 145 6 90 1335
5676 4 2 1 1 47 6 82 1335
5677 4 2 1 1 470 464 465 958
5678 4 2 1 1 548 43 544 1188
5679 4 2 1 1 707 904 1043 1277
5680 4 2 1 1 472 467 473 1180
5681 4 2 1 1 955 1065 712 1349
5682 4 2 1 1 590 591 1348 1349
5683 4 2 1 1 692 1217 1075 1262
5684 4 2 1 1 564 561 73 1297
5685 4 2 1 1 575 576 52 1353
5686 4 2 1 1 453 147 146 1319
5687 4 2 1 1 27 1015 516 1342
5688 4 2 1 1 536 1256 535 1303
5689 4 2 1 1 767 1094 1086 1336
5690 4 2 1 1 756 1017 1268 1284
5691 4 2 1 1 565 66 65 1328
5692 4 2 1 1 153 432 154 1005
5693 4 2 1 1 435 437 434 1151
5694 4 2 1 1 176 1231 177 1345
5695 4 2 1 1 122 394 121 1092
5696 4 2 1 1 683 1032 1189 1284
5697 4 2 1 1 1207 1321 935 1362
5698 4 2 1 1 714 1226 896 1359
5699 4 2 1 1 241 183 184 1059
5700 4 2 1 1 712 1065 1003 1200
5701 4 2 1 1 171 170 375 1133
5702 4 2 1 1 258 1280 213 1373
5703 4 2 1 1 190 189 308 1236
5704 4 2 1 1 560 63 559 995
5705 4 2 1 1 369 126 368 1272
5706 4 2 1 1 282 170 171 1133
5707 4 2 1 1 623 626 625 998
5708 4 2 1 1 823 1161 1146 1315
5709 4 2 1 1 406 102 103 1021
5710 4 2 1 1 272 277 276 1273
5711 4 2 1 1 994 688 1220 1267
5712 4 2 1 1 33 32 622 1113
5713 4 2 1 1 725 1304 877 1346
5714 4 2 1 1 709 907 1177 1190
5715 4 2 1 1 139 140 348 1001
5716 4 2 1 1 127 367 368 1272
5717 4 2 1 1 715 1218 1168 1367
5718 4 2 1 1 52 1192 586 1349
5719 4 2 1 1 204 289 1075 1375
5720 4 2 1 1 127 1272 455 1313
5721 4 2 1 1 279 274 206 1262
5722 4 2 1 1 505 107 106 1111
5723 4 2 1 1 63 64 557 1326
5724 4 2 1 1 52 590 53 1349
5725 4 2 1 1 351 353 350 1093
5726 4 2 1 1 596 597 17 1348
5727 4 2 1 1 1032 1189 756 1278
5728 4 2 1 1 29 636 631 1154
5729 4 2 1 1 530 535 529 1303
5730 4 2 1 1 275 214 213 1156
5731 4 2 1 1 711 1205 901 1223
5732 4 2 1 1 259 180 222 1080
5733 4 2 1 1 300 192 193 1343
5734 4 2 1 1 348 140 347 1001
5735 4 2 1 1 942 1161 823 1315
5736 4 2 1 1 115 386 387 1261
5737 4 2 1 1 353 357 356 1122
5738 4 2 1 1 713 929 1112 1317
5739 4 2 1 1 907 736 1190 1260
5740 4 2 1 1 834 1175 1100 1340
5741 4 2 1 1 72 472 71 1180
5742 4 2 1 1 200 199 309 1346
5743 4 2 1 1 737 1065 955 1348
5744 4 2 1 1 314 311 315 1338
5745 4 2 1 1 93 334 92 1263
5746 4 2 1 1 737 1286 870 1348
5747 4 2 1 1 990 1119 745 1374
5748 4 2 1 1 129 366 128 1327
5749 4 2 1 1 319 315 320 1338
5750 4 2 1 1 203 287 204 1375
5751 4 2 1 1 231 230 227 1334
5752 4 2 1 1 155 421 156 1069
5753 4 2 1 1 141 434 436 1151
5754 4 2 1 1 404 400 405 1007
5755 4 2 1 1 403 408 402 1237
5756 4 2 1 1 585 59 1098 1363
5757 4 2 1 1 386 380 381 1033
5758 4 2 1 1 649 1170 1009 1249
5759 4 2 1 1 1044 1188 718 1368
5760 4 2 1 1 44 43 610 1188
5761 4 2 1 1 196 195 327 997
5762 4 2 1 1 299 305 304 992
5763 4 2 1 1 103 102 511 1021
5764 4 2 1 1 960 721 1218 1309
5765 4 2 1 1 756 1189 1032 1284
5766 4 2 1 1 1093 1122 841 1370
5767 4 2 1 1 127 1240 1272 1313
5768 4 2 1 1 534 37 38 1372
5769 4 2 1 1 283 169 1178 1277
5770 4 2 1 1 590 591 596 1348
5771 4 2 1 1 508 503 504 1097
5772 4 2 1 1 1144 1216 705 1369
5773 4 2 1 1 192 1167 313 1344
5774 4 2 1 1 390 168 167 1364
5775 4 2 1 1 340 339 335 1361
5776 4 2 1 1 771 1218 1047 1367
5777 4 2 1 1 399 403 398 1115
5778 4 2 1 1 897 731 1321 1362
5779 4 2 1 1 645 1224 993 1289
5780 4 2 1 1 1067 1253 781 1356
5781 4 2 1 1 423 428 422 1091
5782 4 2 1 1 1073 1220 688 1267
5783 4 2 1 1 473 70 71 1180
5784 4 2 1 1 273 277 272 1273
5785 4 2 1 1 727 1263 923 1330
5786 4 2 1 1 215 1283 264 1373
5787 4 2 1 1 214 258 213 1373
5788 4 2 1 1 461 466 465 1183
5789 4 2 1 1 59 492 58 1098
5790 4 2 1 1 1007 1184 807 1210
5791 4 2 1 1 424 420 425 1279
5792 4 2 1 1 370 137 138 1028
5793 4 2 1 1 1189 1268 785 1284
5794 4 2 1 1 487 486 482 1182
5795 4 2 1 1 388 114 387 1261
5796 4 2 1 1 976 1193 783 1288
5797 4 2 1 1 683 1300 1013 1333
5798 4 2 1 1 430 85 86 1312
5799 4 2 1 1 634 633 629 1201
5800 4 2 1 1 56 495 55 1276
5801 4 2 1 1 920 1190 736 1260
5802 4 2 1 1 627 624 31 1208
5803 4 2 1 1 613 608 609 1153
5804 4 2 1 1 40 532 39 1074
5805 4 2 1 1 289 205 204 1075
5806 4 2 1 1 62 559 63 995
5807 4 2 1 1 163 162 400 1221
5808 4 2 1 1 155 156 325 1069
5809 4 2 1 1 530 526 531 1219
5810 4 2 1 1 52 51 586 1192
5811 4 2 1 1 744 1235 931 1305
5812 4 2 1 1 489 119 495 1298
5813 4 2 1 1 929 1276 750 1298
5814 4 2 1 1 993 1224 754 1289
5815 4 2 1 1 938 1236 724 1304
5816 4 2 1 1 1016 1307 725 1346
5817 4 2 1 1 935 1321 731 1362
5818 4 2 1 1 148 447 442 1213
5819 4 2 1 1 106 107 418 1111
5820 4 2 1 1 260 254 255 1012
5821 4 2 1 1 183 337 184 1059
5822 4 2 1 1 732 1230 944 1340
5823 4 2 1 1 94 331 1136 1357
5824 4 2 1 1 329 330 332 1357
5825 4 2 1 1 729 1119 990 1318
5826 4 2 1 1 600 599 594 990
5827 4 2 1 1 34 601 35 1038
5828 4 2 1 1 209 210 244 1369
5829 4 2 1 1 20 637 21 1019
5830 4 2 1 1 127 457 1240 1313
5831 4 2 1 1 1089 1217 926 1331
5832 4 2 1 1 502 101 100 1103
5833 4 2 1 1 262 176 177 1345
5834 4 2 1 1 318 313 314 1344
5835 4 2 1 1 733 1229 968 1309
5836 4 2 1 1 520 85 518 1312
5837 4 2 1 1 725 938 1304 1346
5838 4 2 1 1 249 248 246 1144
5839 4 2 1 1 720 1272 1240 1313
5840 4 2 1 1 527 528 533 982
5841 4 2 1 1 573 71 70 1321
5842 4 2 1 1 209 265 210 1369
5843 4 2 1 1 536 530 531 1303
5844 4 2 1 1 270 204 205 1075
5845 4 2 1 1 729 1234 929 1317
5846 4 2 1 1 811 1122 1093 1370
5847 4 2 1 1 548 553 42 1368
5848 4 2 1 1 519 521 518 1071
5849 4 2 1 1 240 185 239 1233
5850 4 2 1 1 28 516 27 1015
5851 4 2 1 1 127 126 455 1272
5852 4 2 1 1 74 561 559 1297
5853 4 2 1 1 1025 1054 708 1358
5854 4 2 1 1 737 1322 1286 1348
5855 4 2 1 1 22 639 23 1090
5856 4 2 1 1 516 105 104 1186
5857 4 2 1 1 414 157 417 1215
5858 4 2 1 1 480 122 121 1092
5859 4 2 1 1 50 583 51 1247
5860 4 2 1 1 35 602 36 1256
5861 4 2 1 1 192 313 317 1344
5862 4 2 1 1 39 38 611 1203
5863 4 2 1 1 1152 1300 880 1333
5864 4 2 1 1 338 334 339 1263
5865 4 2 1 1 547 552 551 1099
5866 4 2 1 1 377 374 378 1242
5867 4 2 1 1 310 191 190 1236
5868 4 2 1 1 178 261 177 1127
5869 4 2 1 1 115 114 481 1261
5870 4 2 1 1 36 37 535 1120
5871 4 2 1 1 585 59 58 1098
5872 4 2 1 1 364 147 359 1319
5873 4 2 1 1 605 609 608 1153
5874 4 2 1 1 285 208 167 1364
5875 4 2 1 1 42 615 43 1368
5876 4 2 1 1 490 60 61 1000
5877 4 2 1 1 444 450 449 1169
5878 4 2 1 1 134 376 380 1239
5879 4 2 1 1 283 169 170 1178
5880 4 2 1 1 292 206 205 1217
5881 4 2 1 1 136 459 456 1209
5882 4 2 1 1 192 295 191 1167
5883 4 2 1 1 360 366 365 1327
5884 4 2 1 1 341 340 336 1361
5885 4 2 1 1 709 1167 1343 1344
5886 4 2 1 1 1068 1209 945 1313
5887 4 2 1 1 392 123 391 1292
5888 4 2 1 1 441 446 445 1232
5889 4 2 1 1 536 36 535 1256
5890 4 2 1 1 193 317 322 1343
5891 4 2 1 1 364 130 131 1039
5892 4 2 1 1 23 640 24 1227
5893 4 2 1 1 591 597 596 1348
5894 4 2 1 1 197 196 321 1281
5895 4 2 1 1 377 378 382 1242
5896 4 2 1 1 262 257 263 1345
5897 4 2 1 1 449 443 444 1169
5898 4 2 1 1 948 1156 730 1373
5899 4 2 1 1 283 284 169 1277
5900 4 2 1 1 968 1151 721 1309
5901 4 2 1 1 173 172 370 1254
5902 4 2 1 1 356 357 361 1122
5903 4 2 1 1 294 299 298 1245
5904 4 2 1 1 127 457 128 1240
5905 4 2 1 1 120 484 121 1241
5906 4 2 1 1 586 591 590 1349
5907 4 2 1 1 501 108 107 1191
5908 4 2 1 1 177 358 354 1231
5909 4 2 1 1 150 435 151 1229
5910 4 2 1 1 423 429 428 1091
5911 4 2 1 1 728 1207 935 1362
5912 4 2 1 1 75 469 74 1036
5913 4 2 1 1 737 955 1322 1348
5914 4 2 1 1 664 1282 1174 1371
5915 4 2 1 1 50 577 578 1207
5916 4 2 1 1 136 373 135 1332
5917 4 2 1 1 213 271 275 1156
5918 4 2 1 1 99 410 98 1184
5919 4 2 1 1 94 93 522 1136
5920 4 2 1 1 388 113 114 1195
5921 4 2 1 1 500 499 497 1164
5922 4 2 1 1 143 443 144 1228
5923 4 2 1 1 338 91 92 1263
5924 4 2 1 1 756 1268 1189 1284
5925 4 2 1 1 43 615 610 1243
5926 4 2 1 1 493 57 58 1234
5927 4 2 1 1 309 312 311 1346
5928 4 2 1 1 1070 1168 865 1367
5929 4 2 1 1 424 419 420 1279
5930 4 2 1 1 1079 1223 901 1246
5931 4 2 1 1 18 632 637 1322
5932 4 2 1 1 587 592 591 1290
5933 4 2 1 1 288 291 290 1141
5934 4 2 1 1 104 27 516 1342
5935 4 2 1 1 335 332 336 1361
5936 4 2 1 1 94 329 331 1357
5937 4 2 1 1 317 318 323 1344
5938 4 2 1 1 155 326 154 1238
5939 4 2 1 1 22 23 619 1090
5940 4 2 1 1 181 182 243 1205
5941 4 2 1 1 203 265 202 1155
5942 4 2 1 1 715 1168 1070 1367
5943 4 2 1 1 990 1318 1119 1374
5944 4 2 1 1 146 147 364 1319
5945 4 2 1 1 172 372 370 1254
5946 4 2 1 1 653 1026 1175 1340
5947 4 2 1 1 289 287 290 1375
5948 4 2 1 1 17 16 628 1286
5949 4 2 1 1 73 72 564 1048
5950 4 2 1 1 127 128 367 1240
5951 4 2 1 1 391 124 166 1040
5952 4 2 1 1 100 101 408 1103
5953 4 2 1 1 501 498 108 1191
5954 4 2 1 1 365 129 130 1327
5955 4 2 1 1 392 122 123 1292
5956 4 2 1 1 231 236 235 1334
5957 4 2 1 1 2 104 89 1342
5958 4 2 1 1 45 606 603 1226
5959 4 2 1 1 479 476 477 1266
5960 4 2 1 1 214 215 264 1373
5961 4 2 1 1 197 321 316 1281
5962 4 2 1 1 86 87 429 1295
5963 4 2 1 1 540 542 539 1072
5964 4 2 1 1 73 561 74 1297
5965 4 2 1 1 575 569 570 1353
5966 4 2 1 1 248 252 251 1269
5967 4 2 1 1 551 557 556 1326
5968 4 2 1 1 248 245 246 1144
5969 4 2 1 1 572 568 573 1321
5970 4 2 1 1 52 586 590 1349
5971 4 2 1 1 318 314 319 1338
5972 4 2 1 1 406 118 119 1298
5973 4 2 1 1 24 640 641 1227
5974 4 2 1 1 56 55 600 1276
5975 4 2 1 1 148 442 149 1213
5976 4 2 1 1 18 637 19 1322
5977 4 2 1 1 388 389 113 1195
5978 4 2 1 1 546 550 545 1251
5979 4 2 1 1 94 331 93 1136
5980 4 2 1 1 17 597 16 1286
5981 4 2 1 1 206 292 296 1217
5982 4 2 1 1 199 312 309 1346
5983 4 2 1 1 533 534 38 1372
5984 4 2 1 1 278 284 283 1277
5985 4 2 1 1 33 511 32 1113
5986 4 2 1 1 134 468 463 1350
5987 4 2 1 1 542 546 545 1251
5988 4 2 1 1 66 569 67 1328
5989 4 2 1 1 192 191 313 1167
5990 4 2 1 1 168 284 285 1364
5991 4 2 1 1 371 373 136 1332
5992 4 2 1 1 530 536 535 1303
5993 4 2 1 1 585 582 59 1363
5994 4 2 1 1 52 576 51 1192
5995 4 2 1 1 16 598 15 1324
5996 4 2 1 1 163 304 162 1221
5997 4 2 1 1 468 467 463 1350
5998 4 2 1 1 218 247 219 1305
5999 4 2 1 1 232 237 236 1246
6000 4 2 1 1 510 105 516 1186
6001 4 2 1 1 193 192 317 1343
6002 4 2 1 1 232 220 237 1246
6003 4 2 1 1 99 409 410 1184
6004 4 2 1 1 352 350 353 1093
6005 4 2 1 1 228 227 225 1235
6006 4 2 1 1 78 547 79 1314
6007 4 2 1 1 589 594 593 1318
6008 4 2 1 1 327 154 326 1238
6009 4 2 1 1 589 57 594 1318
6010 4 2 1 1 494 57 493 1234
6011 4 2 1 1 224 225 227 1235
6012 4 2 1 1 117 116 490 1301
6013 4 2 1 1 204 287 289 1375
6014 4 2 1 1 1156 1280 730 1373
6015 4 2 1 1 116 485 490 1301
6016 4 2 1 1 499 99 497 1164
6017 4 2 1 1 29 631 30 1154
6018 4 2 1 1 164 393 165 1270
6019 4 2 1 1 554 549 555 1302
6020 4 2 1 1 121 397 120 1241
6021 4 2 1 1 228 218 219 1305
6022 4 2 1 1 358 177 176 1231
6023 4 2 1 1 348 182 181 1205
6024 4 2 1 1 212 213 253 1280
6025 4 2 1 1 97 7 110 1306
6026 4 2 1 1 258 253 213 1280
6027 4 2 1 1 521 525 524 1337
6028 4 2 1 1 603 46 45 1226
6029 4 2 1 1 588 592 587 1290
6030 4 2 1 1 1065 955 1348 1349
6031 4 2 1 1 127 455 457 1313
6032 4 2 1 1 78 79 451 1314
6033 4 2 1 1 303 302 297 1331
6034 4 2 1 1 296 297 302 1331
6035 4 2 1 1 583 50 581 1247
6036 4 2 1 1 408 407 402 1237
6037 4 2 1 1 294 298 293 1245
6038 4 2 1 1 224 226 199 1307
6039 4 2 1 1 164 165 302 1270
6040 4 2 1 1 479 478 476 1266
6041 4 2 1 1 86 85 520 1312
6042 4 2 1 1 369 125 126 1360
6043 4 2 1 1 570 576 575 1353
6044 4 2 1 1 157 156 417 1215
6045 4 2 1 1 64 556 557 1326
6046 4 2 1 1 531 526 92 1219
6047 4 2 1 1 379 170 169 1178
6048 4 2 1 1 264 258 214 1373
6049 4 2 1 1 629 630 634 1201
6050 4 2 1 1 86 523 87 1295
6051 4 2 1 1 438 435 150 1229
6052 4 2 1 1 440 441 445 1232
6053 4 2 1 1 456 459 458 1209
6054 4 2 1 1 461 462 466 1183
6055 4 2 1 1 184 185 240 1233
6056 4 2 1 1 577 572 578 1207
6057 4 2 1 1 200 224 199 1307
6058 4 2 1 1 194 322 159 1258
6059 4 2 1 1 369 174 125 1360
6060 4 2 1 1 614 610 615 1243
6061 4 2 1 1 585 584 582 1363
6062 4 2 1 1 132 69 474 1275
6063 4 2 1 1 434 437 436 1151
6064 4 2 1 1 310 190 308 1236
6065 4 2 1 1 256 251 252 1269
6066 4 2 1 1 43 548 42 1368
6067 4 2 1 1 38 607 611 1203
6068 4 2 1 1 592 593 598 1374
6069 4 2 1 1 44 544 43 1188
6070 4 2 1 1 264 215 174 1283
6071 4 2 1 1 473 71 472 1180
6072 4 2 1 1 554 555 66 1302
6073 4 2 1 1 2 27 104 1342
6074 4 2 1 1 453 146 76 1366
6075 4 2 1 1 439 443 143 1228
6076 4 2 1 1 329 332 331 1357
6077 4 2 1 1 529 524 525 1337
6078 4 2 1 1 68 574 54 1308
6079 4 2 1 1 457 455 458 1313
6080 4 2 1 1 127 368 126 1272
6081 4 2 1 1 495 119 118 1298
6082 4 2 1 1 448 82 145 1335
6083 4 2 1 1 262 263 176 1345
6084 4 2 1 1 625 16 15 1324
6085 4 2 1 1 66 565 569 1328
6086 4 2 1 1 380 133 134 1239
6087 4 2 1 1 235 230 231 1334
6088 4 2 1 1 36 536 35 1256
6089 4 2 1 1 599 598 593 1374
6090 4 2 1 1 115 387 114 1261
6091 4 2 1 1 159 7 194 1258
6092 4 2 1 1 132 4 69 1275
6093 4 2 1 1 315 319 314 1338
6094 4 2 1 1 573 568 71 1321
6095 4 2 1 1 338 92 334 1263
6096 4 2 1 1 174 215 9 1283
6097 4 2 1 1 335 336 340 1361
6098 4 2 1 1 110 496 97 1306
6099 4 2 1 1 317 313 318 1344
6100 4 2 1 1 365 366 129 1327
6101 4 2 1 1 76 146 5 1366
6102 4 2 1 1 54 1 68 1308
6103 4 2 1 1 285 167 168 1364
6104 4 2 1 1 6 145 82 1335
6105 4 2 1 1 922 910 1078 734
6106 4 2 1 1 922 1078 910 706
6107 4 2 1 1 1314 77 452 78
6108 4 2 1 1 1314 452 77 969
6109 4 2 1 1 1202 379 952 1178
6110 4 2 1 1 1202 952 379 383
6111 4 2 1 1 1149 814 1116 884
6112 4 2 1 1 1149 1116 814 685
6113 4 2 1 1 111 952 112 390
6114 4 2 1 1 112 952 111 936
6115 4 2 1 1 902 1308 950 41
6116 4 2 1 1 950 1308 902 754
6117 4 2 1 1 620 1019 621 21
6118 4 2 1 1 621 1019 620 902
6119 4 2 1 1 1022 560 995 64
6120 4 2 1 1 1022 995 560 852
6121 4 2 1 1 1154 909 700 1015
6122 4 2 1 1 1154 700 909 1096
6123 4 2 1 1 820 1317 791 664
6124 4 2 1 1 791 1317 820 1112
6125 4 2 1 1 719 1351 1123 915
6126 4 2 1 1 1123 1351 719 1083
6127 4 2 1 1 1343 845 300 1167
6128 4 2 1 1 1343 300 845 992
6129 4 2 1 1 1294 1116 934 655
6130 4 2 1 1 1294 934 1116 765
6131 4 2 1 1 1169 81 80 449
6132 4 2 1 1 1169 80 81 748
6133 4 2 1 1 1065 1289 737 955
6134 4 2 1 1 737 1289 1065 1003
6135 4 2 1 1 942 1264 1020 899
6136 4 2 1 1 1020 1264 942 785
6137 4 2 1 1 1290 1247 583 584
6138 4 2 1 1 1290 583 1247 830
6139 4 2 1 1 1356 657 953 1067
6140 4 2 1 1 1356 953 657 775
6141 4 2 1 1 1143 1319 963 698
6142 4 2 1 1 963 1319 1143 1039
6143 4 2 1 1 1275 61 117 4
6144 4 2 1 1 1275 117 61 1000
6145 4 2 1 1 1327 464 460 129
6146 4 2 1 1 1327 460 464 958
6147 4 2 1 1 1335 34 47 6
6148 4 2 1 1 1335 47 34 1038
6149 4 2 1 1 1149 980 802 685
6150 4 2 1 1 1149 802 980 768
6151 4 2 1 1 1040 301 208 166
6152 4 2 1 1 1040 208 301 926
6153 4 2 1 1 1237 101 1021 1103
6154 4 2 1 1 1237 1021 101 407
6155 4 2 1 1 1294 884 1119 729
6156 4 2 1 1 1119 884 1294 996
6157 4 2 1 1 1119 990 1294 729
6158 4 2 1 1 1294 990 1119 996
6159 4 2 1 1 1270 166 391 165
6160 4 2 1 1 1270 391 166 1040
6161 4 2 1 1 1070 1194 865 748
6162 4 2 1 1 865 1194 1070 1006
6163 4 2 1 1 1086 1204 999 771
6164 4 2 1 1 999 1204 1086 825
6165 4 2 1 1 1211 1001 968 777
6166 4 2 1 1 1211 968 1001 721
6167 4 2 1 1 1254 751 1283 948
6168 4 2 1 1 1254 1283 751 1028
6169 4 2 1 1 1239 135 376 824
6170 4 2 1 1 1239 376 135 134
6171 4 2 1 1 1027 1193 1011 778
6172 4 2 1 1 1011 1193 1027 690
6173 4 2 1 1 1366 75 131 5
6174 4 2 1 1 1366 131 75 1036
6175 4 2 1 1 1019 621 41 902
6176 4 2 1 1 1019 41 621 20
6177 4 2 1 1 1335 343 978 923
6178 4 2 1 1 1335 978 343 145
6179 4 2 1 1 144 978 343 923
6180 4 2 1 1 144 343 978 145
6181 4 2 1 1 1356 1081 689 1253
6182 4 2 1 1 1356 689 1081 1008
6183 4 2 1 1 1355 950 740 1044
6184 4 2 1 1 1355 740 950 976
6185 4 2 1 1 925 571 897 566
6186 4 2 1 1 925 897 571 858
6187 4 2 1 1 1373 751 730 948
6188 4 2 1 1 1373 730 751 903
6189 4 2 1 1 1308 20 19 1
6190 4 2 1 1 1308 19 20 1019
6191 4 2 1 1 1179 768 644 887
6192 4 2 1 1 1179 644 768 924
6193 4 2 1 1 1339 784 708 1101
6194 4 2 1 1 1339 708 784 1025
6195 4 2 1 1 1356 1035 681 781
6196 4 2 1 1 1356 681 1035 775
6197 4 2 1 1 853 1359 1058 671
6198 4 2 1 1 853 1058 1359 1087
6199 4 2 1 1 808 1058 1359 671
6200 4 2 1 1 808 1359 1058 1087
6201 4 2 1 1 1154 28 515 29
6202 4 2 1 1 1154 515 28 1015
6203 4 2 1 1 1151 140 968 1001
6204 4 2 1 1 1151 968 140 434
6205 4 2 1 1 1146 1042 864 842
6206 4 2 1 1 1146 864 1042 681
6207 4 2 1 1 1314 748 1062 868
6208 4 2 1 1 1314 1062 748 869
6209 4 2 1 1 169 1364 284 168
6210 4 2 1 1 284 1364 169 1277
6211 4 2 1 1 940 1086 960 648
6212 4 2 1 1 960 1086 940 767
6213 4 2 1 1 1274 956 1197 661
6214 4 2 1 1 1274 1197 956 776
6215 4 2 1 1 1094 1218 1367 669
6216 4 2 1 1 1367 1218 1094 771
6217 4 2 1 1 1153 604 896 809
6218 4 2 1 1 1153 896 604 605
6219 4 2 1 1 1157 1176 1170 665
6220 4 2 1 1 1170 1176 1157 772
6221 4 2 1 1 814 655 1173 1116
6222 4 2 1 1 814 1173 655 1278
6223 4 2 1 1 790 1173 655 1116
6224 4 2 1 1 790 655 1173 1278
6225 4 2 1 1 993 1322 937 737
6226 4 2 1 1 937 1322 993 1019
6227 4 2 1 1 1212 994 726 749
6228 4 2 1 1 1212 726 994 1063
6229 4 2 1 1 1093 1122 352 841
6230 4 2 1 1 1093 352 1122 356
6231 4 2 1 1 355 352 1122 841
6232 4 2 1 1 355 1122 352 356
6233 4 2 1 1 886 1298 120 1241
6234 4 2 1 1 1167 291 295 191
6235 4 2 1 1 1167 295 291 845
6236 4 2 1 1 1292 789 687 919
6237 4 2 1 1 1292 687 789 1092
6238 4 2 1 1 1374 15 990 599
6239 4 2 1 1 1374 990 15 1324
6240 4 2 1 1 744 792 988 984
6241 4 2 1 1 988 792 744 1235
6242 4 2 1 1 992 306 161 913
6243 4 2 1 1 992 161 306 305
6244 4 2 1 1 1257 1085 1132 658
6245 4 2 1 1 1257 1132 1085 796
6246 4 2 1 1 1000 582 580 891
6247 4 2 1 1 1000 580 582 60
6248 4 2 1 1 1187 1189 1020 683
6249 4 2 1 1 1020 1189 1187 790
6250 4 2 1 1 1369 774 209 1155
6251 4 2 1 1 1369 209 774 975
6252 4 2 1 1 1249 701 1170 1009
6253 4 2 1 1 1249 1170 701 1030
6254 4 2 1 1 1120 607 604 37
6255 4 2 1 1 1120 604 607 809
6256 4 2 1 1 928 1218 960 721
6257 4 2 1 1 960 1218 928 771
6258 4 2 1 1 1345 261 177 262
6259 4 2 1 1 1345 177 261 1127
6260 4 2 1 1 1301 385 386 951
6261 4 2 1 1 1301 386 385 116
6262 4 2 1 1 333 1059 1233 184
6263 4 2 1 1 1233 1059 333 885
6264 4 2 1 1 1233 1291 1078 804
6265 4 2 1 1 1078 1291 1233 734
6266 4 2 1 1 1271 825 686 991
6267 4 2 1 1 1271 686 825 1107
6268 4 2 1 1 1280 257 805 1051
6269 4 2 1 1 1280 805 257 253
6270 4 2 1 1 252 805 257 1051
6271 4 2 1 1 252 257 805 253
6272 4 2 1 1 282 1277 277 283
6273 4 2 1 1 277 1277 282 821
6274 4 2 1 1 1185 1354 723 800
6275 4 2 1 1 723 1354 1185 780
6276 4 2 1 1 1314 543 80 868
6277 4 2 1 1 1314 80 543 79
6278 4 2 1 1 1245 304 299 298
6279 4 2 1 1 1245 299 304 992
6280 4 2 1 1 1258 158 322 159
6281 4 2 1 1 1258 322 158 920
6282 4 2 1 1 803 700 879 1154
6283 4 2 1 1 803 879 700 1250
6284 4 2 1 1 1324 597 870 1286
6285 4 2 1 1 1324 870 597 598
6286 4 2 1 1 1221 303 1270 163
6287 4 2 1 1 1221 1270 303 867
6288 4 2 1 1 1105 810 704 1069
6289 4 2 1 1 1105 704 810 1274
6290 4 2 1 1 67 1308 574 68
6291 4 2 1 1 574 1308 67 932
6292 4 2 1 1 1372 1120 535 534
6293 4 2 1 1 535 1120 1372 829
6294 4 2 1 1 535 529 1372 534
6295 4 2 1 1 1372 529 535 829
6296 4 2 1 1 1329 730 864 1023
6297 4 2 1 1 1329 864 730 962
6298 4 2 1 1 1320 918 760 1299
6299 4 2 1 1 1320 760 918 895
6300 4 2 1 1 376 1242 373 377
6301 4 2 1 1 373 1242 376 824
6302 4 2 1 1 527 1074 533 532
6303 4 2 1 1 533 1074 527 982
6304 4 2 1 1 1091 427 88 428
6305 4 2 1 1 1091 88 427 966
6306 4 2 1 1 206 926 296 207
6307 4 2 1 1 296 926 206 1217
6308 4 2 1 1 1319 148 447 147
6309 4 2 1 1 1319 447 148 1213
6310 4 2 1 1 1307 227 792 1235
6311 4 2 1 1 1307 792 227 226
6312 4 2 1 1 1299 1333 957 1013
6313 4 2 1 1 957 1333 1299 823
6314 4 2 1 1 1112 494 489 488
6315 4 2 1 1 1112 489 494 929
6316 4 2 1 1 1351 1203 1120 726
6317 4 2 1 1 1351 1120 1203 809
6318 4 2 1 1 1350 474 473 917
6319 4 2 1 1 1350 473 474 468
6320 4 2 1 1 1353 571 925 570
6321 4 2 1 1 1353 925 571 858
6322 4 2 1 1 1156 280 281 275
6323 4 2 1 1 1156 281 280 948
6324 4 2 1 1 1298 55 3 118
6325 4 2 1 1 1298 3 55 1276
6326 4 2 1 1 1297 563 560 852
6327 4 2 1 1 1297 560 563 561
6328 4 2 1 1 1326 552 551 557
6329 4 2 1 1 1326 551 552 1099
6330 4 2 1 1 1343 306 194 193
6331 4 2 1 1 1343 194 306 913
6332 4 2 1 1 1337 530 816 525
6333 4 2 1 1 1337 816 530 1303
6334 4 2 1 1 1219 816 530 525
6335 4 2 1 1 1219 530 816 1303
6336 4 2 1 1 1298 401 120 119
6337 4 2 1 1 1298 120 401 886
6338 4 2 1 1 1375 286 288 974
6339 4 2 1 1 1375 288 286 287
6340 4 2 1 1 1326 1166 964 697
6341 4 2 1 1 1326 964 1166 1099
6342 4 2 1 1 1348 18 595 1322
6343 4 2 1 1 1348 595 18 596
6344 4 2 1 1 223 1235 217 225
6345 4 2 1 1 217 1235 223 988
6346 4 2 1 1 1172 1316 1142 660
6347 4 2 1 1 1142 1316 1172 786
6348 4 2 1 1 1373 280 1156 214
6349 4 2 1 1 1373 1156 280 948
6350 4 2 1 1 1154 1316 1096 813
6351 4 2 1 1 1096 1316 1154 700
6352 4 2 1 1 595 1349 53 590
6353 4 2 1 1 53 1349 595 955
6354 4 2 1 1 1369 211 246 1216
6355 4 2 1 1 1369 246 211 210
6356 4 2 1 1 1316 1250 803 700
6357 4 2 1 1 1316 803 1250 1029
6358 4 2 1 1 966 104 89 427
6359 4 2 1 1 966 89 104 1342
6360 4 2 1 1 1176 1372 982 726
6361 4 2 1 1 982 1372 1176 829
6362 4 2 1 1 982 1212 1176 726
6363 4 2 1 1 1176 1212 982 829
6364 4 2 1 1 1350 133 134 468
6365 4 2 1 1 1350 134 133 1239
6366 4 2 1 1 1360 9 174 125
6367 4 2 1 1 1360 174 9 1283
6368 4 2 1 1 1359 701 809 896
6369 4 2 1 1 1359 809 701 1171
$EndElements
